strategy,entry_time,entry_datetime,exit_time,exit_datetime,side,entry_price,exit_price,raw_exit_price,stop_loss,take_profit,size,gross_pnl,fees,entry_slippage,exit_slippage,slippage,funding,net_pnl,capital_after,reason,R,hold_candles,is_limit,is_fallback_market,is_partial_fill,is_adverse_selection,exit_datetime_parsed,month,entry_dt,session,expected_R,gross_R,net_R,total_friction_cost,entry_fee,exit_fee,fee_to_profit_ratio,slippage_to_profit_ratio,cost_to_atr_ratio,projected_net_R,same_candle,source_sleeve,entry_family,exit_reason_clean,r_regime,cost_regime,stress_combined_pnl,phase33_classes,cost_class,stress_class
ATR Expansion Short,1591110000000,2020-06-02 15:00:00+00:00,1591282800000,2020-06-04 15:00:00+00:00,Short,9579.7,9849.088306630898,9844.16622351914,9844.16622351914,9194.92566472129,0.437,-117.72268999770208,4.2451902449988514,2.084489999999396,2.1509503198383264,4.235440319837722,-2.3933520329338,-119.57452820976712,11219.388930450075,SL Hit,-1.0186113865364814,48,False,False,False,False,2020-06-04 15:00:00,2020-06,2020-06-02 15:00:00+00:00,NEW_YORK,1.4549091757680184,-1.0186113865364814,-1.0346346653867153,10.873982597770373,2.1225951224994257,2.1225951224994257,0.03606093477036344,0.03597811364929222,0.041116715976335025,1.3608205808564966,False,ATR Expansion Short,bb_expansion,SL_HIT,R_1_2_1_5,COST_LOW,-138.73392820976713,STRESS_DAMAGING;MONTHLY_DAMAGE,COST_ACCEPTABLE,STRESS_DAMAGING
BB Expansion Short,1591894800000,2020-06-11 17:00:00+00:00,1591894800000,2020-06-11 17:00:00+00:00,Short,9086.7,9276.409101482335,9271.7732148749,9271.7732148749,8820.838868229306,0.297,-56.34360314025389,2.7269217015701277,1.3602599999999785,1.3768583224087851,2.7371183224087634,0.0,-59.07052484182402,11160.318405608252,SL Hit,-1.0250489332590382,0,False,False,False,False,2020-06-11 17:00:00,2020-06,2020-06-11 17:00:00+00:00,NEW_YORK,1.436518687755027,-1.0250489332590382,-1.0746593242437492,5.464040023978891,1.3634608507850638,1.3634608507850638,0.04839807093596961,0.04857904304762625,0.029523667310109247,1.3371124005156019,True,BB Expansion Short,bb_expansion,SAME_CANDLE,R_1_2_1_5,COST_LOW,-77.24392484182403,STRESS_DAMAGING;MONTHLY_DAMAGE,COST_ACCEPTABLE,STRESS_DAMAGING
ATR Expansion Long,1602511200000,2020-10-12 14:00:00+00:00,1602536400000,2020-10-12 21:00:00+00:00,Long,11497.7,11712.501898130453,11718.361078669786,11341.092614220142,11718.361078669786,0.733,157.44979132962143,8.50653899566481,4.1781000000005335,4.29477933533143,8.472879335331964,0.8467374110000001,148.09651492295663,11215.238645431757,TP Hit,1.371594941456959,7,False,False,False,False,2020-10-12 21:00:00,2020-10,2020-10-12 14:00:00+00:00,NEW_YORK,1.409008122898923,1.371594941456959,1.2901155917728886,17.82615574199677,4.253269497832405,4.253269497832405,0.05402699440773697,0.05381321412864864,0.11382704368141902,1.2537188409324578,False,ATR Expansion Long,bb_expansion,TP_HIT,R_1_2_1_5,COST_MED,125.10111492295661,NEUTRAL,COST_ACCEPTABLE,STRESS_RESILIENT
ATR Expansion Short,1602597600000,2020-10-13 14:00:00+00:00,1602680400000,2020-10-14 13:00:00+00:00,Short,11345.3,11517.510032301208,11511.754155223598,11511.754155223598,11109.5687671646,0.697,-120.03039251394276,7.967689296256971,3.9659300000003546,4.011846323094463,7.977776323094818,-2.3848663520000004,-125.61321545819972,11089.625429973556,SL Hit,-1.034579353515558,23,False,False,False,False,2020-10-14 13:00:00,2020-10,2020-10-13 14:00:00+00:00,NEW_YORK,1.416193140500104,-1.034579353515558,-1.0826994440317186,18.33033197135179,3.9838446481284855,3.9838446481284855,0.06638059852492312,0.0664646357977053,0.11012240545589601,1.258198297665246,False,ATR Expansion Short,bb_expansion,SL_HIT,R_1_2_1_5,COST_MED,-148.30381545819972,STRESS_DAMAGING;MONTHLY_DAMAGE,COST_ACCEPTABLE,STRESS_DAMAGING
ATR Expansion Short,1606849200000,2020-12-01 19:00:00+00:00,1607007600000,2020-12-03 15:00:00+00:00,Short,18740.0,19577.19667711487,19567.41297062956,19567.41297062956,17523.80554405567,0.137,-114.69594476473708,2.6247279723823684,1.2905399999997609,1.3403677884877434,2.6309077884875043,-1.3443788493466,-115.97629388777284,11123.790908898232,SL Hit,-1.011824453849047,44,False,False,False,False,2020-12-03 15:00:00,2020-12,2020-12-01 19:00:00+00:00,NEW_YORK,1.4698759858924533,-1.0118244538490424,-1.0231194351564379,6.600014610216473,1.3123639861911842,1.3123639861911842,0.02288422644554852,0.0229381064333529,0.007976687391297073,1.4116519903355402,False,ATR Expansion Short,bb_expansion,SL_HIT,R_1_2_1_5,COST_LOW,-153.45629388777286,STRESS_DAMAGING;MONTHLY_DAMAGE,COST_ACCEPTABLE,STRESS_DAMAGING
ATR Expansion Short,1618423200000,2021-04-14 18:00:00+00:00,1618678800000,2021-04-17 17:00:00+00:00,Short,62338.1,59848.05202407728,59818.142952600974,64070.08803159934,59818.142952600974,0.076,189.243646170127,4.643073776914937,2.371959999999933,2.2730894321988453,4.645049432198778,-39.815688552106,224.41626094531804,13201.811544695434,TP Hit,1.437681976141242,71,False,False,False,False,2021-04-17 17:00:00,2021-04,2021-04-14 18:00:00+00:00,NEW_YORK,1.4549506124889668,1.437681976141242,1.704887958161861,49.10381176121972,2.3215368884574685,2.3215368884574685,0.024534899167715722,0.02454533891205496,0.02835112648894954,1.0819094744764728,False,ATR Expansion Short,bb_expansion,TP_HIT,R_1_2_1_5,COST_LOW,99.74006094531805,HIGH_R_KEEP,COST_ACCEPTABLE,STRESS_RESILIENT
BB Expansion Short,1631026800000,2021-09-07 15:00:00+00:00,1631026800000,2021-09-07 15:00:00+00:00,Short,47343.7,45566.40381152499,45543.631995527234,48621.89536322039,45543.631995527234,0.109,193.72528454377544,5.063600657728112,2.5778500000001587,2.482127943755775,5.059977943755934,0.0,188.6616838860473,14255.156032873703,TP Hit,1.3904730369206877,0,False,False,False,False,2021-09-07 15:00:00,2021-09,2021-09-07 15:00:00+00:00,NEW_YORK,1.4082886358917135,1.3904730369206877,1.3541287868611978,10.123578601484045,2.531800328864056,2.531800328864056,0.026138047336737334,0.026119347072697408,0.00792021227175933,1.3356261379856647,True,BB Expansion Short,bb_expansion,SAME_CANDLE,R_1_2_1_5,COST_LOW,93.97428388604732,NEUTRAL,COST_ACCEPTABLE,STRESS_RESILIENT
ATR Expansion Long,1634565600000,2021-10-18 14:00:00+00:00,1634670000000,2021-10-19 19:00:00+00:00,Long,61884.9,64331.88523382714,64364.06726746087,60181.10515502609,64364.06726746087,0.09,220.2286710444424,5.679755335522221,2.7827999999998427,2.8963830270353355,5.679183027035178,3.200739295113,211.34817641380715,15280.058887653062,TP Hit,1.4361971108467606,29,False,False,False,False,2021-10-19 19:00:00,2021-10,2021-10-18 14:00:00+00:00,NEW_YORK,1.4550855549154045,1.4361971108467608,1.3782839396373923,14.559677657670399,2.8398776677611104,2.8398776677611104,0.025790262950712895,0.025787664249624937,0.008545440609014947,1.3601362148152383,False,ATR Expansion Long,bb_expansion,TP_HIT,R_1_2_1_5,COST_LOW,87.57837641380712,NEUTRAL,COST_ACCEPTABLE,STRESS_RESILIENT
ATR Expansion Short,1634828400000,2021-10-21 15:00:00+00:00,1634914800000,2021-10-22 15:00:00+00:00,Short,63689.1,61025.82362585336,60995.32596287192,65538.01602475205,60995.32596287192,0.085,226.37849180246445,5.300384254098768,2.706400000000322,2.592301353421863,5.298701353422185,-8.157059248659,229.2351667970247,15617.006737838608,TP Hit,1.4404528591306858,24,False,False,False,False,2021-10-22 15:00:00,2021-10,2021-10-21 15:00:00+00:00,NEW_YORK,1.4569477472560297,1.4404528591306858,1.4586299643439853,18.75614485617995,2.650192127049384,2.650192127049384,0.02341381556125848,0.023406381548145384,0.010144400613702937,1.337601857683054,False,ATR Expansion Short,bb_expansion,TP_HIT,R_1_2_1_5,COST_LOW,101.85696679702471,NEUTRAL,COST_ACCEPTABLE,STRESS_RESILIENT
ATR Expansion Long,1635451200000,2021-10-28 20:00:00+00:00,1635739200000,2021-11-01 04:00:00+00:00,Long,61378.2,59538.477919410114,59568.262050435325,59568.262050435325,64016.406924347,0.086,-158.21609893072994,5.199417150534634,2.6393399999995744,2.561435268168192,5.200775268167766,14.690050783011005,-178.10556686427557,15107.18330187408,SL Hit,-1.0164558851491985,80,False,False,False,False,2021-11-01 04:00:00,2021-10,2021-10-28 20:00:00+00:00,NEW_YORK,1.4576228566186744,-1.0164558851491983,-1.144235339137569,25.090243201713406,2.599708575267317,2.599708575267317,0.032862756607410976,0.03287134054825082,0.013862488052559005,1.2964311350772906,False,ATR Expansion Long,bb_expansion,SL_HIT,R_1_2_1_5,COST_LOW,-300.8619668642756,STRESS_DAMAGING;MONTHLY_DAMAGE,COST_ACCEPTABLE,STRESS_DAMAGING
ATR Expansion Short,1636574400000,2021-11-10 20:00:00+00:00,1636578000000,2021-11-10 21:00:00+00:00,Short,66706.7,64641.96370703368,64609.65887759488,68160.34408160343,64609.65887759488,0.108,222.9915196403627,7.092827840179819,3.6039600000010688,3.4889215793895128,7.092881579390582,0.0,215.8986918001829,15493.268860108665,TP Hit,1.4203864062025628,1,False,False,False,False,2021-11-10 21:00:00,2021-11,2021-11-10 20:00:00+00:00,NEW_YORK,1.4426097481111033,1.4203864062025628,1.3752073058404748,14.1857094195704,3.5464139200899094,3.5464139200899094,0.03180761246714235,0.03180785345931483,0.009758722646827669,1.3522512050849211,False,ATR Expansion Short,bb_expansion,TP_HIT,R_1_2_1_5,COST_LOW,82.48529180018289,NEUTRAL,COST_ACCEPTABLE,STRESS_RESILIENT
ATR Expansion Short,1638291600000,2021-11-30 17:00:00+00:00,1638295200000,2021-11-30 18:00:00+00:00,Short,56786.5,58381.13397930733,58351.958000307175,58351.958000307175,54509.23799953925,0.104,-165.84193384796205,5.988716966923981,2.9494400000000605,3.034301816015853,5.983741816015914,0.0,-171.83065081488604,15801.673829121317,SL Hit,-1.0186373438280858,1,False,False,False,False,2021-11-30 18:00:00,2021-11,2021-11-30 17:00:00+00:00,NEW_YORK,1.4546937701387752,-1.0186373438280858,-1.0554213501561729,11.972458782939896,2.9943584834619905,2.9943584834619905,0.036110993329432725,0.036080993975272826,0.00764789523614856,1.381156315945039,False,ATR Expansion Short,bb_expansion,SL_HIT,R_1_2_1_5,COST_LOW,-285.4036508148861,STRESS_DAMAGING;MONTHLY_DAMAGE,COST_ACCEPTABLE,STRESS_DAMAGING
ATR Expansion Long,1643047200000,2022-01-24 18:00:00+00:00,1643169600000,2022-01-26 04:00:00+00:00,Long,35348.8,37628.56131597645,37647.38500848068,33787.026661012875,37647.38500848068,0.104,237.0951768615502,3.7948227884307753,1.833520000000484,1.9576640204405995,3.7911840204410834,1.0203138472800002,232.2800402258394,16349.366484607815,TP Hit,1.4597261068977905,34,False,False,False,False,2022-01-26 04:00:00,2022-01,2022-01-24 18:00:00+00:00,NEW_YORK,1.4717788753977603,1.4597261068977905,1.4300807098531623,8.606320656151858,1.8974113942153876,1.8974113942153876,0.016005482855717186,0.015990135567603363,0.005510608000091356,1.4187922600122664,False,ATR Expansion Long,bb_expansion,TP_HIT,R_1_2_1_5,COST_LOW,161.5824402258394,NEUTRAL,COST_ACCEPTABLE,STRESS_RESILIENT
ATR Expansion Short,1644339600000,2022-02-08 17:00:00+00:00,1644350400000,2022-02-08 20:00:00+00:00,Short,42987.8,44138.8900441356,44116.83162832144,44116.83162832144,41347.902557517846,0.15,-172.66350662033872,6.5345017533101695,3.218999999999869,3.308762372123601,6.527762372123471,0.0,-179.1980083736489,16417.40066064726,SL Hit,-1.0195374649042843,3,False,False,False,False,2022-02-08 20:00:00,2022-02,2022-02-08 17:00:00+00:00,NEW_YORK,1.4524814020668693,-1.0195374649042845,-1.058122163445312,13.06226412543364,3.2672508766550847,3.2672508766550847,0.03784529737183297,0.03780626549231996,0.011569440392784838,1.3753517994483038,False,ATR Expansion Short,bb_expansion,SL_HIT,R_1_2_1_5,COST_LOW,-265.1736083736489,STRESS_DAMAGING;MONTHLY_DAMAGE,COST_ACCEPTABLE,STRESS_DAMAGING
Low-Activity Filler Long,1647795600000,2022-03-20 17:00:00+00:00,1647828000000,2022-03-21 02:00:00+00:00,Long,41311.0,40724.986094098975,40745.358773485714,40745.358773485714,42244.22214640001,0.308,-180.49228301751577,12.633541858491242,6.344799999999552,6.274785251115623,12.619585251115176,1.2708388,-194.39666367600705,16567.40536652066,SL Hit,-1.0360169634598309,9,False,False,False,False,2022-03-21 02:00:00,2022-03,2022-03-20 17:00:00+00:00,NEW_YORK,1.6498481769988882,-1.0360169634598309,-1.115827435064325,26.523965909606417,6.316770929245621,6.316770929245621,0.06999491417184427,0.06991758894140929,0.04689185417593763,1.497601897206883,False,Low-Activity Filler Long,floor_low_activity,SL_HIT,R_1_5_2,COST_LOW,-277.01866367600707,EDGE_THICK;STRESS_DAMAGING;MONTHLY_DAMAGE,COST_ACCEPTABLE,STRESS_DAMAGING
Low-Activity Filler Short,1650315600000,2022-04-18 21:00:00+00:00,1650376800000,2022-04-19 14:00:00+00:00,Short,40629.4,41474.768040304414,41454.04101979452,41454.04101979452,39242.3782153596,0.202,-170.7643441414914,8.292520972070747,4.100599999999118,4.186858142999307,8.287458142998425,-0.373709968296,-178.68315514526614,16042.135585032607,SL Hit,-1.0251345979794486,17,False,False,False,False,2022-04-19 14:00:00,2022-04,2022-04-18 21:00:00+00:00,NEW_YORK,1.6819703984480716,-1.0251345979794486,-1.0726729009878542,16.953689083365173,4.146260486035374,4.146260486035374,0.04856119709158813,0.048531549045927456,0.020558871892632398,1.5801938049201885,False,Low-Activity Filler Short,floor_low_activity,SL_HIT,R_1_5_2,COST_LOW,-259.94195514526615,EDGE_THICK;STRESS_DAMAGING;MONTHLY_DAMAGE,COST_ACCEPTABLE,STRESS_DAMAGING
ATR Expansion Short,1652284800000,2022-05-11 16:00:00+00:00,1652302800000,2022-05-11 21:00:00+00:00,Short,30955.9,27965.91058263681,27951.934615329148,32984.21025644723,27951.934615329148,0.041,122.58956611189085,1.2078971169440549,0.6355000000000001,0.5730146596141568,1.2085146596141567,-0.088113323286,121.46978231823276,16454.0292482564,TP Hit,1.4741282345041395,5,False,False,False,False,2022-05-11 21:00:00,2022-05,2022-05-11 16:00:00+00:00,NEW_YORK,1.4810186829763285,1.4741282345041395,1.4606629375859264,2.5045250998442117,0.6039485584720274,0.6039485584720274,0.009853180456170096,0.009858217937659657,0.0012347840237376295,1.4509019994705328,False,ATR Expansion Short,bb_expansion,TP_HIT,R_1_2_1_5,COST_LOW,59.55798231823275,NEUTRAL,COST_ACCEPTABLE,STRESS_RESILIENT
ATR Expansion Long,1654632000000,2022-06-07 20:00:00+00:00,1654639200000,2022-06-07 22:00:00+00:00,Long,31065.9,30345.27919721689,30360.45942693036,30360.45942693036,32085.560859604466,0.239,-172.22837186516304,7.338635914067419,3.7045,3.628074901517808,7.332574901517807,0.0,-179.56700777923044,16346.191772882948,SL Hit,-1.021518793067726,2,False,False,False,False,2022-06-07 22:00:00,2022-06,2022-06-07 20:00:00+00:00,NEW_YORK,1.4454241767914342,-1.0215187930677312,-1.0650456198066536,14.671210815585226,3.6693179570337096,3.6693179570337096,0.042609912841844726,0.04257472112236219,0.02079723136953291,1.358406472316401,False,ATR Expansion Long,bb_expansion,SL_HIT,R_1_2_1_5,COST_LOW,-241.69880777923044,STRESS_DAMAGING;MONTHLY_DAMAGE,COST_ACCEPTABLE,STRESS_DAMAGING
ATR Expansion Long,1657735200000,2022-07-13 18:00:00+00:00,1657825200000,2022-07-14 19:00:00+00:00,Long,19885.2,20789.09440855,20799.49415562781,19259.17056291479,20799.49415562781,0.276,249.4748567597992,5.613052628379901,2.732400000000402,2.87033019347617,5.602730193476572,0.129278846292,243.73252528512728,17253.895363749518,TP Hit,1.4438528845520833,25,False,False,False,False,2022-07-14 19:00:00,2022-07,2022-07-13 18:00:00+00:00,NEW_YORK,1.4604651178780963,1.4438528845520833,1.4106187463649948,11.345061668148471,2.8065263141899504,2.8065263141899504,0.022499472296658305,0.02245809564236377,0.01812224952387387,1.3948047935162344,False,ATR Expansion Long,bb_expansion,TP_HIT,R_1_2_1_5,COST_LOW,203.96212528512729,NEUTRAL,COST_ACCEPTABLE,STRESS_RESILIENT
ATR Expansion Short,1658178000000,2022-07-18 21:00:00+00:00,1658185200000,2022-07-18 23:00:00+00:00,Short,21478.1,22155.10257983139,22144.03056454912,22144.03056454912,20505.95415317632,0.26,-176.02067075616165,5.672316335378081,2.782000000000189,2.8787239733908065,5.660723973390995,0.0,-181.69298709153972,16881.99525340963,SL Hit,-1.0166263809947946,2,False,False,False,False,2022-07-18 23:00:00,2022-07,2022-07-18 21:00:00+00:00,NEW_YORK,1.459830646881155,-1.016626380994789,-1.0493874561748822,11.333040308769077,2.8361581676890406,2.8361581676890406,0.03222528530888194,0.03215942735062462,0.01701835132983012,1.3943754494587315,False,ATR Expansion Short,bb_expansion,SL_HIT,R_1_2_1_5,COST_LOW,-224.64918709153972,STRESS_DAMAGING;MONTHLY_DAMAGE,COST_ACCEPTABLE,STRESS_DAMAGING
Low-Activity Filler Short,1661796000000,2022-08-29 18:00:00+00:00,1661868000000,2022-08-30 14:00:00+00:00,Short,20256.8,19730.26654899648,19720.40634582357,20579.182088100817,19720.40634582357,0.548,288.54033114992745,10.956456234425035,5.534800000001197,5.403391338754504,10.9381913387557,0.562416814688,277.0214581008144,17378.577568919547,TP Hit,1.633259012947567,20,False,False,False,False,2022-08-30 14:00:00,2022-08,2022-08-29 18:00:00+00:00,NEW_YORK,1.6638444689541358,1.633259012947567,1.5680573714595798,22.457064387868733,5.478228117212518,5.478228117212518,0.0379720096347016,0.037908708620259204,0.06965977706815334,1.5367280874429072,False,Low-Activity Filler Short,floor_low_activity,TP_HIT,R_1_5_2,COST_LOW,236.50785810081442,EDGE_THICK;HIGH_R_KEEP,COST_ACCEPTABLE,STRESS_RESILIENT
ATR Expansion Short,1663074000000,2022-09-13 13:00:00+00:00,1663092000000,2022-09-13 18:00:00+00:00,Short,21386.6,20494.826728555094,20484.584436336925,22005.610375775384,20484.584436336925,0.286,255.0471556332428,5.9890440221833785,3.060200000000208,2.9292955743962152,5.989495574396424,-0.59556354,249.6536751510594,17654.929829391782,TP Hit,1.440643495398361,5,False,False,False,False,2022-09-13 18:00:00,2022-09,2022-09-13 13:00:00+00:00,NEW_YORK,1.4571897321320164,1.4406434953983611,1.410178217105319,12.574103136579804,2.9945220110916893,2.9945220110916893,0.02348210473986077,0.02348387520545144,0.020313234848170693,1.3861644354600908,False,ATR Expansion Short,bb_expansion,TP_HIT,R_1_2_1_5,COST_LOW,206.88047515105941,NEUTRAL,COST_ACCEPTABLE,STRESS_RESILIENT
ATR Expansion Short,1663790400000,2022-09-21 20:00:00+00:00,1664240400000,2022-09-27 01:00:00+00:00,Short,18980.8,19734.662810487403,19724.800410282263,19724.800410282263,17888.5493845766,0.247,-186.20411419038885,4.781359657095194,2.3465,2.4360128506696164,4.782512850669616,-1.307856974229,-189.67761687325503,17929.049298410428,SL Hit,-1.013255906944189,125,False,False,False,False,2022-09-27 01:00:00,2022-09,2022-09-21 20:00:00+00:00,NEW_YORK,1.4680779745928016,-1.013255906944189,-1.0321574609001989,10.87172948199381,2.390679828547597,2.390679828547597,0.02567805592204251,0.025684249091186145,0.014612531568187197,1.4089179277580357,False,ATR Expansion Short,bb_expansion,SL_HIT,R_1_2_1_5,COST_LOW,-227.639216873255,STRESS_DAMAGING;MONTHLY_DAMAGE,COST_ACCEPTABLE,STRESS_DAMAGING
ATR Expansion Long,1665680400000,2022-10-13 17:00:00+00:00,1665709200000,2022-10-14 01:00:00+00:00,Long,19087.0,19711.02805911631,19720.888503367994,18648.574331088003,19720.888503367994,0.409,255.2274761785708,7.934196738089286,3.8855,4.032921698938913,7.918421698938912,0.311748856896,246.9815305835855,17786.665932564338,TP Hit,1.423338329311114,8,False,False,False,False,2022-10-14 01:00:00,2022-10,2022-10-13 17:00:00+00:00,NEW_YORK,1.445828901717958,1.423338329311114,1.3773528006271056,16.164367293924197,3.967098369044643,3.967098369044643,0.031086765644848115,0.031024957882664482,0.03686911702510003,1.3556843613142904,False,ATR Expansion Long,bb_expansion,TP_HIT,R_1_2_1_5,COST_LOW,208.80753058358553,NEUTRAL,COST_ACCEPTABLE,STRESS_RESILIENT
Low-Activity Filler Short,1671552000000,2022-12-20 16:00:00+00:00,1672261200000,2022-12-28 21:00:00+00:00,Short,16902.3,16522.448180697,16514.191085154423,17137.590808483186,16514.191085154423,0.814,309.1993809126416,13.603872509543676,6.919,6.7212757716570914,13.640275771657093,-16.074360584964,311.66986898806186,18756.46047998439,TP Hit,1.6143929367735683,197,False,False,False,False,2022-12-28 21:00:00,2022-12,2022-12-20 16:00:00+00:00,NEW_YORK,1.6494860863776946,1.6143929367735685,1.6272918581348266,43.31850886616477,6.801936254771838,6.801936254771838,0.04399708844626436,0.044114822388699716,0.18410625194166966,1.4233113296925968,False,Low-Activity Filler Short,floor_low_activity,TP_HIT,R_1_5_2,COST_HIGH,277.86526898806187,EDGE_THICK;HIGH_R_KEEP,COST_ACCEPTABLE,STRESS_RESILIENT
Low-Activity Filler Short,1676232000000,2023-02-12 20:00:00+00:00,1676239200000,2023-02-12 22:00:00+00:00,Short,21972.1,21687.34465530705,21676.506402106,22158.296341653717,21676.506402106,1.079,307.2510169236916,23.554270391538157,11.869,11.694475203934,23.563475203934,0.0,283.69674653215344,19179.46836394288,TP Hit,1.5293283539508673,2,False,False,False,False,2023-02-12 22:00:00,2023-02,2023-02-12 20:00:00+00:00,NEW_YORK,1.587537087295382,1.5293283539508373,1.4120880143514067,47.11774559547216,11.777135195769079,11.777135195769079,0.07666132606287861,0.07669128466964908,0.2530540889095456,1.353010591549742,False,Low-Activity Filler Short,floor_low_activity,TP_HIT,R_1_5_2,COST_HIGH,239.75254653215342,EDGE_THICK,COST_ACCEPTABLE,STRESS_RESILIENT
ATR Expansion Short,1678899600000,2023-03-15 17:00:00+00:00,1678960800000,2023-03-16 10:00:00+00:00,Short,24104.9,24965.052520970625,24952.5762328542,24952.5762328542,22863.635650718697,0.234,-201.27568990712587,5.741184444953563,2.83139999999966,2.919451419243277,5.750851419242936,-1.833481436436,-205.18339291564345,19361.355579876414,SL Hit,-1.0147182233414938,17,False,False,False,False,2023-03-16 10:00:00,2023-03,2023-03-15 17:00:00+00:00,NEW_YORK,1.4643142053208922,-1.0147182233414938,-1.0344186524195351,13.325517300632498,2.8705922224767817,2.8705922224767817,0.028523983435867012,0.028572011959797715,0.01572005535151591,1.3971344815964652,False,ATR Expansion Short,bb_expansion,SL_HIT,R_1_2_1_5,COST_LOW,-253.39319291564345,STRESS_DAMAGING;MONTHLY_DAMAGE,COST_ACCEPTABLE,STRESS_DAMAGING
ATR Expansion Short,1682539200000,2023-04-26 20:00:00+00:00,1682542800000,2023-04-26 21:00:00+00:00,Short,27858.0,28663.056262420403,28648.731896472167,28648.731896472167,26706.652155291755,0.252,-202.8741781299416,7.121653089064971,3.502800000000367,3.609740218955456,7.112540218955823,0.0,-209.99583121900656,19395.144760672247,SL Hit,-1.0181153258293285,1,False,False,False,False,2023-04-26 21:00:00,2023-04,2023-04-26 20:00:00+00:00,NEW_YORK,1.456053372634844,-1.0181153258293285,-1.0538550351508997,14.234193308020794,3.5608265445324854,3.5608265445324854,0.03510379267934004,0.03505887385234516,0.01800128889643422,1.3846196865378828,False,ATR Expansion Short,bb_expansion,SL_HIT,R_1_2_1_5,COST_LOW,-265.71183121900657,STRESS_DAMAGING;MONTHLY_DAMAGE,COST_ACCEPTABLE,STRESS_DAMAGING
Low-Activity Filler Short,1683730800000,2023-05-10 15:00:00+00:00,1683738000000,2023-05-10 17:00:00+00:00,Short,28063.9,27488.27660913474,27474.53933946501,28422.83466316285,27474.53933946501,0.57,328.10533279319884,15.8323703336034,7.979999999999999,7.83024371174677,15.81024371174677,-0.60825515328,312.88121761287545,19985.569144298148,TP Hit,1.603699642138207,2,False,False,False,False,2023-05-10 17:00:00,2023-05,2023-05-10 15:00:00+00:00,NEW_YORK,1.6419719827048367,1.6036996421382232,1.5292878431628492,32.25086919863017,7.9161851668017,7.9161851668017,0.04825392564887803,0.04818648809256566,0.08985164295485754,1.4843375213805252,False,Low-Activity Filler Short,floor_low_activity,TP_HIT,R_1_5_2,COST_MED,256.75341761287547,EDGE_THICK;HIGH_R_KEEP,COST_ACCEPTABLE,STRESS_RESILIENT
ATR Expansion Short,1683741600000,2023-05-10 18:00:00+00:00,1683856800000,2023-05-12 02:00:00+00:00,Short,27467.4,26691.77699860809,26678.437779718228,28016.208146854515,26678.437779718228,0.373,289.30737951918456,10.100686510240408,5.110099999998915,4.975528645916987,10.085628645915902,-2.324322008408,281.53101501735216,20267.100159315494,TP Hit,1.41328623825537,32,False,False,False,False,2023-05-12 02:00:00,2023-05,2023-05-10 18:00:00+00:00,NEW_YORK,1.437592034308711,1.41328623825537,1.3752981684302497,22.51063716456431,5.050343255120204,5.050343255120204,0.03491333863321178,0.03486129065452028,0.04101731596657909,1.3276260397602415,False,ATR Expansion Short,bb_expansion,TP_HIT,R_1_2_1_5,COST_LOW,226.59621501735216,NEUTRAL,COST_ACCEPTABLE,STRESS_RESILIENT
ATR Expansion Long,1686070800000,2023-06-06 17:00:00+00:00,1686078000000,2023-06-06 19:00:00+00:00,Long,26374.1,26948.17177924504,26961.65260554781,25960.39826296813,26961.65260554781,0.5,287.0358896225189,13.33056794481126,6.599999999998545,6.740413151386747,13.340413151385292,0.0,273.7053216777076,20308.078856028947,TP Hit,1.3876465285443462,2,False,False,False,False,2023-06-06 19:00:00,2023-06,2023-06-06 17:00:00+00:00,NEW_YORK,1.4202323871377682,1.3876465285443462,1.3232012204803658,26.670981096196552,6.66528397240563,6.66528397240563,0.04644216429639618,0.046476463862861465,0.0644691059011484,1.2912941753354714,False,ATR Expansion Long,bb_expansion,TP_HIT,R_1_2_1_5,COST_LOW,220.95712167770762,NEUTRAL,COST_ACCEPTABLE,STRESS_RESILIENT
Low-Activity Filler Short,1692824400000,2023-08-23 21:00:00+00:00,1692896400000,2023-08-24 17:00:00+00:00,Short,26564.9,25971.8917217892,25958.91226565637,26932.07870533922,25958.91226565637,0.578,342.7587848058446,15.183132807597078,7.687399999999579,7.50212564477411,15.189525644773688,-0.6883607328719998,328.2640127311195,20765.98018527892,TP Hit,1.615039950813468,20,False,False,False,False,2023-08-24 17:00:00,2023-08,2023-08-23 21:00:00+00:00,NEW_YORK,1.6503891035396214,1.615039950813468,1.5467422527927543,31.061019185242763,7.591566403798539,7.591566403798539,0.04429684513030804,0.04431549625599759,0.08459373796349937,1.5040331555058855,False,Low-Activity Filler Short,floor_low_activity,TP_HIT,R_1_5_2,COST_MED,275.13421273111953,EDGE_THICK;HIGH_R_KEEP,COST_ACCEPTABLE,STRESS_RESILIENT
ATR Expansion Short,1700589600000,2023-11-21 18:00:00+00:00,1700607600000,2023-11-21 23:00:00+00:00,Short,36895.1,35893.042319027096,35875.10476664377,37605.930155570815,35875.10476664377,0.305,305.6275926967353,11.100191703651632,5.6425,5.4709534769133095,11.11345347691331,0.0,294.52740099308375,21435.617529009694,TP Hit,1.4097005777255218,5,False,False,False,False,2023-11-21 23:00:00,2023-11,2023-11-21 18:00:00+00:00,NEW_YORK,1.4349352308177472,1.4097005777255216,1.358501186599117,22.213645180564942,5.550095851825816,5.550095851825816,0.03631933754968913,0.03636272948673467,0.03125028532691717,1.3324752789262155,False,ATR Expansion Short,bb_expansion,TP_HIT,R_1_2_1_5,COST_LOW,220.73720099308372,NEUTRAL,COST_ACCEPTABLE,STRESS_RESILIENT
ATR Expansion Short,1707836400000,2024-02-13 15:00:00+00:00,1707858000000,2024-02-13 21:00:00+00:00,Short,48686.8,49590.4908750681,49565.70802105757,49565.70802105757,47429.43796841364,0.241,-217.7895008914111,11.842413550445706,5.880399999998597,5.972667816536675,11.853067816535273,-1.17495212,-228.4569623218568,20378.72100778204,SL Hit,-1.0281973237435074,6,False,False,False,False,2024-02-13 21:00:00,2024-02,2024-02-13 15:00:00+00:00,NEW_YORK,1.4305956954100962,-1.0281973237435074,-1.0785590503144775,24.87043348698098,5.921206775222853,5.921206775222853,0.05437550250115262,0.05442442251816886,0.028296969524814378,1.3131808841038126,False,ATR Expansion Short,bb_expansion,SL_HIT,R_1_2_1_5,COST_LOW,-325.83056232185675,STRESS_DAMAGING;MONTHLY_DAMAGE,COST_ACCEPTABLE,STRESS_DAMAGING
ATR Expansion Short,1709658000000,2024-03-05 17:00:00+00:00,1709665200000,2024-03-05 19:00:00+00:00,Short,65589.1,62026.887235841255,61995.88929119567,68039.24047253621,61995.88929119567,0.042,149.61293609466753,2.679935731952667,1.3775999999995112,1.301913675114818,2.6795136751143294,0.0,146.93300036271486,20508.295613519385,TP Hit,1.4538810342051145,2,False,False,False,False,2024-03-05 19:00:00,2024-03,2024-03-05 17:00:00+00:00,NEW_YORK,1.4665325311266346,1.4538810342051145,1.4278384483480386,5.359449407066997,1.3399678659763334,1.3399678659763334,0.01791245999113966,0.017909638999523865,0.0021874049537736434,1.4144514607986907,False,ATR Expansion Short,bb_expansion,TP_HIT,R_1_2_1_5,COST_LOW,15.75480036271486,NEUTRAL,COST_ACCEPTABLE,STRESS_RESILIENT
ATR Expansion Short,1718222400000,2024-06-12 20:00:00+00:00,1718380800000,2024-06-14 16:00:00+00:00,Short,67489.3,65642.8630587076,65610.05802969277,68798.62798020482,65610.05802969277,0.157,289.89059978290663,10.450874800108547,5.306600000000457,5.150389555329646,10.456989555330104,-6.31976182,285.7594868027981,20368.03567108257,TP Hit,1.4102172787933227,44,False,False,False,False,2024-06-14 16:00:00,2024-06,2024-06-12 20:00:00+00:00,NEW_YORK,1.4352721386227956,1.4102172787933227,1.3901208461750896,27.22762617543865,5.225437400054274,5.225437400054274,0.03605109930413405,0.03607219262425597,0.020795115194268892,1.3028191756019747,False,ATR Expansion Short,bb_expansion,TP_HIT,R_1_2_1_5,COST_LOW,150.78088680279808,NEUTRAL,COST_ACCEPTABLE,STRESS_RESILIENT
ATR Expansion Long,1719342000000,2024-06-25 19:00:00+00:00,1719421200000,2024-06-26 17:00:00+00:00,Long,62163.5,60925.63659266154,60956.11464998653,60956.11464998653,63896.82802502021,0.171,-211.6746426548767,10.524121178672562,5.318099999999752,5.21174780257298,10.529847802572732,2.9249349601680006,-225.12369879371724,19918.25145170724,SL Hit,-1.0252430239646757,22,False,False,False,False,2024-06-26 17:00:00,2024-06,2024-06-25 19:00:00+00:00,NEW_YORK,1.4356046518212826,-1.0252430239646755,-1.0903833299187382,23.978903941413293,5.262060589336281,5.262060589336281,0.0497183840571378,0.04974543795376115,0.01986019123152831,1.3194631826310586,False,ATR Expansion Long,bb_expansion,SL_HIT,R_1_2_1_5,COST_LOW,-349.45069879371727,STRESS_DAMAGING;MONTHLY_DAMAGE,COST_ACCEPTABLE,STRESS_DAMAGING
ATR Expansion Short,1720450800000,2024-07-08 15:00:00+00:00,1720512000000,2024-07-09 08:00:00+00:00,Short,56140.9,57830.86769318607,57801.96670983116,57801.96670983116,53719.549935253264,0.12,-202.796123182328,6.838306061591164,3.3719999999998254,3.468118002589617,6.840118002589443,-2.0343084,-207.6001208439192,19353.127870919903,SL Hit,-1.0173990503715835,17,False,False,False,False,2024-07-09 08:00:00,2024-07,2024-07-08 15:00:00+00:00,NEW_YORK,1.457707899638092,-1.0173990503715795,-1.0415000173042457,15.712732464180608,3.419153030795582,3.419153030795582,0.033720102506313916,0.03372903729742257,0.009459422894446986,1.3788793755177005,False,ATR Expansion Short,bb_expansion,SL_HIT,R_1_2_1_5,COST_LOW,-319.8819208439192,STRESS_DAMAGING;MONTHLY_DAMAGE,COST_ACCEPTABLE,STRESS_DAMAGING
ATR Expansion Short,1722610800000,2024-08-02 15:00:00+00:00,1722643200000,2024-08-03 00:00:00+00:00,Short,63114.0,61011.76092228279,60981.270287139225,64588.48647524051,60981.270287139225,0.131,275.3933191809547,8.130237340409524,4.13959999999981,3.994273203806865,8.133873203806674,-1.6358913200000005,268.89897316054515,19188.791875911797,TP Hit,1.4257432082408914,9,False,False,False,False,2024-08-03 00:00:00,2024-08,2024-08-02 15:00:00+00:00,NEW_YORK,1.4464220246665154,1.4257432082408914,1.392121224388476,17.900001864216197,4.065118670204762,4.065118670204762,0.029522275139388293,0.02953547757802393,0.012139820991777104,1.3537516354163084,False,ATR Expansion Short,bb_expansion,TP_HIT,R_1_2_1_5,COST_LOW,142.67097316054515,NEUTRAL,COST_ACCEPTABLE,STRESS_RESILIENT
Low-Activity Filler Short,1728655200000,2024-10-11 14:00:00+00:00,1728658800000,2024-10-11 15:00:00+00:00,Short,61619.1,62408.3498248646,62377.16124424248,62377.16124424248,60377.19282257567,0.257,-202.8372049902024,15.937527302495102,7.915600000000748,8.015465219884332,15.93106521988508,0.0,-218.77473229269748,18501.813451381637,SL Hit,-1.0411425605239644,1,False,False,False,False,2024-10-11 15:00:00,2024-10,2024-10-11 14:00:00+00:00,NEW_YORK,1.6382676028575285,-1.0411425605239644,-1.1229482528521635,31.868592522380183,7.968763651247551,7.968763651247551,0.07857299800233852,0.07854113953431074,0.042039601370501285,1.474689387408107,False,Low-Activity Filler Short,floor_low_activity,SL_HIT,R_1_5_2,COST_LOW,-342.0129322926975,EDGE_THICK;STRESS_DAMAGING;MONTHLY_DAMAGE,COST_ACCEPTABLE,STRESS_DAMAGING
ATR Expansion Short,1730476800000,2024-11-01 16:00:00+00:00,1730739600000,2024-11-04 17:00:00+00:00,Short,69346.4,67452.7049423152,67418.99544459292,70689.00303693805,67418.99544459292,0.139,263.22361301818563,9.507537793490908,4.823300000001619,4.685620183398002,9.50892018339962,-9.58960166,263.3056768846947,18440.71290736869,TP Hit,1.41046534648361,73,False,False,False,False,2024-11-04 17:00:00,2024-11,2024-11-01 16:00:00+00:00,NEW_YORK,1.4355729149866319,1.4104653464836099,1.4109050799808533,28.606059636890528,4.753768896745454,4.753768896745454,0.036119623480869285,0.03612487525100063,0.021306416602579335,1.282289342306205,False,ATR Expansion Short,bb_expansion,TP_HIT,R_1_2_1_5,COST_LOW,124.61287688469469,NEUTRAL,COST_ACCEPTABLE,STRESS_RESILIENT
ATR Expansion Long,1731603600000,2024-11-14 17:00:00+00:00,1732035600000,2024-11-19 17:00:00+00:00,Long,89270.4,93165.60882459622,93212.21493206224,86568.35671195849,93212.21493206224,0.07,272.6646177217356,6.385260308860868,3.1219999999993893,3.262427522621729,6.384427522621119,15.17006264375,251.10929476912477,18739.37342587516,TP Hit,1.441578986478618,120,False,False,False,False,2024-11-19 17:00:00,2024-11,2024-11-14 17:00:00+00:00,NEW_YORK,1.4588274545813649,1.4415789864786184,1.3276159029114065,27.93975047523199,3.192630154430434,3.192630154430434,0.023418001067440526,0.023414946816226318,0.010340230520689882,1.3111098757143667,False,ATR Expansion Long,bb_expansion,TP_HIT,R_1_2_1_5,COST_LOW,72.56849476912478,NEUTRAL,COST_ACCEPTABLE,STRESS_RESILIENT
ATR Expansion Short,1733428800000,2024-12-05 20:00:00+00:00,1733436000000,2024-12-05 22:00:00+00:00,Short,99061.9,95390.913084706,95343.24146397402,101623.83902401732,95343.24146397402,0.077,282.6659924776376,7.4864333037611805,3.819200000000448,3.67071479636278,7.4899147963632275,0.0,275.1795591738764,19629.71898737636,TP Hit,1.4328939451250384,2,False,False,False,False,2024-12-05 22:00:00,2024-12,2024-12-05 20:00:00+00:00,NEW_YORK,1.451501577970746,1.4328939451250469,1.3949436248282372,14.976348100124408,3.7432166518805903,3.7432166518805903,0.0264850866499388,0.026497403280501715,0.005845708254461227,1.3755832889517692,False,ATR Expansion Short,bb_expansion,TP_HIT,R_1_2_1_5,COST_LOW,77.05575917387642,NEUTRAL,COST_ACCEPTABLE,STRESS_RESILIENT
ATR Expansion Long,1736532000000,2025-01-10 18:00:00+00:00,1736748000000,2025-01-13 06:00:00+00:00,Long,95807.1,93559.51426204306,93606.31742075345,93606.31742075345,98988.52386886984,0.091,-204.5303021540824,8.61618094892296,4.358900000000794,4.2590874426442165,8.61798744264501,2.795121985201,-215.9416050882064,19369.46805185221,SL Hit,-1.0212665981418296,60,False,False,False,False,2025-01-13 06:00:00,2025-01,2025-01-10 18:00:00+00:00,NEW_YORK,1.4455875373018463,-1.0212665981418363,-1.0782458447628052,20.02929037676897,4.30809047446148,4.30809047446148,0.042126671980526297,0.04213550438190166,0.009100985515627819,1.3455767074597824,False,ATR Expansion Long,bb_expansion,SL_HIT,R_1_2_1_5,COST_LOW,-407.5558050882064,STRESS_DAMAGING;MONTHLY_DAMAGE,COST_ACCEPTABLE,STRESS_DAMAGING
ATR Expansion Long,1738598400000,2025-02-03 16:00:00+00:00,1738868400000,2025-02-06 19:00:00+00:00,Long,98852.2,95686.23871759429,95734.10577047952,95734.10577047952,103405.59134428074,0.063,-199.4555607915607,6.127960819604219,3.1121999999996333,3.0156243317699998,6.127824331769633,1.80979423002,-207.39331584118491,19141.37077544488,SL Hit,-1.0153513811199346,75,False,False,False,False,2025-02-06 19:00:00,2025-02,2025-02-03 16:00:00+00:00,NEW_YORK,1.4603122962646955,-1.0153513811199393,-1.0557594325206738,14.065579381393851,3.0639804098021095,3.0639804098021095,0.030723439322948687,0.03072275502097162,0.004510953918014522,1.3887098531216078,False,ATR Expansion Long,bb_expansion,SL_HIT,R_1_2_1_5,COST_LOW,-405.09771584118494,STRESS_DAMAGING;MONTHLY_DAMAGE,COST_ACCEPTABLE,STRESS_DAMAGING
ATR Expansion Short,1741014000000,2025-03-03 15:00:00+00:00,1741032000000,2025-03-03 20:00:00+00:00,Short,89195.3,85450.58016254379,85407.87622443157,91792.41585037897,85407.87622443157,0.076,284.59870764667227,6.636543446176664,3.3895999999993363,3.245499296528404,6.63509929652774,-0.3606428638399999,278.3228070643356,19781.26053128276,TP Hit,1.4418763171114672,5,False,False,False,False,2025-03-03 20:00:00,2025-03,2025-03-03 15:00:00+00:00,NEW_YORK,1.4583191485338558,1.441876317111459,1.410080415812246,13.632285606544404,3.318271723088332,3.318271723088332,0.023318951449406777,0.023313877112770238,0.0052490094365852885,1.3892532348945756,False,ATR Expansion Short,bb_expansion,TP_HIT,R_1_2_1_5,COST_LOW,99.9322070643356,NEUTRAL,COST_ACCEPTABLE,STRESS_RESILIENT
ATR Expansion Long,1741114800000,2025-03-04 19:00:00+00:00,1741222800000,2025-03-06 01:00:00+00:00,Long,86752.3,91132.21023595576,91177.79913552351,83729.63390965098,91177.79913552351,0.067,293.4539858090358,5.959131092904519,2.907800000000585,3.0544562710394096,5.962256271039995,0.912323358381,286.5825313577503,20330.880162530408,TP Hit,1.4490221893646251,30,False,False,False,False,2025-03-06 01:00:00,2025-03,2025-03-04 19:00:00+00:00,NEW_YORK,1.464104536605464,1.4490221893646251,1.4150922021958687,12.833710722325515,2.9795655464522595,2.9795655464522595,0.020306867110615436,0.020317516746628593,0.004245824824416385,1.400734016838055,False,ATR Expansion Long,bb_expansion,TP_HIT,R_1_2_1_5,COST_LOW,113.07793135775034,NEUTRAL,COST_ACCEPTABLE,STRESS_RESILIENT
ATR Expansion Long,1743426000000,2025-03-31 13:00:00+00:00,1743519600000,2025-04-01 15:00:00+00:00,Long,82777.2,84505.881635504,84548.15571336068,81527.56285775955,84548.15571336068,0.165,285.2324698581611,13.80085423492908,6.83099999999904,6.975222846352263,13.806222846351304,1.3382872192800002,270.093328403952,20257.25532624744,TP Hit,1.3833468749213789,26,False,False,False,False,2025-04-01 15:00:00,2025-03,2025-03-31 13:00:00+00:00,NEW_YORK,1.4171759573227614,1.3833468749213789,1.3099236632158984,28.945364300560385,6.90042711746454,6.90042711746454,0.048384583430462515,0.04840340531082169,0.023163015344330153,1.276794046145003,False,ATR Expansion Long,bb_expansion,TP_HIT,R_1_2_1_5,COST_LOW,104.53892840395201,NEUTRAL,COST_ACCEPTABLE,STRESS_RESILIENT
ATR Expansion Short,1747062000000,2025-05-12 15:00:00+00:00,1747152000000,2025-05-13 16:00:00+00:00,Short,102705.8,104289.8240841936,104237.7052315778,104237.7052315778,100536.44215263327,0.138,-218.5953236187152,14.28269806180936,7.0931999999991975,7.192401660977427,14.285601660976624,-3.696003128922,-229.18201855160257,20156.0934583911,SL Hit,-1.0340222433747406,25,False,False,False,False,2025-05-13 16:00:00,2025-05,2025-05-12 15:00:00+00:00,NEW_YORK,1.4161175264950208,-1.0340222433747503,-1.084100524388311,32.26430285170798,7.14134903090468,7.14134903090468,0.06533853435365318,0.06535181734214167,0.0210615527557649,1.263497578989478,False,ATR Expansion Short,bb_expansion,SL_HIT,R_1_2_1_5,COST_LOW,-434.5936185516025,STRESS_DAMAGING;MONTHLY_DAMAGE,COST_ACCEPTABLE,STRESS_DAMAGING
ATR Expansion Long,1750701600000,2025-06-23 18:00:00+00:00,1750716000000,2025-06-23 22:00:00+00:00,Long,102486.7,105174.42070863485,105227.03422574772,100574.64384950152,105227.03422574772,0.105,282.2106744066592,10.902208837203329,5.375999999999694,5.524419296851338,10.900419296851032,0.0,271.3084655694559,19859.9118087327,TP Hit,1.405670386789725,4,False,False,False,False,2025-06-23 22:00:00,2025-06,2025-06-23 18:00:00+00:00,NEW_YORK,1.4331871085654597,1.405670386789714,1.3513672951533893,21.80262813405436,5.451104418601664,5.451104418601664,0.0386314545334791,0.03862511338300327,0.011402713319046794,1.3245898388602522,False,ATR Expansion Long,bb_expansion,TP_HIT,R_1_2_1_5,COST_LOW,66.33506556945594,NEUTRAL,COST_ACCEPTABLE,STRESS_RESILIENT
Low-Activity Filler Short,1756317600000,2025-08-27 18:00:00+00:00,1756450800000,2025-08-29 07:00:00+00:00,Short,112230.2,110181.73113717146,110126.66780326984,113520.21839813152,110126.66780326984,0.169,346.1912378180227,18.793808181090988,9.480900000000984,9.3057034293763,18.786603429377283,-4.66292409089,332.06035372782173,21191.47420405085,TP Hit,1.5879377114276554,37,False,False,False,False,2025-08-29 07:00:00,2025-08,2025-08-27 18:00:00+00:00,NEW_YORK,1.6306218576238454,1.5879377114276554,1.5231210399137496,42.243335701358276,9.396904090545494,9.396904090545494,0.0542873594939744,0.05426654801486502,0.03274630482987226,1.4368567402873231,False,Low-Activity Filler Short,floor_low_activity,TP_HIT,R_1_5_2,COST_LOW,107.59995372782173,EDGE_THICK;HIGH_R_KEEP,COST_ACCEPTABLE,STRESS_RESILIENT
ATR Expansion Long,1756821600000,2025-09-02 14:00:00+00:00,1756998000000,2025-09-04 15:00:00+00:00,Long,111169.0,109478.98806218704,109533.75493965686,109533.75493965686,113482.8675905147,0.134,-226.46159966693668,14.783415200166534,7.450400000000781,7.338761580956548,14.789161580957328,4.13843216475,-245.3834470318532,20946.090757019,SL Hit,-1.0334915412973835,49,False,False,False,False,2025-09-04 15:00:00,2025-09,2025-09-02 14:00:00+00:00,NEW_YORK,1.4149974500024847,-1.0334915412973837,-1.1198442352027627,33.711008945873864,7.391707600083267,7.391707600083267,0.06528000871630736,0.065305383352887,0.020615264197037256,1.261152194800714,False,ATR Expansion Long,bb_expansion,SL_HIT,R_1_2_1_5,COST_LOW,-467.7214470318532,STRESS_DAMAGING;MONTHLY_DAMAGE,COST_ACCEPTABLE,STRESS_DAMAGING
Low-Activity Filler Short,1760893200000,2025-10-19 17:00:00+00:00,1760929200000,2025-10-20 03:00:00+00:00,Short,108507.5,109821.56207253608,109766.6787331695,109766.6787331695,106453.53721695337,0.17,-223.3905523311334,18.55797027616557,9.231000000000495,9.330167692319376,18.56116769231987,-0.51447055698,-241.43405205031897,20290.37801280583,SL Hit,-1.0435866155620632,10,False,False,False,False,2025-10-20 03:00:00,2025-10,2025-10-19 17:00:00+00:00,NEW_YORK,1.6311924025881375,-1.0435866155620632,-1.1278782501381224,37.63360852546544,9.278985138082785,9.278985138082785,0.08307410533932053,0.0830884184609854,0.029887423869316334,1.4553840268862768,False,Low-Activity Filler Short,floor_low_activity,SL_HIT,R_1_5_2,COST_LOW,-458.44905205031904,EDGE_THICK;STRESS_DAMAGING;MONTHLY_DAMAGE,COST_ACCEPTABLE,STRESS_DAMAGING
ATR Expansion Long,1764882000000,2025-12-04 21:00:00+00:00,1764939600000,2025-12-05 13:00:00+00:00,Long,92478.0,90809.81052440088,90855.23814347264,90855.23814347264,94796.39278479104,0.131,-218.53282130348327,12.005351589348258,6.052199999999619,5.951018098397356,12.003218098396976,1.180500078773,-231.71867297160452,20380.322693853053,SL Hit,-1.027994014580148,16,False,False,False,False,2025-12-05 13:00:00,2025-12,2025-12-04 21:00:00+00:00,NEW_YORK,1.4286709879614128,-1.0279940145801574,-1.090021203499053,25.189069766518237,6.002675794674129,6.002675794674129,0.05493614880245405,0.05492638600829546,0.015522345232110504,1.31017980298347,False,ATR Expansion Long,bb_expansion,SL_HIT,R_1_2_1_5,COST_LOW,-416.67467297160454,STRESS_DAMAGING;MONTHLY_DAMAGE,COST_ACCEPTABLE,STRESS_DAMAGING
ATR Expansion Long,1767974400000,2026-01-09 16:00:00+00:00,1768316400000,2026-01-13 15:00:00+00:00,Long,91183.4,92971.03801946423,93017.54679286068,89884.46880475954,93017.54679286068,0.077,137.64812749874764,7.089945863749374,3.511199999999328,3.581175551525259,7.0923755515245865,4.127047142449,126.43113449254928,19498.574272248345,TP Hit,1.376237652936909,95,False,False,False,False,2026-01-13 15:00:00,2026-01,2026-01-09 16:00:00+00:00,NEW_YORK,1.4120430701652036,1.376237652936909,1.2640875757191814,18.309368557722962,3.544972931874687,3.544972931874687,0.05150775381099086,0.0515254052518013,0.014095718560622913,1.2289817901571138,False,ATR Expansion Long,bb_expansion,TP_HIT,R_1_2_1_5,COST_LOW,-55.93566550745071,STRESS_DAMAGING,COST_ACCEPTABLE,STRESS_DAMAGING
ATR Expansion Short,1768507200000,2026-01-15 20:00:00+00:00,1768780800000,2026-01-19 00:00:00+00:00,Short,95421.5,93377.73686357016,93331.0713279062,96894.6191147292,93331.0713279062,0.068,138.97589327722935,6.419174053361386,3.243599999999802,3.173256425148808,6.41685642514861,-3.460494236024,136.01721345989196,19634.59148570823,TP Hit,1.38737126957011,76,False,False,False,False,2026-01-19 00:00:00,2026-01,2026-01-15 20:00:00+00:00,NEW_YORK,1.4190493159666036,1.38737126957011,1.3578353027370522,16.296524714533998,3.209587026680693,3.209587026680693,0.04618911886075384,0.04617244238429361,0.011062598096508834,1.2563640498414737,False,ATR Expansion Short,bb_expansion,TP_HIT,R_1_2_1_5,COST_LOW,-54.825786540108055,STRESS_DAMAGING,COST_ACCEPTABLE,STRESS_DAMAGING
ATR Expansion Long,1769025600000,2026-01-21 20:00:00+00:00,1769094000000,2026-01-22 15:00:00+00:00,Long,90367.1,88424.05170266362,88468.2858455864,88468.2858455864,93102.3212316204,0.106,-205.96311951765665,9.475931040241171,4.791200000001234,4.688819149814866,9.4800191498161,0.83314552782,-216.2721960857178,19418.319289622515,SL Hit,-1.023295667361634,19,False,False,False,False,2026-01-22 15:00:00,2026-01,2026-01-21 20:00:00+00:00,NEW_YORK,1.4404891733415035,-1.0232956673616342,-1.0745147079903714,19.789095717877274,4.737965520120586,4.737965520120586,0.0460079021061284,0.04602775085178977,0.010421818097300108,1.3421701346877288,False,ATR Expansion Long,bb_expansion,SL_HIT,R_1_2_1_5,COST_LOW,-397.0063960857179,STRESS_DAMAGING;MONTHLY_DAMAGE,COST_ACCEPTABLE,STRESS_DAMAGING
ATR Expansion Long,1770048000000,2026-02-02 16:00:00+00:00,1770134400000,2026-02-03 16:00:00+00:00,Long,78839.9,76653.47183287924,76691.81774175011,76691.81774175011,81963.77338737484,0.094,-205.5242477093512,7.3081884761453235,3.7035999999994527,3.604515433862427,7.30811543386188,-0.78334607378,-212.0490901117165,19651.568019488772,SL Hit,-1.0178512292644315,24,False,False,False,False,2026-02-03 16:00:00,2026-02,2026-02-02 16:00:00+00:00,NEW_YORK,1.4542615281036648,-1.0178512292644317,-1.0501652697439583,15.399649983787205,3.6540942380726618,3.6540942380726618,0.0355587652435076,0.03555840984853957,0.0071690224732519564,1.3779953315797078,False,ATR Expansion Long,bb_expansion,SL_HIT,R_1_2_1_5,COST_LOW,-369.7288901117165,STRESS_DAMAGING;MONTHLY_DAMAGE,COST_ACCEPTABLE,STRESS_DAMAGING
ATR Expansion Long,1772553600000,2026-03-03 16:00:00+00:00,1772611200000,2026-03-04 08:00:00+00:00,Long,67726.3,70141.19883859121,70176.28698208225,66036.64201194516,70176.28698208225,0.125,301.8623548239011,8.616718677411951,4.225000000000364,4.386017936380085,8.611017936380449,-0.219992926625,293.46562907311414,20939.136458470228,TP Hit,1.429223461590165,16,False,False,False,False,2026-03-04 08:00:00,2026-03,2026-03-03 16:00:00+00:00,NEW_YORK,1.4499898792552184,1.429223461590165,1.3894676018355956,17.447729540417402,4.3083593387059755,4.3083593387059755,0.028545191342056308,0.0285263061086365,0.010326190071461454,1.3673803586835267,False,ATR Expansion Long,bb_expansion,TP_HIT,R_1_2_1_5,COST_LOW,158.01302907311413,NEUTRAL,COST_ACCEPTABLE,STRESS_RESILIENT
Low-Activity Filler Long,1776538800000,2026-04-18 19:00:00+00:00,1776618000000,2026-04-19 17:00:00+00:00,Long,75641.5,74753.59270591132,74790.98820001131,74790.98820001131,77025.94564998019,0.256,-227.304267286703,19.25057186635665,9.676800000000746,9.573246489599349,19.25004648960009,-3.905423269376,-242.64941588368364,20524.702222955017,SL Hit,-1.043968224897638,22,False,False,False,False,2026-04-19 17:00:00,2026-04,2026-04-18 19:00:00+00:00,NEW_YORK,1.627779473487147,-1.043968224897638,-1.1144457734839752,42.40604162533275,9.625285933178326,9.625285933178326,0.08469076316141287,0.08468845182444225,0.04985943948796107,1.433016037987299,False,Low-Activity Filler Long,floor_low_activity,SL_HIT,R_1_5_2,COST_LOW,-393.9324158836836,EDGE_THICK;STRESS_DAMAGING;MONTHLY_DAMAGE,COST_ACCEPTABLE,STRESS_DAMAGING
ATR Expansion Long,1777906800000,2026-05-04 15:00:00+00:00,1778058000000,2026-05-06 09:00:00+00:00,Long,80205.3,81950.47016401491,81991.46589696339,78939.1894020244,81991.46589696339,0.166,289.6982472264753,13.45892892361324,6.656600000000966,6.805291669446859,13.461891669447828,-3.1741382974700003,279.41345660033204,20566.83195512995,TP Hit,1.378371026042505,42,False,False,False,False,2026-05-06 09:00:00,2026-05,2026-05-04 15:00:00+00:00,NEW_YORK,1.4107502929201565,1.378371026042505,1.3294364620825547,30.094958890531068,6.72946446180662,6.72946446180662,0.04645844098977772,0.04646866799619889,0.023769612969554457,1.2675598533445274,False,ATR Expansion Long,bb_expansion,TP_HIT,R_1_2_1_5,COST_LOW,119.002856600332,NEUTRAL,COST_ACCEPTABLE,STRESS_RESILIENT
ATR Expansion Short,1780081200000,2026-05-29 19:00:00+00:00,1780318800000,2026-06-01 13:00:00+00:00,Short,73306.2,71890.69737133078,71854.76998633762,74335.15334244158,71854.76998633762,0.21,297.2555520205352,15.245674223989733,7.706999999999389,7.54475084856429,15.251750848563676,-6.271753213529999,288.2816310100755,21132.02224487314,TP Hit,1.3756723169880505,66,False,False,False,False,2026-06-01 13:00:00,2026-05,2026-05-29 19:00:00+00:00,NEW_YORK,1.4105887544116482,1.3756723169880505,1.3341418068764208,36.76917828608341,7.622837111994866,7.622837111994866,0.0512881058750974,0.05130854830092473,0.035734543802379275,1.240424260114604,False,ATR Expansion Short,bb_expansion,TP_HIT,R_1_2_1_5,COST_LOW,141.66923101007552,NEUTRAL,COST_ACCEPTABLE,STRESS_RESILIENT
