candidate_id,unique_behavior_hash,unique_metric_signature,is_representative,duplicate_cluster_size
C24_001,5727b163bd8f6c09,pnl_1_pf_1,YES,1
C24_002,d4e04fe3446b4682,pnl_2_pf_2,YES,1
C24_003,aed1a5cf00f69276,pnl_3_pf_3,YES,1
C24_004,7dd52430a4e4efcb,pnl_4_pf_4,YES,1
C24_005,9e3c300842cf8b53,pnl_5_pf_5,YES,1
C24_006,d6e18e7307bfe664,pnl_6_pf_6,YES,1
C24_007,370cad047d1e7d11,pnl_7_pf_7,YES,1
C24_008,0f1c5967a0fd0b96,pnl_8_pf_8,YES,1
C24_009,b3674aac7c68ab73,pnl_9_pf_9,YES,1
C24_010,9ebbe11ce51ae8fb,pnl_10_pf_10,YES,1
C24_011,3cbb201e96455a8b,pnl_11_pf_11,YES,1
C24_012,6856e19a2fddac65,pnl_12_pf_12,YES,1
C24_013,c954650d198d7d16,pnl_13_pf_13,YES,1
C24_014,45f38ca922a327f5,pnl_14_pf_14,YES,1
C24_015,ef0058c60c942913,pnl_15_pf_15,YES,1
C24_016,3bae2ad1cd8ad3f0,pnl_16_pf_16,YES,1
C24_017,e0a65eb08bc537bf,pnl_17_pf_17,YES,1
C24_018,af59a9c0e7e1cdae,pnl_18_pf_18,YES,1
C24_019,3b6cb5dac836633a,pnl_19_pf_19,YES,1
C24_020,ce6991386b50f164,pnl_20_pf_20,YES,1
C24_021,17574a1a49036ccd,pnl_21_pf_21,YES,1
C24_022,aac1a59ea1f3bd4e,pnl_22_pf_22,YES,1
C24_023,cbfe68e2ee755a63,pnl_23_pf_23,YES,1
C24_024,4a2e9afbb0503b4d,pnl_24_pf_24,YES,1
C24_025,fc6f91518e5c134b,pnl_25_pf_25,YES,1
C24_026,56118803c3601ef7,pnl_26_pf_26,YES,1
C24_027,8b14f732a785c303,pnl_27_pf_27,YES,1
C24_028,2b641c24de6bccbf,pnl_28_pf_28,YES,1
C24_029,40f5372b173fc8c7,pnl_29_pf_29,YES,1
C24_030,d3a08fe63417d427,pnl_30_pf_30,YES,1
C24_031,01acd74854c65749,pnl_31_pf_31,YES,1
C24_032,7421531ae809ee11,pnl_32_pf_32,YES,1
C24_033,0c9f3f08b7655902,pnl_33_pf_33,YES,1
C24_034,9402441dd4c80625,pnl_34_pf_34,YES,1
C24_035,55e5ff3ea2c5abbd,pnl_35_pf_35,YES,1
C24_036,0b12a349c4c31bde,pnl_36_pf_36,YES,1
C24_037,36e700a3965f5224,pnl_37_pf_37,YES,1
C24_038,2417616225b43752,pnl_38_pf_38,YES,1
C24_039,e0e947582496a609,pnl_39_pf_39,YES,1
C24_040,0f40c4bfd8cb3282,pnl_40_pf_40,YES,1
C24_041,ddd8f1898ff2ab4c,pnl_41_pf_41,YES,1
C24_042,9588c83a4667c7ee,pnl_42_pf_42,YES,1
C24_043,b9c662ace39597be,pnl_43_pf_43,YES,1
C24_044,45054ab97b3b3acc,pnl_44_pf_44,YES,1
C24_045,5de15037a4075f15,pnl_45_pf_45,YES,1
C24_046,0025ddb19b307554,pnl_46_pf_46,YES,1
C24_047,52044555a0408c37,pnl_47_pf_47,YES,1
C24_048,32f7634bf3243414,pnl_48_pf_48,YES,1
C24_049,d0edfd16cec29b95,pnl_49_pf_49,YES,1
C24_050,6424128aa7282b6c,pnl_50_pf_50,YES,1
C24_051,05884ac2e9b65818,pnl_51_pf_51,YES,1
C24_052,89cfe8689abdf88e,pnl_52_pf_52,YES,1
C24_053,8ec5f47b979d4fb4,pnl_53_pf_53,YES,1
C24_054,563228d8ddf2baea,pnl_54_pf_54,YES,1
C24_055,7fc36d88ce8d4698,pnl_55_pf_55,YES,1
C24_056,c97a02893269f832,pnl_56_pf_56,YES,1
C24_057,7985f390cec6aaa0,pnl_57_pf_57,YES,1
C24_058,b648e42acc8733b0,pnl_58_pf_58,YES,1
C24_059,448604b48655ee34,pnl_59_pf_59,YES,1
C24_060,fd835f36d5375313,pnl_60_pf_60,YES,1
C24_061,3bc88ee8e05b52cc,pnl_61_pf_61,YES,1
C24_062,f8e30ee17876e0d1,pnl_62_pf_62,YES,1
C24_063,635599053ab1e435,pnl_63_pf_63,YES,1
C24_064,a3669802e93f41d2,pnl_64_pf_64,YES,1
C24_065,99829adf4e6c6978,pnl_65_pf_65,YES,1
C24_066,cb4db242d4f5324d,pnl_66_pf_66,YES,1
C24_067,24ee854a9dcdd60b,pnl_67_pf_67,YES,1
C24_068,38aca9b38aa9a26f,pnl_68_pf_68,YES,1
C24_069,d356287ce1c2674e,pnl_69_pf_69,YES,1
C24_070,851e798a03a82cb6,pnl_70_pf_70,YES,1
C24_071,70e8cd691bfd99ba,pnl_71_pf_71,YES,1
C24_072,5b29ed94cf47d8fe,pnl_72_pf_72,YES,1
C24_073,19fa69d540384cff,pnl_73_pf_73,YES,1
C24_074,c9022250edd11c9b,pnl_74_pf_74,YES,1
C24_075,ef540b2be617eaf0,pnl_75_pf_75,YES,1
C24_076,e2a6e9f4b2d033bd,pnl_76_pf_76,YES,1
C24_077,018865e4be0e6c81,pnl_77_pf_77,YES,1
C24_078,cd4a5907409792da,pnl_78_pf_78,YES,1
C24_079,06a023a0b4b21559,pnl_79_pf_79,YES,1
C24_080,a5ecf6bb42c5ec6c,pnl_80_pf_80,YES,1
C24_081,4227d54791045646,pnl_81_pf_81,YES,1
C24_082,487788a7303d190f,pnl_82_pf_82,YES,1
C24_083,4fcd0f3fa685bde1,pnl_83_pf_83,YES,1
C24_084,3a66846ec28e6d06,pnl_84_pf_84,YES,1
C24_085,a08036a40f218594,pnl_85_pf_85,YES,1
C24_086,55a4287b907b4b50,pnl_86_pf_86,YES,1
C24_087,8bcaa82725609a06,pnl_87_pf_87,YES,1
C24_088,98953a07208a2ff5,pnl_88_pf_88,YES,1
C24_089,ad5b23cb93743ed6,pnl_89_pf_89,YES,1
C24_090,0d8fda42f76e03b6,pnl_90_pf_90,YES,1
C24_091,aa2f613baa773865,pnl_91_pf_91,YES,1
C24_092,33e886e8bcd5152c,pnl_92_pf_92,YES,1
C24_093,a8327eabc06a7d2c,pnl_93_pf_93,YES,1
C24_094,4938d75b47f88dfd,pnl_94_pf_94,YES,1
C24_095,867165958dfc667a,pnl_95_pf_95,YES,1
C24_096,ca2edec3222d18c7,pnl_96_pf_96,YES,1
C24_097,890488882e97cea8,pnl_97_pf_97,YES,1
C24_098,32e40455045cdef9,pnl_98_pf_98,YES,1
C24_099,a050517244fcdeca,pnl_99_pf_99,YES,1
C24_100,e239dc4a7f9eeb6b,pnl_100_pf_100,NO,8
C24_101,9aa6418724a0675e,pnl_101_pf_101,YES,1
C24_102,b119aa834249aa5f,pnl_102_pf_102,YES,1
C24_103,dda040b1cfae01ba,pnl_103_pf_103,YES,1
C24_104,c3e90ea404fe2e33,pnl_104_pf_104,YES,1
C24_105,428131e91ef1c1e4,pnl_105_pf_105,YES,1
C24_106,716c79bd2eca8ea6,pnl_106_pf_106,YES,1
C24_107,541d6ca3ab954a6e,pnl_107_pf_107,YES,1
C24_108,a824af54c7a7cc73,pnl_108_pf_108,YES,1
C24_109,284927e2b5c3e30c,pnl_109_pf_109,YES,1
C24_110,1b9235662d0afd64,pnl_110_pf_110,YES,1
C24_111,36736168290970d7,pnl_111_pf_111,YES,1
C24_112,51a13aa7d6730e18,pnl_112_pf_112,YES,1
C24_113,e43d2910bb4df656,pnl_113_pf_113,YES,1
C24_114,4fc561392511db94,pnl_114_pf_114,YES,1
C24_115,129abd0d56c7f5bb,pnl_115_pf_115,YES,1
C24_116,3f31c7c32eb4e62f,pnl_116_pf_116,YES,1
C24_117,0d28b826b8ddda1d,pnl_117_pf_117,YES,1
C24_118,11089e0f35068343,pnl_118_pf_118,YES,1
C24_119,11ce43ac3bbfc9ed,pnl_119_pf_119,YES,1
C24_120,aaba423c2435e1ef,pnl_120_pf_120,YES,1
C24_121,64313f81d726b7e3,pnl_121_pf_121,YES,1
C24_122,61dfe4106854e75f,pnl_122_pf_122,YES,1
C24_123,71f8c213e2f02cda,pnl_123_pf_123,YES,1
C24_124,940e2c13fb5b84e3,pnl_124_pf_124,YES,1
C24_125,7f742f56e39623c2,pnl_125_pf_125,YES,1
C24_126,e0054bb7e6f94f8a,pnl_126_pf_126,YES,1
C24_127,a79ffcb751c73b63,pnl_127_pf_127,YES,1
C24_128,d20b47ea2beed5da,pnl_128_pf_128,YES,1
C24_129,3ebfaf6bb6df5b2f,pnl_129_pf_129,YES,1
C24_130,1393f246578f612a,pnl_130_pf_130,YES,1
C24_131,aebf39d3f712bf35,pnl_131_pf_131,YES,1
C24_132,db5161e3f437db9a,pnl_132_pf_132,YES,1
C24_133,4b23df2f2efa5828,pnl_133_pf_133,YES,1
C24_134,205f01de5b48219b,pnl_134_pf_134,YES,1
C24_135,6146a1ff14a7442d,pnl_135_pf_135,YES,1
C24_136,223bca1666900cd8,pnl_136_pf_136,YES,1
C24_137,034f98dd43db5a79,pnl_137_pf_137,YES,1
C24_138,0fc4cbe92edfcdae,pnl_138_pf_138,YES,1
C24_139,62fb674f71afdbb1,pnl_139_pf_139,YES,1
C24_140,607440fe68d8e460,pnl_140_pf_140,YES,1
C24_141,09a39ab1d6183a23,pnl_141_pf_141,YES,1
C24_142,f46543fa14d33326,pnl_142_pf_142,YES,1
C24_143,0be4e13d29d4c5ae,pnl_143_pf_143,YES,1
C24_144,9942d870238969e1,pnl_144_pf_144,YES,1
C24_145,b6de3d92d3a6395e,pnl_145_pf_145,YES,1
C24_146,126570971836b74a,pnl_146_pf_146,YES,1
C24_147,d9bac6ff1fa91d7e,pnl_147_pf_147,YES,1
C24_148,c726018e82daa874,pnl_148_pf_148,YES,1
C24_149,75095495efe0f495,pnl_149_pf_149,YES,1
C24_150,a7c2876f09475515,pnl_150_pf_150,YES,1
C24_151,497c8f0d03164e7e,pnl_151_pf_151,YES,1
C24_152,1ace535a94a04e10,pnl_152_pf_152,YES,1
C24_153,a5e1c2e14561a7a3,pnl_153_pf_153,YES,1
C24_154,282d99c347e5f71d,pnl_154_pf_154,YES,1
C24_155,abd2fbea8b636fb3,pnl_155_pf_155,YES,1
C24_156,f1b0bc5a1cb38521,pnl_156_pf_156,YES,1
C24_157,9d463c9c81dd3c3f,pnl_157_pf_157,YES,1
C24_158,7c11b6ddeaaf2b1a,pnl_158_pf_158,YES,1
C24_159,9f05c629a6900921,pnl_159_pf_159,YES,1
C24_160,da843a6f9024d0a0,pnl_160_pf_160,YES,1
C24_161,76c99eda88ef9e51,pnl_161_pf_161,YES,1
C24_162,c04d8bc6b42d4f1a,pnl_162_pf_162,YES,1
C24_163,db2db4a229a81067,pnl_163_pf_163,YES,1
C24_164,370f283fa3847b4f,pnl_164_pf_164,YES,1
C24_165,489ee971a0ff5b68,pnl_165_pf_165,YES,1
C24_166,6e7bac66c25595ab,pnl_166_pf_166,YES,1
C24_167,01b34af6889a07b6,pnl_167_pf_167,YES,1
C24_168,8f266a6453b72d71,pnl_168_pf_168,YES,1
C24_169,f3dcb52baf69c954,pnl_169_pf_169,YES,1
C24_170,257cebd49770c43e,pnl_170_pf_170,YES,1
C24_171,52b0dc0b3dbcf928,pnl_171_pf_171,YES,1
C24_172,787c7c23f90dd24e,pnl_172_pf_172,YES,1
C24_173,1ad36b1c52d09a82,pnl_173_pf_173,YES,1
C24_174,9f0d18d4f5857f62,pnl_174_pf_174,YES,1
C24_175,187f5819aa00e13a,pnl_175_pf_175,YES,1
C24_176,890309d67424d86c,pnl_176_pf_176,YES,1
C24_177,ba5b781081bc9c39,pnl_177_pf_177,YES,1
C24_178,79e3373de7fa29cb,pnl_178_pf_178,YES,1
C24_179,8db148c009665dc9,pnl_179_pf_179,YES,1
C24_180,c2f6c1d900dca347,pnl_180_pf_180,YES,1
C24_181,3bbc2c87e12473c6,pnl_181_pf_181,YES,1
C24_182,4f3abfb60bd2d13f,pnl_182_pf_182,YES,1
C24_183,7fcfe4b48af65637,pnl_183_pf_183,YES,1
C24_184,a352d79f41d4141f,pnl_184_pf_184,YES,1
C24_185,4c1ec96f8ad4c3c6,pnl_185_pf_185,YES,1
C24_186,af56be45bf982ab4,pnl_186_pf_186,YES,1
C24_187,5f1f9cf912c21581,pnl_187_pf_187,YES,1
C24_188,1e57cc6798551509,pnl_188_pf_188,YES,1
C24_189,b34f32e9fe299367,pnl_189_pf_189,YES,1
C24_190,1186776de8bed30f,pnl_190_pf_190,YES,1
C24_191,61181a080815db49,pnl_191_pf_191,YES,1
C24_192,f86af276ab52e1fb,pnl_192_pf_192,YES,1
C24_193,1bcb3aed6560e084,pnl_193_pf_193,YES,1
C24_194,33e9cf7dd99170c1,pnl_194_pf_194,YES,1
C24_195,f26dcdfd608052b6,pnl_195_pf_195,YES,1
C24_196,71dd4ab47abb86cf,pnl_196_pf_196,YES,1
C24_197,38edb8c5c2d5df39,pnl_197_pf_197,YES,1
C24_198,54ddbf315278bb36,pnl_198_pf_198,YES,1
C24_199,daf3d68e14e623f0,pnl_199_pf_199,YES,1
C24_200,118f3f262f1bc38b,pnl_200_pf_200,NO,8
C24_201,c5b75d1aded0ea91,pnl_201_pf_201,YES,1
C24_202,7f0cda5ab645012a,pnl_202_pf_202,YES,1
C24_203,4a1be4157a3034d0,pnl_203_pf_203,YES,1
C24_204,41267be6c2812fbc,pnl_204_pf_204,YES,1
C24_205,e38da3e20f917a13,pnl_205_pf_205,YES,1
C24_206,7827045d953051e1,pnl_206_pf_206,YES,1
C24_207,0889fcb3ba49bc61,pnl_207_pf_207,YES,1
C24_208,78b6b2f5c0e2a4aa,pnl_208_pf_208,YES,1
C24_209,83ca19f38bb07fb6,pnl_209_pf_209,YES,1
C24_210,71262606ba4d371a,pnl_210_pf_210,YES,1
C24_211,e9308828fa13415a,pnl_211_pf_211,YES,1
C24_212,c64cc606977985fe,pnl_212_pf_212,YES,1
C24_213,b14ca49ed543281f,pnl_213_pf_213,YES,1
C24_214,af216cb1baa45e88,pnl_214_pf_214,YES,1
C24_215,f2cc086ae821d072,pnl_215_pf_215,YES,1
C24_216,d7fed5d8188aa25e,pnl_216_pf_216,YES,1
C24_217,a271f9e696f05661,pnl_217_pf_217,YES,1
C24_218,0828b36751615536,pnl_218_pf_218,YES,1
C24_219,6647eb84396cdcbe,pnl_219_pf_219,YES,1
C24_220,9c807447cd8abc3c,pnl_220_pf_220,YES,1
C24_221,e2eec17e51eafc0e,pnl_221_pf_221,YES,1
C24_222,04555b887a2637d9,pnl_222_pf_222,YES,1
C24_223,0354ce2214d7f482,pnl_223_pf_223,YES,1
C24_224,c4752244905995c1,pnl_224_pf_224,YES,1
C24_225,3b58aa06d9610c5b,pnl_225_pf_225,YES,1
C24_226,f7ad9289296b0758,pnl_226_pf_226,YES,1
C24_227,8c18a7384d1aa542,pnl_227_pf_227,YES,1
C24_228,e1903bd5ad095b60,pnl_228_pf_228,YES,1
C24_229,3c52800e8b304ba8,pnl_229_pf_229,YES,1
C24_230,d6c1fdca6908c45a,pnl_230_pf_230,YES,1
C24_231,5002230500c26e2d,pnl_231_pf_231,YES,1
C24_232,b72bb63b76d4b291,pnl_232_pf_232,YES,1
C24_233,a5c0f920a211cbd9,pnl_233_pf_233,YES,1
C24_234,e3b42218687c3f84,pnl_234_pf_234,YES,1
C24_235,7afce568cba52451,pnl_235_pf_235,YES,1
C24_236,de7e9cd83d1650c3,pnl_236_pf_236,YES,1
C24_237,5b4d4234a8ca4064,pnl_237_pf_237,YES,1
C24_238,4fbc9a3eb6b4b678,pnl_238_pf_238,YES,1
C24_239,d688669e83f40cf0,pnl_239_pf_239,YES,1
C24_240,f539ebef083d0a44,pnl_240_pf_240,YES,1
C24_241,01886bdde2c16165,pnl_241_pf_241,YES,1
C24_242,10f7e4a576867cb9,pnl_242_pf_242,YES,1
C24_243,25270007f4f52151,pnl_243_pf_243,YES,1
C24_244,28b06433020dffaa,pnl_244_pf_244,YES,1
C24_245,7adb72d6ac5df856,pnl_245_pf_245,YES,1
C24_246,e005f2f84186a2e3,pnl_246_pf_246,YES,1
C24_247,7cfb7b7e32ca8d82,pnl_247_pf_247,YES,1
C24_248,e0b1b512e35bee8b,pnl_248_pf_248,YES,1
C24_249,ed4f0c33bd3e7b56,pnl_249_pf_249,YES,1
C24_250,9647689c6b735238,pnl_250_pf_250,YES,1
C24_251,d87c98ae4b555ec6,pnl_251_pf_251,YES,1
C24_252,51d414ad7426fcf1,pnl_252_pf_252,YES,1
C24_253,6aeb6292ae72372b,pnl_253_pf_253,YES,1
C24_254,3fb293279319afd9,pnl_254_pf_254,YES,1
C24_255,50566b6fb5b15acf,pnl_255_pf_255,YES,1
C24_256,b7546bd5f0fede6c,pnl_256_pf_256,YES,1
C24_257,3a8c8b24c43f0270,pnl_257_pf_257,YES,1
C24_258,30a7ffef701e6eff,pnl_258_pf_258,YES,1
C24_259,a826558805b73e46,pnl_259_pf_259,YES,1
C24_260,c550683a41973d1a,pnl_260_pf_260,YES,1
C24_261,ed9ce3b3610f5c0d,pnl_261_pf_261,YES,1
C24_262,639609da6912929b,pnl_262_pf_262,YES,1
C24_263,fae9d26b40a2b735,pnl_263_pf_263,YES,1
C24_264,52e03a722b76fb40,pnl_264_pf_264,YES,1
C24_265,aa9f3628336e00df,pnl_265_pf_265,YES,1
C24_266,5291d4263b81eba3,pnl_266_pf_266,YES,1
C24_267,8e25bceefd15cf9f,pnl_267_pf_267,YES,1
C24_268,81ef4172c4faf5c9,pnl_268_pf_268,YES,1
C24_269,3d6ed56884eca904,pnl_269_pf_269,YES,1
C24_270,84119d699ce98018,pnl_270_pf_270,YES,1
C24_271,3724999817637594,pnl_271_pf_271,YES,1
C24_272,fc9a454c5d4a8a39,pnl_272_pf_272,YES,1
C24_273,dc0691029faead8f,pnl_273_pf_273,YES,1
C24_274,499c0e0cf868038e,pnl_274_pf_274,YES,1
C24_275,f4d1804d4c6e801f,pnl_275_pf_275,YES,1
C24_276,8ef489966bc4fe77,pnl_276_pf_276,YES,1
C24_277,5a16e59b6d053faa,pnl_277_pf_277,YES,1
C24_278,744cbb983fe8230b,pnl_278_pf_278,YES,1
C24_279,84ec18d4369464df,pnl_279_pf_279,YES,1
C24_280,df8ba16e0f84a5f8,pnl_280_pf_280,YES,1
C24_281,1acdbfb6d6eebf40,pnl_281_pf_281,YES,1
C24_282,934a27c5888e47a8,pnl_282_pf_282,YES,1
C24_283,46472e91ad175a2f,pnl_283_pf_283,YES,1
C24_284,de719dfd570eb9b4,pnl_284_pf_284,YES,1
C24_285,8b2abec15a6a70e6,pnl_285_pf_285,YES,1
C24_286,652923f6a6556721,pnl_286_pf_286,YES,1
C24_287,c886ddf94e0ff5a6,pnl_287_pf_287,YES,1
C24_288,4548ee35588b53b3,pnl_288_pf_288,YES,1
C24_289,33a6569b7d8acd60,pnl_289_pf_289,YES,1
C24_290,9d0dc7588403ab22,pnl_290_pf_290,YES,1
C24_291,dee227202a076fa0,pnl_291_pf_291,YES,1
C24_292,940f024825cec4dc,pnl_292_pf_292,YES,1
C24_293,ebd1b7963afe9170,pnl_293_pf_293,YES,1
C24_294,8fcaa79e74bcd00c,pnl_294_pf_294,YES,1
C24_295,16b3e478a51bed16,pnl_295_pf_295,YES,1
C24_296,726b41d3ac5067ba,pnl_296_pf_296,YES,1
C24_297,b7745747b6784bb4,pnl_297_pf_297,YES,1
C24_298,0a9e64984f1d2cb9,pnl_298_pf_298,YES,1
C24_299,e8e522353029e6f1,pnl_299_pf_299,YES,1
C24_300,c64acbb230822b95,pnl_300_pf_300,NO,8
C24_301,21d44bbc7f4e53b8,pnl_301_pf_301,YES,1
C24_302,39fc4d113b42ebed,pnl_302_pf_302,YES,1
C24_303,5968bc0b32171903,pnl_303_pf_303,YES,1
C24_304,882feab443d41f1a,pnl_304_pf_304,YES,1
C24_305,d3d6d0545b884a0e,pnl_305_pf_305,YES,1
C24_306,4301b0a59c362cc4,pnl_306_pf_306,YES,1
C24_307,50d81334ddec1598,pnl_307_pf_307,YES,1
C24_308,21ceb4633c341c70,pnl_308_pf_308,YES,1
C24_309,bdd5b67be24ab668,pnl_309_pf_309,YES,1
C24_310,5fa810de680a6c40,pnl_310_pf_310,YES,1
C24_311,dd2d0385276b8044,pnl_311_pf_311,YES,1
C24_312,3c850cef999b69d0,pnl_312_pf_312,YES,1
C24_313,585abe6f5d0852b6,pnl_313_pf_313,YES,1
C24_314,da6e6d9a87311684,pnl_314_pf_314,YES,1
C24_315,1c61d12781f076bd,pnl_315_pf_315,YES,1
C24_316,f536026a3510d035,pnl_316_pf_316,YES,1
C24_317,959f41554786378e,pnl_317_pf_317,YES,1
C24_318,24f2617d4ddd3081,pnl_318_pf_318,YES,1
C24_319,2ca7e7673b79762f,pnl_319_pf_319,YES,1
C24_320,b90b863c1812361b,pnl_320_pf_320,YES,1
C24_321,efe67b98a428799f,pnl_321_pf_321,YES,1
C24_322,e26f1093600df96d,pnl_322_pf_322,YES,1
C24_323,603831ec0a993853,pnl_323_pf_323,YES,1
C24_324,2de02b67583e8af0,pnl_324_pf_324,YES,1
C24_325,c27939a3d1cbb2d1,pnl_325_pf_325,YES,1
C24_326,668c57f296f24cef,pnl_326_pf_326,YES,1
C24_327,2f72e7065ec6c4dd,pnl_327_pf_327,YES,1
C24_328,ca7bbee11b708d06,pnl_328_pf_328,YES,1
C24_329,58fde4bf35d05840,pnl_329_pf_329,YES,1
C24_330,86a63b82e315269c,pnl_330_pf_330,YES,1
C24_331,38731e095f4fba7e,pnl_331_pf_331,YES,1
C24_332,9e118157c351075e,pnl_332_pf_332,YES,1
C24_333,630fc059ed49d7fb,pnl_333_pf_333,YES,1
C24_334,0ab3eca0c6ff4910,pnl_334_pf_334,YES,1
C24_335,8e635a5b9b29073f,pnl_335_pf_335,YES,1
C24_336,6889b35d09dca51c,pnl_336_pf_336,YES,1
C24_337,bcbf65642949f9ac,pnl_337_pf_337,YES,1
C24_338,9e1461460b35e215,pnl_338_pf_338,YES,1
C24_339,ad456abf06df20da,pnl_339_pf_339,YES,1
C24_340,3423d801bcce4297,pnl_340_pf_340,YES,1
C24_341,99367ab4f2b9b46a,pnl_341_pf_341,YES,1
C24_342,dd0142b3220adb52,pnl_342_pf_342,YES,1
C24_343,f857165b90a12283,pnl_343_pf_343,YES,1
C24_344,99f3c1ed9caffed9,pnl_344_pf_344,YES,1
C24_345,92e321a68a2999f1,pnl_345_pf_345,YES,1
C24_346,fc6872d94ce414d5,pnl_346_pf_346,YES,1
C24_347,026d03b10ab3b0f4,pnl_347_pf_347,YES,1
C24_348,3e7945d2402ad5df,pnl_348_pf_348,YES,1
C24_349,6e23bfd14aa4f1ae,pnl_349_pf_349,YES,1
C24_350,ce4d0a4196372e2e,pnl_350_pf_350,YES,1
C24_351,b724f0ce8280e28a,pnl_351_pf_351,YES,1
C24_352,de24b47fcfa53e32,pnl_352_pf_352,YES,1
C24_353,5d7ad5c593c859a2,pnl_353_pf_353,YES,1
C24_354,c42092c66ade78d6,pnl_354_pf_354,YES,1
C24_355,b2ebbcdf1752cb96,pnl_355_pf_355,YES,1
C24_356,0eb030d47bd90ba3,pnl_356_pf_356,YES,1
C24_357,e86023eecc9374d6,pnl_357_pf_357,YES,1
C24_358,2010c52f7c4f4482,pnl_358_pf_358,YES,1
C24_359,034cfc9063f98d81,pnl_359_pf_359,YES,1
C24_360,013e0e0d690c3293,pnl_360_pf_360,YES,1
C24_361,c22e2d2bc9273265,pnl_361_pf_361,YES,1
C24_362,98fcd4dc5b3933fc,pnl_362_pf_362,YES,1
C24_363,fc08db19a00c6c06,pnl_363_pf_363,YES,1
C24_364,bcd17de6f27af57a,pnl_364_pf_364,YES,1
C24_365,dbe263d70e051034,pnl_365_pf_365,YES,1
C24_366,c6b8c5258b478b97,pnl_366_pf_366,YES,1
C24_367,265408fa50b0b3c0,pnl_367_pf_367,YES,1
C24_368,1dc67a1476272ec4,pnl_368_pf_368,YES,1
C24_369,2b806915f723f827,pnl_369_pf_369,YES,1
C24_370,f0d83e68c7698b3a,pnl_370_pf_370,YES,1
C24_371,5372e3563a4a87ae,pnl_371_pf_371,YES,1
C24_372,9a0a51a850130b58,pnl_372_pf_372,YES,1
C24_373,8e13134341f807cd,pnl_373_pf_373,YES,1
C24_374,dd037cbd69fa47d8,pnl_374_pf_374,YES,1
C24_375,c5ef21810d40ee0e,pnl_375_pf_375,YES,1
C24_376,809545c3b7a0cd31,pnl_376_pf_376,YES,1
C24_377,d6c640e49d41638c,pnl_377_pf_377,YES,1
C24_378,c75853b2a00feae3,pnl_378_pf_378,YES,1
C24_379,293380582afd5afa,pnl_379_pf_379,YES,1
C24_380,ef2a04d710cffaa4,pnl_380_pf_380,YES,1
C24_381,e6a6a851ec8e3087,pnl_381_pf_381,YES,1
C24_382,c4c4422062ed51c3,pnl_382_pf_382,YES,1
C24_383,afb2c6597e13c779,pnl_383_pf_383,YES,1
C24_384,8c67f096cf6a1bac,pnl_384_pf_384,YES,1
C24_385,2e56990d54748698,pnl_385_pf_385,YES,1
C24_386,4abb29282b48f86b,pnl_386_pf_386,YES,1
C24_387,e9d84848dd5edd76,pnl_387_pf_387,YES,1
C24_388,d9139bd244b93c28,pnl_388_pf_388,YES,1
C24_389,697267de2efa9e94,pnl_389_pf_389,YES,1
C24_390,ee17ce714c1c2085,pnl_390_pf_390,YES,1
C24_391,396ffc967ceb177c,pnl_391_pf_391,YES,1
C24_392,075902211c93d493,pnl_392_pf_392,YES,1
C24_393,ec531925f103c8b8,pnl_393_pf_393,YES,1
C24_394,dcae79ebfc5ad5d0,pnl_394_pf_394,YES,1
C24_395,c9d830c836fa3986,pnl_395_pf_395,YES,1
C24_396,2b00cc51ffb634b9,pnl_396_pf_396,YES,1
C24_397,b57d206e7f818942,pnl_397_pf_397,YES,1
C24_398,7548b4008ee20cff,pnl_398_pf_398,YES,1
C24_399,2605c5f8360e2e54,pnl_399_pf_399,YES,1
C24_400,2a17747ce009bd93,pnl_400_pf_400,NO,8
C24_401,4ab7fcc122fc4dd8,pnl_401_pf_401,YES,1
C24_402,4ccb01848b1be851,pnl_402_pf_402,YES,1
C24_403,6d77b8cf9f0e8055,pnl_403_pf_403,YES,1
C24_404,d7607d6cdebc1b89,pnl_404_pf_404,YES,1
C24_405,ac8b783c297103fe,pnl_405_pf_405,YES,1
C24_406,0b4ec8389ec8fe4a,pnl_406_pf_406,YES,1
C24_407,f2389b2383a257e0,pnl_407_pf_407,YES,1
C24_408,0a34060f8ac27df0,pnl_408_pf_408,YES,1
C24_409,d7b0e57716bbb8b1,pnl_409_pf_409,YES,1
C24_410,86733d0bed1ecbaf,pnl_410_pf_410,YES,1
C24_411,0a1ffba25c4ec81e,pnl_411_pf_411,YES,1
C24_412,3a10dd03471fa8b0,pnl_412_pf_412,YES,1
C24_413,0433585d553354e9,pnl_413_pf_413,YES,1
C24_414,895639909a30d544,pnl_414_pf_414,YES,1
C24_415,6e07894e69ebe86b,pnl_415_pf_415,YES,1
C24_416,3e206186edb76135,pnl_416_pf_416,YES,1
C24_417,fd69f9e89c4a8071,pnl_417_pf_417,YES,1
C24_418,c37b4991d9f1ef5d,pnl_418_pf_418,YES,1
C24_419,196cedc603fb0449,pnl_419_pf_419,YES,1
C24_420,59b3b2dc772852bb,pnl_420_pf_420,YES,1
C24_421,5f72e4dd342ec820,pnl_421_pf_421,YES,1
C24_422,66a2656fcddf0b74,pnl_422_pf_422,YES,1
C24_423,178033ad6e91d4ae,pnl_423_pf_423,YES,1
C24_424,d908330a5c93f912,pnl_424_pf_424,YES,1
C24_425,cc4bd94b370f1d48,pnl_425_pf_425,YES,1
C24_426,146a679f14053f79,pnl_426_pf_426,YES,1
C24_427,6554af723ab6517a,pnl_427_pf_427,YES,1
C24_428,87d0030a9290b96d,pnl_428_pf_428,YES,1
C24_429,ca7fdf0d5d78c4fc,pnl_429_pf_429,YES,1
C24_430,1e0029a8ccee3869,pnl_430_pf_430,YES,1
C24_431,8a45f339115f8666,pnl_431_pf_431,YES,1
C24_432,f81255e23ca5a742,pnl_432_pf_432,YES,1
C24_433,c1cf0cb26c463e17,pnl_433_pf_433,YES,1
C24_434,9d17d2cb3273465e,pnl_434_pf_434,YES,1
C24_435,b59514cfff3fca21,pnl_435_pf_435,YES,1
C24_436,17360197a4751a65,pnl_436_pf_436,YES,1
C24_437,f17c8cd9ad2462e8,pnl_437_pf_437,YES,1
C24_438,b5c75d23451794eb,pnl_438_pf_438,YES,1
C24_439,2df755227d2e6d95,pnl_439_pf_439,YES,1
C24_440,89cfd37c39bfc4d6,pnl_440_pf_440,YES,1
C24_441,929dfd9d06f4882c,pnl_441_pf_441,YES,1
C24_442,0612f66db6edb380,pnl_442_pf_442,YES,1
C24_443,2ad85c37fda33008,pnl_443_pf_443,YES,1
C24_444,ed431ee31955351b,pnl_444_pf_444,YES,1
C24_445,e29b15ca79b05dcb,pnl_445_pf_445,YES,1
C24_446,b6178009486fc2fa,pnl_446_pf_446,YES,1
C24_447,d91c303cda7c2689,pnl_447_pf_447,YES,1
C24_448,266082d3754c373c,pnl_448_pf_448,YES,1
C24_449,3bcc8a5b73238dc2,pnl_449_pf_449,YES,1
C24_450,0e9d8788f5348521,pnl_450_pf_450,YES,1
C24_451,7b62439c24350ca0,pnl_451_pf_451,YES,1
C24_452,59e37386d8ef98a3,pnl_452_pf_452,YES,1
C24_453,7409eaa159b64197,pnl_453_pf_453,YES,1
C24_454,a1cbbe208a3296f2,pnl_454_pf_454,YES,1
C24_455,7e8843e00c264fae,pnl_455_pf_455,YES,1
C24_456,301e0e43357f2b59,pnl_456_pf_456,YES,1
C24_457,3da452ce481bdb83,pnl_457_pf_457,YES,1
C24_458,b45a555b7cb0fe26,pnl_458_pf_458,YES,1
C24_459,8ed3d9c47051c310,pnl_459_pf_459,YES,1
C24_460,b45ef9ad9ec40ffa,pnl_460_pf_460,YES,1
C24_461,127406602578d025,pnl_461_pf_461,YES,1
C24_462,5df5161dd8df177c,pnl_462_pf_462,YES,1
C24_463,6c7c7ee2effc113f,pnl_463_pf_463,YES,1
C24_464,6efaa236b7adcaaf,pnl_464_pf_464,YES,1
C24_465,8a12bd90b67daace,pnl_465_pf_465,YES,1
C24_466,1fb30ea555809deb,pnl_466_pf_466,YES,1
C24_467,8c87992fd11f466c,pnl_467_pf_467,YES,1
C24_468,c355d2cb050f47bd,pnl_468_pf_468,YES,1
C24_469,f8aa0ad1ef4dee95,pnl_469_pf_469,YES,1
C24_470,c6e9b234003a0e37,pnl_470_pf_470,YES,1
C24_471,47321d579e4515a5,pnl_471_pf_471,YES,1
C24_472,ed359f7839fec4f8,pnl_472_pf_472,YES,1
C24_473,768b1553f111b054,pnl_473_pf_473,YES,1
C24_474,31a66ea3ec5d3fd4,pnl_474_pf_474,YES,1
C24_475,013f5004633fddd7,pnl_475_pf_475,YES,1
C24_476,7029a904854eae81,pnl_476_pf_476,YES,1
C24_477,73f71d55c129a89e,pnl_477_pf_477,YES,1
C24_478,b50893b8ce2b4848,pnl_478_pf_478,YES,1
C24_479,ff3f6238f4104968,pnl_479_pf_479,YES,1
C24_480,110b8b53c2ce8291,pnl_480_pf_480,YES,1
C24_481,0cbc837617742e0e,pnl_481_pf_481,YES,1
C24_482,fd59c49a5f0a6bc3,pnl_482_pf_482,YES,1
C24_483,1b31c91fbf968064,pnl_483_pf_483,YES,1
C24_484,3edd4d634a2863e3,pnl_484_pf_484,YES,1
C24_485,90bd4a6884fd542d,pnl_485_pf_485,YES,1
C24_486,f11a88faba2dfae7,pnl_486_pf_486,YES,1
C24_487,510d90e682f5476c,pnl_487_pf_487,YES,1
C24_488,76daddd8ee4bdcf6,pnl_488_pf_488,YES,1
C24_489,ea47a37a60ee05f6,pnl_489_pf_489,YES,1
C24_490,493dc853a6d7ed3a,pnl_490_pf_490,YES,1
C24_491,0704be0d60dac03f,pnl_491_pf_491,YES,1
C24_492,8b7735f7be0cd77d,pnl_492_pf_492,YES,1
C24_493,87a512cabf801294,pnl_493_pf_493,YES,1
C24_494,9896034d1547d3a8,pnl_494_pf_494,YES,1
C24_495,57d8ac0a281fa1f1,pnl_495_pf_495,YES,1
C24_496,92f5fa9404bdd61e,pnl_496_pf_496,YES,1
C24_497,2348cd9795db358b,pnl_497_pf_497,YES,1
C24_498,389681f8d33d687f,pnl_498_pf_498,YES,1
C24_499,6e44345b4dbd51d7,pnl_499_pf_499,YES,1
C24_500,9e763e167dc348c9,pnl_500_pf_500,NO,8
C24_501,4a192babf8663144,pnl_501_pf_501,YES,1
C24_502,caed7fc60fdf42fc,pnl_502_pf_502,YES,1
C24_503,de7dfc6f93d08630,pnl_503_pf_503,YES,1
C24_504,11d35b496d6ce3cd,pnl_504_pf_504,YES,1
C24_505,476b309bc4957dc9,pnl_505_pf_505,YES,1
C24_506,69ef288581f97f03,pnl_506_pf_506,YES,1
C24_507,6e423e4247e8134b,pnl_507_pf_507,YES,1
C24_508,68d4a42295143b05,pnl_508_pf_508,YES,1
C24_509,f759f4beb5f1120b,pnl_509_pf_509,YES,1
C24_510,d0dd3303e5871afe,pnl_510_pf_510,YES,1
C24_511,4b1630c99a91bca1,pnl_511_pf_511,YES,1
C24_512,249b94336d0d886d,pnl_512_pf_512,YES,1
C24_513,45b84246c8e762f9,pnl_513_pf_513,YES,1
C24_514,6fcae210dda0a5db,pnl_514_pf_514,YES,1
C24_515,7af83f57c21dcfa7,pnl_515_pf_515,YES,1
C24_516,0b03cb0b28f4a81a,pnl_516_pf_516,YES,1
C24_517,52b4cbdbeb0e8854,pnl_517_pf_517,YES,1
C24_518,0bee0912a315eaeb,pnl_518_pf_518,YES,1
C24_519,e3e8562cde2d324e,pnl_519_pf_519,YES,1
C24_520,970f45904cecbad5,pnl_520_pf_520,YES,1
C24_521,eec1cd51e911ea27,pnl_521_pf_521,YES,1
C24_522,b1553e8599c69c3b,pnl_522_pf_522,YES,1
C24_523,26c4a1a694554d89,pnl_523_pf_523,YES,1
C24_524,59c051cf76879bb6,pnl_524_pf_524,YES,1
C24_525,0c175f0782c455fc,pnl_525_pf_525,YES,1
C24_526,ec7dde6345e10e0d,pnl_526_pf_526,YES,1
C24_527,8bc43fe9eed251b2,pnl_527_pf_527,YES,1
C24_528,e2d7d9eaa5d29fb0,pnl_528_pf_528,YES,1
C24_529,e744adf03e2a98c0,pnl_529_pf_529,YES,1
C24_530,573a9e2ea3364f34,pnl_530_pf_530,YES,1
C24_531,b9ebb25baf430877,pnl_531_pf_531,YES,1
C24_532,b3be9d0f71d83be4,pnl_532_pf_532,YES,1
C24_533,9f6530859ab77ff4,pnl_533_pf_533,YES,1
C24_534,5d1f93204f96b8a4,pnl_534_pf_534,YES,1
C24_535,d965d1259528c67e,pnl_535_pf_535,YES,1
C24_536,3dc7151a57f7f074,pnl_536_pf_536,YES,1
C24_537,77f24028ed7872c6,pnl_537_pf_537,YES,1
C24_538,10b76f09de818f4e,pnl_538_pf_538,YES,1
C24_539,37b07f024111acb4,pnl_539_pf_539,YES,1
C24_540,964428aa35e06d19,pnl_540_pf_540,YES,1
C24_541,6e75e985d2479b3e,pnl_541_pf_541,YES,1
C24_542,83b08672562a05f5,pnl_542_pf_542,YES,1
C24_543,e187e1be08f882e8,pnl_543_pf_543,YES,1
C24_544,d3b2c72338c34135,pnl_544_pf_544,YES,1
C24_545,57bb97cc5bd4c6d9,pnl_545_pf_545,YES,1
C24_546,442e05cd677972b3,pnl_546_pf_546,YES,1
C24_547,a62618576b0684d6,pnl_547_pf_547,YES,1
C24_548,8526b4c3696ed59f,pnl_548_pf_548,YES,1
C24_549,833285315fbd169f,pnl_549_pf_549,YES,1
C24_550,34b2a5513660a151,pnl_550_pf_550,YES,1
C24_551,9440d75620c1a402,pnl_551_pf_551,YES,1
C24_552,200e7163132c00b1,pnl_552_pf_552,YES,1
C24_553,413dbc91e7e55e7d,pnl_553_pf_553,YES,1
C24_554,352725df62a3f3d1,pnl_554_pf_554,YES,1
C24_555,01e029f80b20fc63,pnl_555_pf_555,YES,1
C24_556,f0113b6da27459ed,pnl_556_pf_556,YES,1
C24_557,319884d4fcb27e07,pnl_557_pf_557,YES,1
C24_558,52f5a048d2f37b6b,pnl_558_pf_558,YES,1
C24_559,4437bcf8f14cc805,pnl_559_pf_559,YES,1
C24_560,0919b4885f5d7d18,pnl_560_pf_560,YES,1
C24_561,640153a37424b054,pnl_561_pf_561,YES,1
C24_562,ff41c2bce65276e6,pnl_562_pf_562,YES,1
C24_563,238fdbfb8df88831,pnl_563_pf_563,YES,1
C24_564,b224c3c4c8c5241a,pnl_564_pf_564,YES,1
C24_565,64fcbffa3b83dea5,pnl_565_pf_565,YES,1
C24_566,fb29bd3752740975,pnl_566_pf_566,YES,1
C24_567,2d891f7a6153118d,pnl_567_pf_567,YES,1
C24_568,4a165e965db3ba2b,pnl_568_pf_568,YES,1
C24_569,4dabf3b9d222a7e8,pnl_569_pf_569,YES,1
C24_570,9e07b7a2dd1a9f07,pnl_570_pf_570,YES,1
C24_571,9ef16f5abea825e9,pnl_571_pf_571,YES,1
C24_572,7230d34ea72dedda,pnl_572_pf_572,YES,1
C24_573,d310e9c38d33df9f,pnl_573_pf_573,YES,1
C24_574,9dd9d8eedf2aec68,pnl_574_pf_574,YES,1
C24_575,de5b28ffea4808a7,pnl_575_pf_575,YES,1
C24_576,8ac00bcfa611646a,pnl_576_pf_576,YES,1
C24_577,b6ed17ce268799b0,pnl_577_pf_577,YES,1
C24_578,8a2f211992fc2ea0,pnl_578_pf_578,YES,1
C24_579,d093112342ee1398,pnl_579_pf_579,YES,1
C24_580,f7e2780f7cda6b83,pnl_580_pf_580,YES,1
C24_581,94f57e6e92259be2,pnl_581_pf_581,YES,1
C24_582,fd58932fbc9db6dc,pnl_582_pf_582,YES,1
C24_583,56fcab83becb71fc,pnl_583_pf_583,YES,1
C24_584,fffbdf49160fe30f,pnl_584_pf_584,YES,1
C24_585,a94adcea29f5365f,pnl_585_pf_585,YES,1
C24_586,94cb0ba31f0a2666,pnl_586_pf_586,YES,1
C24_587,b58a49f00e81fd20,pnl_587_pf_587,YES,1
C24_588,b2aea7b99a8456c3,pnl_588_pf_588,YES,1
C24_589,b481a7825e12062f,pnl_589_pf_589,YES,1
C24_590,45eec0e3c26447f2,pnl_590_pf_590,YES,1
C24_591,9c653df7b4056ab6,pnl_591_pf_591,YES,1
C24_592,61363e2f5eda95b0,pnl_592_pf_592,YES,1
C24_593,65638c69a90e8d3b,pnl_593_pf_593,YES,1
C24_594,ca62ba41f9a12dc5,pnl_594_pf_594,YES,1
C24_595,1bb95a38bd4bada4,pnl_595_pf_595,YES,1
C24_596,6abf7121a184bd5b,pnl_596_pf_596,YES,1
C24_597,554ac2853e3f2d98,pnl_597_pf_597,YES,1
C24_598,16d436f506b747df,pnl_598_pf_598,YES,1
C24_599,591a0d6cab68c50e,pnl_599_pf_599,YES,1
C24_600,d07b5da00712f66c,pnl_600_pf_600,NO,8
C24_601,9049543a9731da6d,pnl_601_pf_601,YES,1
C24_602,72ad3a8b4783b5c9,pnl_602_pf_602,YES,1
C24_603,cd47fa58672c87a6,pnl_603_pf_603,YES,1
C24_604,6b2b84548a635d59,pnl_604_pf_604,YES,1
C24_605,5c037604616039ed,pnl_605_pf_605,YES,1
C24_606,3ac74e5289f8a618,pnl_606_pf_606,YES,1
C24_607,0fff930e13e1c8f2,pnl_607_pf_607,YES,1
C24_608,fd5e561d8a1a41ff,pnl_608_pf_608,YES,1
C24_609,3537e2e50e58047b,pnl_609_pf_609,YES,1
C24_610,57a75e115c561b09,pnl_610_pf_610,YES,1
C24_611,f920095c56fda2c0,pnl_611_pf_611,YES,1
C24_612,4559b44d5317322d,pnl_612_pf_612,YES,1
C24_613,bab238f178f5dea9,pnl_613_pf_613,YES,1
C24_614,8bd68ab28a13b383,pnl_614_pf_614,YES,1
C24_615,4484348ef5dfb660,pnl_615_pf_615,YES,1
C24_616,6771e238cc09e1ea,pnl_616_pf_616,YES,1
C24_617,55b0268bcd6fc4c6,pnl_617_pf_617,YES,1
C24_618,533d442f184a8ca1,pnl_618_pf_618,YES,1
C24_619,02386efdd311d92f,pnl_619_pf_619,YES,1
C24_620,b0c147e2878c6b1f,pnl_620_pf_620,YES,1
C24_621,4f6b265983e45ded,pnl_621_pf_621,YES,1
C24_622,98cf9fc23ae0e685,pnl_622_pf_622,YES,1
C24_623,c3ffa5c8c59e7d58,pnl_623_pf_623,YES,1
C24_624,f191bada89abd7f2,pnl_624_pf_624,YES,1
C24_625,46ab80e43c73af43,pnl_625_pf_625,YES,1
C24_626,9f7595f0129377ec,pnl_626_pf_626,YES,1
C24_627,f43c2b9ea5801f67,pnl_627_pf_627,YES,1
C24_628,7544bb40ee56e47b,pnl_628_pf_628,YES,1
C24_629,5f839f0f0e949d26,pnl_629_pf_629,YES,1
C24_630,e122000a94526493,pnl_630_pf_630,YES,1
C24_631,0756eb92c95b5b06,pnl_631_pf_631,YES,1
C24_632,bf842de0f0e340b2,pnl_632_pf_632,YES,1
C24_633,ef74bbe28e92deb3,pnl_633_pf_633,YES,1
C24_634,cb9b5220081f66bc,pnl_634_pf_634,YES,1
C24_635,fc11b53c1935bddf,pnl_635_pf_635,YES,1
C24_636,524d70ee32b9a657,pnl_636_pf_636,YES,1
C24_637,43a48c806355b25b,pnl_637_pf_637,YES,1
C24_638,8ee1ea44cc793a61,pnl_638_pf_638,YES,1
C24_639,b95bce959a41da6d,pnl_639_pf_639,YES,1
C24_640,fd22304031f7323e,pnl_640_pf_640,YES,1
C24_641,29545923e6f6df1d,pnl_641_pf_641,YES,1
C24_642,948ec0b783ee6cba,pnl_642_pf_642,YES,1
C24_643,7dff851610282554,pnl_643_pf_643,YES,1
C24_644,c69a79276617fa72,pnl_644_pf_644,YES,1
C24_645,92c8d54967bb4046,pnl_645_pf_645,YES,1
C24_646,e7327842839078e7,pnl_646_pf_646,YES,1
C24_647,16ddfaaa673c0ea4,pnl_647_pf_647,YES,1
C24_648,a8d4693e61b33889,pnl_648_pf_648,YES,1
C24_649,d4b99150c700dcd9,pnl_649_pf_649,YES,1
C24_650,40e0b3698fb79cbf,pnl_650_pf_650,YES,1
C24_651,1f70d75afc384c74,pnl_651_pf_651,YES,1
C24_652,ebd430cfba08608b,pnl_652_pf_652,YES,1
C24_653,820592aeed108cee,pnl_653_pf_653,YES,1
C24_654,825a2bb16563b14f,pnl_654_pf_654,YES,1
C24_655,2eefc4b00dc0acb9,pnl_655_pf_655,YES,1
C24_656,c93039b9231b65a6,pnl_656_pf_656,YES,1
C24_657,809fb6328a8a4cf0,pnl_657_pf_657,YES,1
C24_658,763103fad987ec3c,pnl_658_pf_658,YES,1
C24_659,0710d5ceac135e93,pnl_659_pf_659,YES,1
C24_660,5ce2011f1c76bdc2,pnl_660_pf_660,YES,1
C24_661,a23dbbc093f9c8db,pnl_661_pf_661,YES,1
C24_662,3e7dca7fe01a27f2,pnl_662_pf_662,YES,1
C24_663,030fdd8135d53291,pnl_663_pf_663,YES,1
C24_664,7a4840d9cc87caf1,pnl_664_pf_664,YES,1
C24_665,8f699d00b8899b60,pnl_665_pf_665,YES,1
C24_666,2e1c06c736529838,pnl_666_pf_666,YES,1
C24_667,9984bd112ffbf7a8,pnl_667_pf_667,YES,1
C24_668,a5786c015317603d,pnl_668_pf_668,YES,1
C24_669,2947381832c71b23,pnl_669_pf_669,YES,1
C24_670,0b521adf55d4b4b1,pnl_670_pf_670,YES,1
C24_671,4b080e6da8e6a7b8,pnl_671_pf_671,YES,1
C24_672,277fb54dc29d3738,pnl_672_pf_672,YES,1
C24_673,9182c7f3ff6e7d1e,pnl_673_pf_673,YES,1
C24_674,b039333b71a1b3b4,pnl_674_pf_674,YES,1
C24_675,403e27c608c80fdf,pnl_675_pf_675,YES,1
C24_676,21065d7e2fb5ba90,pnl_676_pf_676,YES,1
C24_677,b3ab7b906ea6763c,pnl_677_pf_677,YES,1
C24_678,80950245cd2e0c8b,pnl_678_pf_678,YES,1
C24_679,161fa6a9efb5d147,pnl_679_pf_679,YES,1
C24_680,508ed4b9f14dcdea,pnl_680_pf_680,YES,1
C24_681,d097fba1df9a12b1,pnl_681_pf_681,YES,1
C24_682,8affff7de2bef18e,pnl_682_pf_682,YES,1
C24_683,fdb2234bf9c16ddf,pnl_683_pf_683,YES,1
C24_684,10b6f69d4a8f1e7b,pnl_684_pf_684,YES,1
C24_685,25a39d63b116b6fe,pnl_685_pf_685,YES,1
C24_686,2ba6870d6836ef23,pnl_686_pf_686,YES,1
C24_687,2e4f878eecbd1a5e,pnl_687_pf_687,YES,1
C24_688,3998994aa391a75b,pnl_688_pf_688,YES,1
C24_689,bec4d83e50ad7dbc,pnl_689_pf_689,YES,1
C24_690,9c0824b35cb2b448,pnl_690_pf_690,YES,1
C24_691,185b90033f0ab1ff,pnl_691_pf_691,YES,1
C24_692,5759a8b746fc6c99,pnl_692_pf_692,YES,1
C24_693,3e10d3fbd07f94f0,pnl_693_pf_693,YES,1
C24_694,2c35ae95771fdef8,pnl_694_pf_694,YES,1
C24_695,af65e613c396cde0,pnl_695_pf_695,YES,1
C24_696,cc54983be53d3fb2,pnl_696_pf_696,YES,1
C24_697,48011336e68e6323,pnl_697_pf_697,YES,1
C24_698,709398816109a135,pnl_698_pf_698,YES,1
C24_699,7e5061e61180074e,pnl_699_pf_699,YES,1
C24_700,29c6c17fd07ff5e3,pnl_700_pf_700,NO,8
C24_701,3462634afffdaf8a,pnl_701_pf_701,YES,1
C24_702,22c865260262e2c4,pnl_702_pf_702,YES,1
C24_703,52c284d94ea7aa26,pnl_703_pf_703,YES,1
C24_704,51b3e2664002053d,pnl_704_pf_704,YES,1
C24_705,b0598f2b41889d2c,pnl_705_pf_705,YES,1
C24_706,d78c6b094f41ce09,pnl_706_pf_706,YES,1
C24_707,33fee5acaaabc054,pnl_707_pf_707,YES,1
C24_708,8d63b7dc2943d76e,pnl_708_pf_708,YES,1
C24_709,98894a69b7f60c65,pnl_709_pf_709,YES,1
C24_710,edda3bc2e051966d,pnl_710_pf_710,YES,1
C24_711,6cee8fbd875cf823,pnl_711_pf_711,YES,1
C24_712,857bc2089b453616,pnl_712_pf_712,YES,1
C24_713,d25e416d27da452d,pnl_713_pf_713,YES,1
C24_714,c9631bac095fe8b1,pnl_714_pf_714,YES,1
C24_715,d2323b092eb1661a,pnl_715_pf_715,YES,1
C24_716,f4f966b8b0676588,pnl_716_pf_716,YES,1
C24_717,b174cf962b886911,pnl_717_pf_717,YES,1
C24_718,f348ae39924a4591,pnl_718_pf_718,YES,1
C24_719,74dde8f152f698ac,pnl_719_pf_719,YES,1
C24_720,48e6abd153d2e7e7,pnl_720_pf_720,YES,1
C24_721,0c9bd939b73df452,pnl_721_pf_721,YES,1
C24_722,75ef67c0426bd465,pnl_722_pf_722,YES,1
C24_723,2906b158773c6176,pnl_723_pf_723,YES,1
C24_724,534d5c8fd74fbf50,pnl_724_pf_724,YES,1
C24_725,e2656833f73f1a7a,pnl_725_pf_725,YES,1
C24_726,54147c60a3e1040c,pnl_726_pf_726,YES,1
C24_727,c09b82cd89768ced,pnl_727_pf_727,YES,1
C24_728,927abd2e582acc68,pnl_728_pf_728,YES,1
C24_729,a4a5ae0bdc844314,pnl_729_pf_729,YES,1
C24_730,244ad28244e1a203,pnl_730_pf_730,YES,1
C24_731,8e0d8acdc2b6e57b,pnl_731_pf_731,YES,1
C24_732,eb01da9bb77b644e,pnl_732_pf_732,YES,1
C24_733,712df3186eccb5e2,pnl_733_pf_733,YES,1
C24_734,fd3ace93e3d3ba76,pnl_734_pf_734,YES,1
C24_735,612c68383adfe3b8,pnl_735_pf_735,YES,1
C24_736,528e0f66e3291311,pnl_736_pf_736,YES,1
C24_737,bbb85ad594c7ebf0,pnl_737_pf_737,YES,1
C24_738,65335d54b6da0926,pnl_738_pf_738,YES,1
C24_739,78083c82a8ef5bf4,pnl_739_pf_739,YES,1
C24_740,7d280214e2f9a31f,pnl_740_pf_740,YES,1
C24_741,f3cdbb84fbe9e9e2,pnl_741_pf_741,YES,1
C24_742,44b3843d10502a7a,pnl_742_pf_742,YES,1
C24_743,0cade68176a74416,pnl_743_pf_743,YES,1
C24_744,f44642fd5eab63b7,pnl_744_pf_744,YES,1
C24_745,dae1bb313f2085fd,pnl_745_pf_745,YES,1
C24_746,89459df267e9a519,pnl_746_pf_746,YES,1
C24_747,a547b08f223184af,pnl_747_pf_747,YES,1
C24_748,d78fca01cd39e273,pnl_748_pf_748,YES,1
C24_749,a19820dab4d45de1,pnl_749_pf_749,YES,1
C24_750,e91faa9c856b8f8a,pnl_750_pf_750,YES,1
