asset,strategy,side,entry_time,exit_time,entry_price,exit_price,stop_loss,take_profit,size,gross_pnl,fees,slippage,funding,net_pnl,capital_after,reason,hold_candles
ETHUSDT,P39_CAND_0551:BB Expansion Long,Long,1579010400000,1579017600000,154.2,157.84324635056265,151.34801063291135,157.92220745428978,36.337,132.3846,5.6694,5.4128,0.5671,126.1481,10126.1481,TP Hit,2
ETHUSDT,P39_CAND_0551:BB Expansion Long,Long,1579251600000,1579269600000,171.9,166.60914618081762,166.6924924270311,178.89376051801236,19.826,-104.8965,3.3556,4.2298,0.0,-108.2521,10017.896,SL Hit,5
ETHUSDT,P39_CAND_0551:BB Expansion Short,Short,1579438800000,1579676400000,165.5,171.00090521060667,170.91544748686326,158.0024340460232,18.533,-101.9483,3.1182,2.3251,-7.3081,-97.7584,9920.1377,SL Hit,66
ETHUSDT,P39_CAND_0551:Funding Reversal Short,Short,1580295600000,1580338800000,177.9,174.45623581964452,181.63094870600247,174.36905129399753,27.321,94.0871,4.8134,5.1141,-5.0844,94.3581,10014.4958,TP Hit,12
ETHUSDT,P39_CAND_0551:Funding Reversal Short,Short,1580407200000,1580414400000,179.7,184.051910792555,183.95993082714142,175.66006917285858,24.132,-105.0203,4.389,4.8742,0.0,-109.4093,9905.0864,SL Hit,2
ETHUSDT,P39_CAND_0551:BB Expansion Long,Long,1580418000000,1580464800000,185.1,180.94022070175131,181.0307360697862,189.34695992245977,25.145,-104.5977,4.602,5.5449,9.9091,-119.1088,9785.9777,SL Hit,13
ETHUSDT,P39_CAND_0551:ATR Expansion Short,Short,1580475600000,1580508000000,178.1,182.74103349391422,182.64970863959442,171.60043704060834,22.142,-102.7618,3.9949,4.9006,-3.7403,-103.0164,9682.9613,SL Hit,9
ETHUSDT,P39_CAND_0551:BB Expansion Long,Long,1580644800000,1580688000000,191.9,188.0511715361745,188.14524415825363,196.89993866909217,26.422,-101.6937,5.0195,4.5993,1.0075,-107.7208,9575.2406,SL Hit,12
ETHUSDT,P39_CAND_0551:BB Expansion Long,Long,1580911200000,1580925600000,198.0,202.7465981016548,194.25142407884798,202.84802211271113,13.304,63.1487,2.6658,3.2119,2.5313,57.9517,9633.1922,TP Hit,4
ETHUSDT,P39_CAND_0551:Funding Reversal Short,Short,1580932800000,1580936400000,202.2,206.88820242420152,206.78481001919195,197.85518998080803,21.576,-101.1527,4.4132,4.8199,0.0,-105.5659,9527.6263,SL Hit,1
ETHUSDT,P39_CAND_0551:Funding Reversal Short,Short,1580979600000,1580990400000,209.4,215.01065278444506,214.90320118385316,204.07679881614686,17.601,-98.7531,3.735,3.6514,0.0,-102.4881,9425.1382,SL Hit,3
ETHUSDT,P39_CAND_0551:BB Expansion Short,Short,1583679600000,1583679600000,220.5,212.5606925946161,226.46478493940668,212.45446536193515,16.071,127.5926,3.4799,3.475,0.0,124.1128,9549.251,TP Hit,0
ETHUSDT,P39_CAND_0551:BB Expansion Short,Short,1583769600000,1583802000000,194.7,205.01692083515294,204.9144636033513,180.79991166201205,9.46,-97.5981,1.8907,2.1044,-0.7787,-98.7101,9450.5409,SL Hit,9
ETHUSDT,P39_CAND_0551:BB Expansion Short,Short,1583949600000,1583949600000,184.4,190.75569701214118,190.66036682872684,175.94393496010161,15.341,-97.5027,2.8776,3.6102,0.0,-100.3804,9350.1605,SL Hit,0
ETHUSDT,P39_CAND_0551:BB Expansion Short,Short,1584003600000,1584007200000,169.6,157.88056403661622,178.3184024923901,157.8016632050137,10.887,127.5895,1.7826,2.0566,0.0,125.8069,9475.9674,TP Hit,1
ETHUSDT,P39_CAND_0551:BB Expansion Long,Long,1585850400000,1585850400000,145.5,141.51227609059296,141.58306762440515,150.89240607721504,24.316,-96.9655,3.4895,2.4508,0.0,-100.455,9375.5124,SL Hit,0
ETHUSDT,P39_CAND_0551:BB Expansion Long,Long,1586167200000,1586185200000,154.1,158.97828503265814,150.44437396346788,159.05781393962795,26.002,126.8452,4.0703,3.368,0.0,122.7748,9498.2872,TP Hit,5
ETHUSDT,P39_CAND_0551:BB Expansion Short,Short,1586509200000,1586707200000,157.9,162.7851850186637,162.70383310211264,151.32356513595465,19.938,-97.4008,3.1969,2.4195,-1.5824,-99.0153,9399.2719,SL Hit,55
ETHUSDT,P39_CAND_0551:BB Expansion Long,Long,1587027600000,1587211200000,170.5,178.50165017591667,164.51971913290646,178.590945648741,15.957,127.6823,2.7845,2.861,1.6251,123.2728,9522.5446,TP Hit,51
ETHUSDT,P39_CAND_0551:BB Expansion Short,Short,1587405600000,1587560400000,173.8,179.4316941312968,179.34202311973695,166.38941233369863,17.563,-98.9094,3.1019,3.8581,-1.5089,-100.5025,9422.0422,SL Hit,43
ETHUSDT,P39_CAND_0551:BB Expansion Long,Long,1587567600000,1587650400000,181.8,187.08155370890304,177.74069827872918,187.1751412795428,23.857,126.002,4.4002,5.3341,1.3005,120.3013,9542.3435,TP Hit,23
ETHUSDT,P39_CAND_0551:BB Expansion Short,Short,1588240800000,1588244400000,206.3,214.0451017419898,213.93813267565199,196.02592683937223,12.726,-98.5642,2.6747,3.1429,0.0,-101.2388,9441.1046,SL Hit,1
ETHUSDT,P39_CAND_0551:ATR Expansion Short,Short,1588251600000,1588467600000,209.1,218.49508762194347,218.3858946746062,195.22115798809074,10.189,-95.7265,2.1784,1.7239,-4.4947,-93.4102,9347.6944,SL Hit,60
ETHUSDT,P39_CAND_0551:BB Expansion Short,Short,1590076800000,1590084000000,199.1,193.17270724463253,203.55755820476216,193.07616916005253,10.653,63.1434,2.0894,1.8807,-0.2122,61.2662,9408.9606,TP Hit,2
ETHUSDT,P39_CAND_0551:Funding Reversal Short,Short,1591088400000,1591092000000,248.6,253.72901599633312,253.60221488888868,243.7777851111113,9.577,-49.1206,2.4054,2.0763,0.0,-51.526,9357.4346,SL Hit,1
ETHUSDT,P39_CAND_0551:BB Expansion Short,Short,1591110000000,1591207200000,233.9,242.367799607703,242.24667626956824,222.546282958933,11.347,-96.0841,2.7021,2.963,-1.075,-97.7112,9259.7234,SL Hit,27
ETHUSDT,P39_CAND_0551:BB Expansion Short,Short,1591894800000,1591894800000,225.7,231.04513806803388,230.92967323141818,218.22156495636366,17.407,-93.0428,3.9753,3.5765,0.0,-97.0181,9162.7053,SL Hit,0
ETHUSDT,P39_CAND_0551:Funding Reversal Short,Short,1595494800000,1595512800000,264.8,270.0965595601761,269.9615787707907,259.85842122920934,9.069,-48.0345,2.4255,2.3124,0.0,-50.46,9112.2454,SL Hit,5
ETHUSDT,P39_CAND_0551:BB Expansion Long,Long,1595523600000,1595527200000,280.3,273.44750919668445,273.5843013473581,287.508554058491,13.815,-94.6672,3.825,3.5476,0.0,-98.4922,9013.7532,SL Hit,1
ETHUSDT,P39_CAND_0551:Funding Reversal Short,Short,1595534400000,1595613600000,274.9,282.53786497563334,282.3966666423122,267.5833333576878,6.085,-46.4764,1.696,1.4068,-3.2585,-44.9139,8968.8393,SL Hit,22
ETHUSDT,P39_CAND_0551:BB Expansion Long,Long,1595624400000,1595631600000,286.2,279.30446690542885,279.4441889999288,293.2842344445236,13.681,-94.3378,3.8683,4.5109,0.0,-98.2061,8870.6331,SL Hit,2
ETHUSDT,P39_CAND_0551:Funding Reversal Short,Short,1596272400000,1596301200000,357.1,365.58435416765616,365.40165334098566,349.1583466590143,2.731,-23.1708,0.9868,1.0178,-0.4325,-23.7251,8846.908,SL Hit,8
ETHUSDT,P39_CAND_0551:BB Expansion Long,Long,1596304800000,1596308400000,374.0,383.2960225300494,365.17601022806963,383.487766413256,10.199,94.8101,3.8618,3.6894,0.0,90.9483,8937.8563,TP Hit,1
ETHUSDT,P39_CAND_0551:ATR Expansion Short,Short,1596369600000,1596452400000,361.9,389.84715353890624,389.65232737521865,320.696508937172,3.24,-90.5488,1.2178,1.344,-1.8485,-89.9181,8847.9382,SL Hit,23
ETHUSDT,P39_CAND_0551:Funding Reversal Short,Short,1596456000000,1596661200000,391.4,407.97869076819825,407.774803366515,375.26519663348495,1.361,-22.5636,0.544,0.4953,-2.2985,-20.8091,8827.1291,SL Hit,57
ETHUSDT,P39_CAND_0551:Funding Reversal Short,Short,1597352400000,1597356000000,410.8,424.0494948558211,423.8375760677872,398.18242393221277,1.72,-22.7891,0.718,0.6397,0.0,-23.5071,8803.622,SL Hit,1
ETHUSDT,P39_CAND_0551:Funding Reversal Short,Short,1597395600000,1597417200000,423.6,436.5451340201197,436.3269705348523,411.1930294651477,0.876,-11.3399,0.3767,0.3838,0.0,-11.7167,8791.9053,SL Hit,6
ETHUSDT,P39_CAND_0551:BB Expansion Long,Long,1597431600000,1597478400000,443.0,430.9018829613326,431.11744168217365,455.717287019807,7.545,-91.2803,3.2968,3.3617,5.2451,-99.8221,8692.0832,SL Hit,13
ETHUSDT,P39_CAND_0551:Funding Reversal Short,Short,1597680000000,1597705200000,442.3,430.3577574510083,455.0573138920457,430.1426861079543,0.872,10.4136,0.3805,0.4143,-0.3995,10.4327,8702.5158,TP Hit,7
ETHUSDT,P39_CAND_0551:BB Expansion Short,Short,1597867200000,1597870800000,396.3,407.7804105288616,407.57662221775274,380.70969136423224,7.738,-88.8354,3.111,2.9698,0.0,-91.9464,8610.5694,SL Hit,1
ETHUSDT,P39_CAND_0551:BB Expansion Long,Long,1598954400000,1598997600000,471.1,487.97864813763715,458.393213147475,488.22275951739584,6.896,116.3952,3.3069,3.2005,1.8326,111.2557,8721.8251,TP Hit,12
ETHUSDT,P39_CAND_0551:BB Expansion Short,Short,1599048000000,1599134400000,441.5,416.26194458684904,460.2167793078148,416.05391762803504,2.359,59.5366,1.0117,1.0333,-0.359,58.8838,8780.709,TP Hit,24
ETHUSDT,P39_CAND_0551:BB Expansion Short,Short,1599300000000,1599307200000,366.6,346.22703903287913,381.65111134065666,346.05401202686573,5.893,120.0579,2.1003,1.9036,0.0,117.9575,8898.6665,TP Hit,2
ETHUSDT,P39_CAND_0551:BB Expansion Short,Short,1599332400000,1599379200000,325.3,350.36293581472415,350.18784189377726,291.16355292530943,3.602,-90.2767,1.2169,1.279,-0.2431,-91.2505,8807.416,SL Hit,13
ETHUSDT,P39_CAND_0551:BB Expansion Short,Short,1599480000000,1599494400000,335.4,351.372821366276,351.1972227548986,313.9849683959742,5.654,-90.3103,1.9415,2.0106,-0.1268,-92.1251,8715.2909,SL Hit,4
ETHUSDT,P39_CAND_0551:BB Expansion Short,Short,1600689600000,1600689600000,352.2,341.1793322564377,360.51564395338823,341.00882784251644,10.673,117.6236,3.7002,3.4207,0.0,113.9234,8829.2143,TP Hit,0
ETHUSDT,P39_CAND_0551:BB Expansion Short,Short,1600898400000,1600941600000,322.0,331.23230218817827,331.06676880377637,309.83726555031063,9.935,-91.7229,3.2449,3.5322,-0.0495,-94.9183,8734.296,SL Hit,12
ETHUSDT,P39_CAND_0551:BB Expansion Long,Long,1600963200000,1601064000000,344.4,356.5003073903647,335.3013743661205,356.67864671372155,9.76,118.099,3.4204,3.3998,0.8968,113.7818,8848.0778,TP Hit,28
ETHUSDT,P39_CAND_0551:BB Expansion Short,Short,1601575200000,1601578800000,345.8,352.93771186436277,352.7613311987634,336.6331511128286,13.106,-93.5469,4.5788,4.9328,0.0,-98.1257,8749.9521,SL Hit,1
ETHUSDT,P39_CAND_0551:ATR Expansion Long,Long,1602511200000,1602594000000,384.2,375.98372495055844,376.1718108559864,395.86728371602044,11.107,-91.2582,4.2217,3.7551,1.2836,-96.7634,8653.1887,SL Hit,23
ETHUSDT,P39_CAND_0551:ATR Expansion Short,Short,1602597600000,1602680400000,377.6,385.81109141730326,385.6182822761652,366.0975765857522,5.541,-45.4977,2.115,2.3428,-0.6332,-46.9795,8606.2091,SL Hit,23
ETHUSDT,P39_CAND_0551:BB Expansion Long,Long,1604512800000,1604584800000,401.0,413.0616926997119,391.7196046585367,413.26832686314344,9.541,115.0806,3.8835,4.0705,3.3167,107.8804,8714.0895,TP Hit,20
ETHUSDT,P39_CAND_0551:Funding Reversal Short,Short,1604588400000,1604620800000,415.3,428.2741109662813,428.0600809258184,403.0399190741816,6.966,-90.3777,2.9382,3.2324,-3.0354,-90.2804,8623.8092,SL Hit,9
ETHUSDT,P39_CAND_0551:Funding Reversal Short,Short,1604653200000,1604656800000,430.4,444.1650449038621,443.94307336717856,417.41692663282146,6.502,-89.5003,2.8432,3.0688,0.0,-92.3435,8531.4656,SL Hit,1
ETHUSDT,P39_CAND_0551:Funding Reversal Short,Short,1604682000000,1604703600000,442.8,458.8826781732032,458.6533514974545,427.32664850254554,5.447,-87.6023,2.4557,2.393,0.0,-90.0581,8441.4075,SL Hit,6
ETHUSDT,P39_CAND_0551:Funding Reversal Short,Short,1604739600000,1604757600000,461.9,448.1603879230779,476.4035802867787,447.9364197132213,2.965,40.7379,1.3492,1.4646,0.0,39.3888,8480.7963,TP Hit,5
ETHUSDT,P39_CAND_0551:BB Expansion Short,Short,1604775600000,1604844000000,435.4,452.78258571564237,452.55630756186144,412.1690172751924,5.016,-87.191,2.2276,2.3389,-1.2242,-88.1945,8392.6019,SL Hit,19
ETHUSDT,P39_CAND_0551:Funding Reversal Short,Short,1604847600000,1604934000000,454.1,441.1194198967424,467.72102958846335,440.89897041153665,6.258,81.2325,2.8011,2.7563,-4.7297,83.161,8475.7629,TP Hit,24
ETHUSDT,P39_CAND_0551:Funding Reversal Short,Short,1605117600000,1605139200000,469.9,459.72352178838827,480.8462250990622,459.4937749009378,7.939,80.7911,3.6901,3.6499,-1.5095,78.6104,8554.3733,TP Hit,6
ETHUSDT,P39_CAND_0551:Funding Reversal Short,Short,1605290400000,1605340800000,471.5,461.0866048808966,482.54382320749966,460.8561767925003,7.889,82.1513,3.6786,3.4745,-4.0847,82.5574,8636.9306,TP Hit,14
ETHUSDT,P39_CAND_0551:Funding Reversal Short,Short,1605636000000,1605672000000,480.9,492.1629769995664,491.91701849032125,470.3829815096787,8.022,-90.3516,3.903,4.2192,-1.4664,-92.7882,8544.1425,SL Hit,10
ETHUSDT,P39_CAND_0551:ATR Expansion Short,Short,1605711600000,1605841200000,470.6,486.186753162168,485.94378127153226,448.25932809270165,2.834,-44.1729,1.3558,1.4538,-1.1696,-44.359,8499.7834,SL Hit,36
ETHUSDT,P39_CAND_0551:BB Expansion Long,Long,1605862800000,1605916800000,502.9,516.654424242739,492.346325908182,516.9128806830805,8.265,113.6803,4.2133,4.3677,3.8177,105.6493,8605.4327,TP Hit,15
ETHUSDT,P39_CAND_0551:BB Expansion Long,Long,1605974400000,1606003200000,537.8,556.2938032218756,523.8884957281138,556.5720892665088,6.29,116.326,3.4409,3.5116,3.0429,109.8422,8715.275,TP Hit,8
ETHUSDT,P39_CAND_0551:ATR Expansion Short,Short,1606046400000,1606060800000,523.7,545.4424608915234,545.1698759535467,491.84518606968004,2.043,-44.4198,1.0921,1.1289,-0.8065,-44.7055,8670.5694,SL Hit,4
ETHUSDT,P39_CAND_0551:Funding Reversal Short,Short,1606064400000,1606071600000,553.9,576.3766340052813,576.0885897104262,532.3714102895739,3.967,-89.1648,2.2419,2.4121,0.0,-91.4067,8579.1627,SL Hit,2
ETHUSDT,P39_CAND_0551:BB Expansion Long,Long,1606075200000,1606089600000,575.1,554.4563031961704,554.733670031186,597.0748110764599,4.278,-88.3137,2.4161,2.5983,1.7697,-92.4995,8486.6632,SL Hit,4
ETHUSDT,P39_CAND_0551:Funding Reversal Short,Short,1606122000000,1606140000000,582.8,607.0264642715154,606.7231027201553,559.5168972798447,3.596,-87.1184,2.1393,2.2416,0.0,-89.2577,8397.4055,SL Hit,5
ETHUSDT,P39_CAND_0551:Funding Reversal Short,Short,1606161600000,1606179600000,598.4,623.225070184525,622.9136133778361,574.6263866221639,1.739,-43.1708,1.0622,1.0981,-0.6808,-43.5522,8353.8534,SL Hit,5
ETHUSDT,P39_CAND_0551:BB Expansion Short,Short,1606827600000,1606831200000,576.6,605.1009024876156,604.7985032359976,538.247634394448,1.499,-42.7229,0.8857,0.8131,0.0,-43.6085,8310.2448,SL Hit,1
ETHUSDT,P39_CAND_0551:ATR Expansion Long,Long,1606834800000,1606867200000,611.5,575.3764136430832,575.6642457659661,664.1786313510509,2.347,-84.7821,1.3928,1.4031,0.8827,-87.0575,8223.1873,SL Hit,9
ETHUSDT,P39_CAND_0551:BB Expansion Long,Long,1608130800000,1608159600000,620.9,636.3067646486675,609.0275444251721,636.625077187261,7.118,109.6654,4.4744,4.5435,4.5262,100.6648,8323.8521,TP Hit,8
ETHUSDT,P39_CAND_0551:Funding Reversal Short,Short,1608195600000,1608199200000,650.1,667.6856349409416,667.3519589614608,633.4680410385391,2.457,-43.2079,1.6189,1.7289,0.0,-44.8268,8279.0253,SL Hit,1
ETHUSDT,P39_CAND_0551:BB Expansion Long,Long,1608202800000,1608224400000,670.8,650.4597708976573,650.7851634793969,692.2364850228922,4.216,-85.7544,2.7852,2.9739,2.0551,-90.5947,8188.4306,SL Hit,6
ETHUSDT,P39_CAND_0551:Funding Reversal Short,Short,1608285600000,1608296400000,662.7,639.7808314644251,686.5988990860318,639.4611009139682,1.737,39.8106,1.1312,1.1112,0.0,38.6794,8227.11,TP Hit,3
ETHUSDT,P39_CAND_0551:Funding Reversal Short,Short,1608415200000,1608422400000,666.9,651.7837468165308,683.061982192373,651.458017807627,5.206,78.6952,3.4325,3.5699,-3.0197,78.2824,8305.3923,TP Hit,2
ETHUSDT,P39_CAND_0551:BB Expansion Short,Short,1608548400000,1608649200000,606.5,625.1433048618362,624.8308894171277,581.6615424762116,2.298,-42.8423,1.4152,1.3384,-0.6722,-43.5853,8261.807,SL Hit,28
ETHUSDT,P39_CAND_0551:BB Expansion Short,Short,1608724800000,1608724800000,602.0,618.8951981953464,618.5859052427251,579.5612427184374,2.529,-42.728,1.5438,1.4397,0.0,-44.2718,8217.5352,SL Hit,0
ETHUSDT,P39_CAND_0551:BB Expansion Long,Long,1609081200000,1609084800000,686.9,711.6456214644872,663.4155399519375,712.001622275625,3.571,88.3666,2.4971,2.6283,1.2262,84.6433,8302.1785,TP Hit,1
ETHUSDT,P39_CAND_0551:Funding Reversal Short,Short,1609092000000,1609102800000,691.2,662.6478951980255,720.7232631703893,662.3167368296107,2.843,81.1736,1.9245,1.8797,0.0,79.2491,8381.4277,TP Hit,3
ETHUSDT,P39_CAND_0551:BB Expansion Long,Long,1609146000000,1609203600000,741.3,711.0181412824688,711.373828196567,773.6857464482589,2.84,-86.0005,2.0623,2.1462,3.2161,-91.2789,8290.1488,SL Hit,16
ETHUSDT,P39_CAND_0551:BB Expansion Long,Long,1609596000000,1609653600000,772.8,793.4300552444895,753.0207281440315,793.8269687288539,4.289,88.4823,3.3588,3.2893,5.2545,79.869,8370.0178,TP Hit,16
ETHUSDT,P39_CAND_0551:BB Expansion Long,Long,1609675200000,1609678800000,831.4,863.31054456772,807.3738606415625,863.7424157756077,3.547,113.1867,3.0056,3.0571,0.0,110.1811,8480.1989,TP Hit,1
ETHUSDT,P39_CAND_0551:Funding Reversal Short,Short,1609790400000,1609905600000,1043.8,1146.1121313340175,1145.539361653191,943.2806383468093,0.839,-85.8399,0.9187,0.8833,-2.9422,-83.8163,8396.3826,SL Hit,32
ETHUSDT,P39_CAND_0551:ATR Expansion Short,Short,1610132400000,1610222400000,1182.6,1274.6179315821607,1273.980941111605,1046.8035883325924,0.231,-21.2561,0.2838,0.2811,-1.0175,-20.5225,8375.8601,SL Hit,25
ETHUSDT,P39_CAND_0551:Funding Reversal Short,Short,1610571600000,1610611200000,1111.6,1172.4958572267792,1171.9099022756413,1052.4700977243588,1.403,-85.4369,1.6023,1.6639,-1.7532,-85.286,8290.5741,SL Hit,11
ETHUSDT,P39_CAND_0551:BB Expansion Short,Short,1610737200000,1610784000000,1139.1,1210.5715996391593,1209.966616330994,1042.0835884291753,0.295,-21.0841,0.3466,0.3525,-0.1019,-21.3288,8269.2453,SL Hit,13
ETHUSDT,P39_CAND_0551:BB Expansion Short,Short,1611136800000,1611183600000,1312.5,1382.4313714482223,1381.7405011976236,1217.9093038921894,0.301,-21.0493,0.4056,0.3946,-0.2795,-21.1754,8248.0699,SL Hit,13
ETHUSDT,P39_CAND_0551:BB Expansion Short,Short,1611219600000,1611244800000,1261.8,1167.7181106165563,1331.0943287916837,1167.134543344884,0.3,28.2246,0.3644,0.3551,-0.2347,28.0948,8276.1647,TP Hit,7
ETHUSDT,P39_CAND_0551:Funding Reversal Short,Short,1611565200000,1611597600000,1425.1,1364.4937928276424,1487.6681131157995,1363.8118868842005,1.336,80.9699,1.8634,1.8329,-1.7893,80.8957,8357.0604,TP Hit,9
ETHUSDT,P39_CAND_0551:BB Expansion Short,Short,1611612000000,1611669600000,1347.3,1259.0938220979056,1412.3622953418371,1258.4645898030042,1.297,114.4034,1.6902,1.724,-2.1404,114.8535,8471.9139,TP Hit,16
ETHUSDT,P39_CAND_0551:Funding Reversal Short,Short,1611853200000,1611892800000,1353.2,1293.5982537853527,1414.5682221035954,1292.9517778964046,1.393,83.0252,1.8435,1.8478,-1.0541,82.2358,8554.1498,TP Hit,11
ETHUSDT,P39_CAND_0551:BB Expansion Long,Long,1611910800000,1611946800000,1382.5,1321.2749263416777,1321.935894288822,1448.2945619013087,1.429,-87.4906,1.9318,1.9591,4.8242,-94.2467,8459.9031,SL Hit,10
ETHUSDT,P39_CAND_0551:Funding Reversal Short,Short,1612267200000,1612281600000,1422.5,1473.5284235234299,1472.792027509675,1373.627972490325,1.706,-87.0545,2.4703,2.4846,-4.0436,-85.4812,8374.4219,SL Hit,4
ETHUSDT,P39_CAND_0551:BB Expansion Short,Short,1612450800000,1612465200000,1594.1,1662.0635884045994,1661.2329719186403,1503.0097612241107,1.264,-85.906,2.0579,2.099,-2.7103,-85.2536,8289.1683,SL Hit,4
ETHUSDT,P39_CAND_0551:BB Expansion Short,Short,1612713600000,1612731600000,1537.9,1593.786455349771,1592.9899603695862,1463.1778328200191,1.525,-85.2268,2.3879,2.4042,-1.201,-86.4138,8202.7546,SL Hit,5
ETHUSDT,P39_CAND_0551:Funding Reversal Short,Short,1615215600000,1615237200000,1735.0,1794.5692623089294,1793.6724260958815,1678.0275739041183,1.419,-84.5288,2.5042,2.4788,-1.1158,-85.9172,8116.8374,SL Hit,6
ETHUSDT,P39_CAND_0551:BB Expansion Short,Short,1615453200000,1615467600000,1746.6,1801.6476324609082,1800.7472588314924,1673.5693627340381,1.525,-83.9476,2.7055,2.6541,0.0,-86.6532,8030.1842,SL Hit,4
ETHUSDT,P39_CAND_0551:Funding Reversal Short,Short,1615500000000,1615536000000,1840.0,1783.0761118802375,1899.4549806294476,1782.1850193705523,1.37,77.9857,2.4818,2.5497,-5.269,80.7729,8110.9571,TP Hit,10
ETHUSDT,P39_CAND_0551:BB Expansion Long,Long,1615633200000,1615654800000,1866.0,1917.2250560143261,1817.5332667204668,1918.1841480883702,1.701,87.1338,3.2176,3.2644,4.9627,78.9535,8189.9106,TP Hit,6
ETHUSDT,P39_CAND_0551:BB Expansion Short,Short,1615798800000,1615856400000,1789.8,1721.1014606961992,1841.0518351811459,1720.2413400261862,0.81,55.6458,1.4219,1.3852,-1.3552,55.5791,8245.4898,TP Hit,16
ETHUSDT,P39_CAND_0551:BB Expansion Short,Short,1616450400000,1616515200000,1678.7,1721.9427519919232,1721.08221088648,1621.6035959910002,1.98,-85.6206,3.3666,3.4265,-1.3374,-87.6499,8157.8399,SL Hit,18
ETHUSDT,P39_CAND_0551:Low-Activity Filler Short,Short,1616590800000,1616612400000,1732.6,1666.5628785888252,1772.2414208102662,1665.7300135820344,2.106,139.0742,3.5793,3.6705,-1.5134,137.0083,8294.8482,TP Hit,6
ETHUSDT,P39_CAND_0551:BB Expansion Short,Short,1616616000000,1616616000000,1635.5,1581.7499757647715,1676.2139628679304,1580.9594960167633,2.08,111.8001,3.3459,3.3914,0.0,108.4541,8403.3023,TP Hit,0
ETHUSDT,P39_CAND_0551:Funding Reversal Short,Short,1617037200000,1617098400000,1807.7,1847.135369179284,1846.2122630477602,1771.14773695224,2.239,-88.2958,4.0916,4.1491,-6.4445,-85.9429,8317.3594,SL Hit,17
ETHUSDT,P39_CAND_0551:Funding Reversal Short,Short,1617120000000,1617177600000,1830.9,1796.5205493628598,1867.777262006137,1795.622737993863,2.305,79.2446,4.1806,4.2592,-10.1296,85.1936,8402.553,TP Hit,16
ETHUSDT,P39_CAND_0551:Funding Reversal Short,Short,1617217200000,1617220800000,1893.7,1940.9664517592257,1939.9964535324596,1849.2035464675403,1.851,-87.4902,3.549,3.4799,0.0,-91.0392,8311.5138,SL Hit,1
ETHUSDT,P39_CAND_0551:BB Expansion Long,Long,1617224400000,1617300000000,1945.5,1898.5421694387962,1899.4919153964943,1994.5089828927842,1.847,-86.7311,3.55,3.5827,10.8816,-101.1627,8210.3511,SL Hit,21
ETHUSDT,P39_CAND_0551:Funding Reversal Short,Short,1617307200000,1617372000000,1976.6,2035.4774008599777,2034.4601707745906,1920.6198292254094,1.442,-84.9012,2.8927,2.8223,-4.9413,-82.8526,8127.4985,SL Hit,18
ETHUSDT,P39_CAND_0551:Funding Reversal Short,Short,1617393600000,1617400800000,2063.4,2118.1671458850806,2117.108591589286,2011.8114084107142,1.544,-84.5605,3.2282,3.3019,0.0,-87.7886,8039.7099,SL Hit,2
ETHUSDT,P39_CAND_0551:Funding Reversal Short,Short,1620064800000,1620079200000,3283.8,3384.752861119286,3383.0613304540593,3187.5986695459405,0.411,-41.4916,1.3704,1.3898,0.0,-42.862,7996.8479,SL Hit,4
ETHUSDT,P39_CAND_0551:Funding Reversal Short,Short,1620126000000,1620140400000,3437.7,3287.728451777607,3592.0145909269295,3286.085409073071,0.261,39.1426,0.8777,0.8751,0.0,38.2649,8035.1128,TP Hit,4
ETHUSDT,P39_CAND_0551:Funding Reversal Short,Short,1620302400000,1620324000000,3529.6,3406.714394500485,3657.6681114437934,3405.011888556207,0.636,78.1552,2.2057,2.1894,-2.5079,78.4574,8113.5702,TP Hit,6
ETHUSDT,P39_CAND_0551:Funding Reversal Short,Short,1620482400000,1620489600000,3642.6,3745.1626686091045,3743.291023097556,3545.488976902444,0.82,-84.1014,3.029,3.0107,-0.899,-86.2314,8027.3388,SL Hit,2
ETHUSDT,P39_CAND_0551:BB Expansion Long,Long,1620493200000,1620511200000,3784.6,3932.0289202922095,3673.7841388590386,3933.995918251335,0.737,108.6551,2.8436,2.85,0.0,105.8115,8133.1503,TP Hit,5
ETHUSDT,P39_CAND_0551:Funding Reversal Short,Short,1620550800000,1620561600000,3925.0,3796.076243952002,4059.700845625185,3794.179154374815,0.613,79.0303,2.3665,2.3521,0.0,76.6638,8209.8141,TP Hit,3
ETHUSDT,P39_CAND_0551:Funding Reversal Short,Short,1620637200000,1620640800000,4170.6,4040.4823230398465,4306.8569085059,4038.4630914941,0.612,79.632,2.5126,2.4965,0.0,77.1194,8286.9335,TP Hit,1
ETHUSDT,P39_CAND_0551:Funding Reversal Short,Short,1620662400000,1620673200000,4158.2,4003.542750836548,4319.458020153375,4001.5419798466246,0.521,80.5764,2.1261,2.1261,-1.4388,79.8891,8366.8226,TP Hit,3
ETHUSDT,P39_CAND_0551:BB Expansion Short,Short,1620680400000,1620756000000,3906.4,4097.241594393991,4095.1939973952935,3648.796670284314,0.448,-85.497,1.7928,1.7864,-2.2746,-85.0153,8281.8073,SL Hit,21
ETHUSDT,P39_CAND_0551:BB Expansion Long,Long,1620766800000,1620788400000,4139.0,4348.553350305159,3983.046525443007,4350.72871466249,0.538,112.7397,2.2832,2.2625,0.6661,109.7905,8391.5978,TP Hit,6
ETHUSDT,P39_CAND_0551:Funding Reversal Short,Short,1620813600000,1620831600000,4287.9,4146.764891276421,4435.3274549960815,4144.692545003919,0.577,81.435,2.4334,2.4074,0.0,79.0016,8470.5993,TP Hit,5
ETHUSDT,P39_CAND_0551:BB Expansion Short,Short,1620846000000,1620856800000,4013.5,4186.302726574395,4184.210621263764,3781.633581578106,0.503,-86.9198,2.0623,2.0634,0.0,-88.982,8381.6173,SL Hit,3
ETHUSDT,P39_CAND_0551:BB Expansion Short,Short,1620903600000,1620979200000,3640.4,3908.670140834204,3906.716782442983,3274.743913273635,0.317,-85.0416,1.1965,1.1962,-0.4157,-85.8225,8295.7948,SL Hit,21
ETHUSDT,P39_CAND_0551:BB Expansion Short,Short,1621069200000,1621098000000,3916.6,3717.8060888958826,4064.4577573163065,3715.9481148384634,0.284,56.4575,1.0841,1.0871,-0.5738,55.9472,8351.742,TP Hit,8
ETHUSDT,P39_CAND_0551:BB Expansion Short,Short,1621191600000,1621220400000,3476.2,3243.666551751926,3648.6956191290483,3242.0455289874326,0.491,114.1739,1.6497,1.6601,-0.3311,112.8553,8464.5973,TP Hit,8
ETHUSDT,P39_CAND_0551:BB Expansion Short,Short,1621270800000,1621281600000,3208.1,3414.0995686111523,3412.39337192519,2928.2769834372357,0.418,-86.1078,1.384,1.3778,0.0,-87.4919,8377.1054,SL Hit,3
ETHUSDT,P39_CAND_0551:BB Expansion Short,Short,1621429200000,1621429200000,2331.8,1869.974958389772,2668.461284517106,1869.0404381706867,0.25,115.4563,0.5252,0.5136,0.0,114.931,8492.0365,TP Hit,0
ETHUSDT,P39_CAND_0551:BB Expansion Short,Short,1621612800000,1621756800000,2421.4,2092.406653435762,2661.074899476513,2091.3609729492878,0.356,117.1216,0.8035,0.7959,-0.4957,116.8139,8608.8504,TP Hit,40
ETHUSDT,P39_CAND_0551:BB Expansion Short,Short,1623103200000,1623117600000,2609.5,2483.985530075005,2703.0346062428753,2482.7441579960073,0.934,117.2305,2.3787,2.3923,-0.2421,115.094,8723.9444,TP Hit,4
ETHUSDT,P39_CAND_0551:BB Expansion Long,Long,1623258000000,1623340800000,2597.6,2482.6953963224582,2483.9373650049606,2752.3353263819995,0.776,-89.166,1.9712,1.9726,0.5951,-91.7322,8632.2121,SL Hit,23
ETHUSDT,P39_CAND_0551:BB Expansion Short,Short,1624032000000,1624183200000,2213.9,2118.7176192205857,2285.0856713255152,2117.658789825673,1.232,117.2647,2.6689,2.672,-0.5955,115.1913,8747.4034,TP Hit,42
ETHUSDT,P39_CAND_0551:Low-Activity Filler Short,Short,1624222800000,1624248000000,2255.2,2123.6688185780276,2332.8214201025044,2122.6075148206173,1.144,150.4717,2.5047,2.4611,0.6268,147.3401,8894.7435,TP Hit,7
ETHUSDT,P39_CAND_0551:BB Expansion Short,Short,1624273200000,1624363200000,1939.7,1797.4100478155638,2044.3951098178852,1796.511791919604,0.857,121.9425,1.6014,1.5668,0.0768,120.2643,9015.0078,TP Hit,25
ETHUSDT,P39_CAND_0551:BB Expansion Long,Long,1624975200000,1625011200000,2225.4,2148.8194463587506,2149.894393555528,2327.688897839545,1.211,-92.7391,2.6486,2.6096,-0.6339,-94.7537,8920.2541,SL Hit,10
ETHUSDT,P39_CAND_0551:BB Expansion Long,Long,1625083200000,1625119200000,2243.6,2168.7162953168813,2169.8011959148384,2343.5183390071684,1.227,-91.8823,2.707,2.73,0.2791,-94.8684,8825.3857,SL Hit,10
ETHUSDT,P39_CAND_0551:BB Expansion Short,Short,1625486400000,1625544000000,2193.4,2261.0578632486363,2259.927899298987,2103.819028751406,1.351,-91.4058,3.009,3.0397,-0.5124,-93.9024,8731.4833,SL Hit,16
ETHUSDT,P39_CAND_0551:BB Expansion Long,Long,1626271200000,1626332400000,2004.1,1941.3125239753936,1942.2836658082977,2086.4443530440312,0.723,-45.3953,1.4263,1.4613,0.1219,-46.9435,8684.5398,SL Hit,17
ETHUSDT,P39_CAND_0551:BB Expansion Long,Long,1628089200000,1628092800000,2638.7,2729.3923534802066,2570.1480327106065,2730.7577323463797,0.646,58.5873,1.7339,1.7348,0.1726,56.6807,8741.2205,TP Hit,1
ETHUSDT,P39_CAND_0551:ATR Expansion Short,Short,1628168400000,1628172000000,2604.8,2700.2837570924303,2698.934289947457,2466.7985650788146,0.235,-22.4387,0.6233,0.6179,0.0,-23.062,8718.1585,SL Hit,1
ETHUSDT,P39_CAND_0551:BB Expansion Long,Long,1628175600000,1628308800000,2807.2,2948.645698556248,2701.889053566285,2950.120758935716,0.839,118.6729,2.4146,2.4122,1.1815,115.0769,8833.2354,TP Hit,37
ETHUSDT,P39_CAND_0551:BB Expansion Long,Long,1628330400000,1628337600000,3044.5,3147.502005929335,2966.607688174966,3149.076544201436,1.156,119.0703,3.579,3.5657,0.0,115.4913,8948.7267,TP Hit,2
ETHUSDT,P39_CAND_0551:ATR Expansion Short,Short,1628442000000,1628506800000,3011.4,3124.044691722443,3122.4834499974445,2848.6248250038334,0.204,-22.9795,0.6258,0.6327,-0.2147,-23.3907,8925.3361,SL Hit,18
ETHUSDT,P39_CAND_0551:BB Expansion Long,Long,1628510400000,1628686800000,3135.4,3270.6222055664907,3034.1271989916227,3272.2583347338573,0.895,121.0239,2.8667,2.8695,4.9984,113.1588,9038.4948,TP Hit,49
ETHUSDT,P39_CAND_0551:BB Expansion Short,Short,1628780400000,1628820000000,3038.5,3125.641417603439,3124.079377914482,2923.1514195632194,1.075,-93.677,3.3132,3.2594,-0.9294,-96.0609,8942.434,SL Hit,11
ETHUSDT,P39_CAND_0551:BB Expansion Long,Long,1628845200000,1629010800000,3239.7,3154.5852493085886,3156.1633309740755,3351.8770403137846,1.092,-92.9453,3.4913,3.4923,6.4767,-102.9133,8839.5207,SL Hit,46
ETHUSDT,P39_CAND_0551:BB Expansion Short,Short,1629237600000,1629302400000,3028.0,3120.207138233543,3118.64781432638,2905.6119245466944,0.991,-91.3773,3.0464,3.0021,-0.9075,-93.5162,8746.0045,SL Hit,18
ETHUSDT,P39_CAND_0551:BB Expansion Long,Long,1629403200000,1629464400000,3151.2,3251.595729080497,3074.974715019552,3253.2223402506224,1.172,117.6638,3.752,3.7699,1.7622,112.1495,8858.154,TP Hit,17
ETHUSDT,P39_CAND_0551:BB Expansion Short,Short,1629828000000,1629882000000,3178.7,3090.027026451418,3246.3739947576005,3088.4827850588886,0.67,59.4109,2.1,2.0932,-1.5537,58.8646,8917.0186,TP Hit,15
ETHUSDT,P39_CAND_0551:BB Expansion Long,Long,1630353600000,1630360800000,3342.6,3275.0767188002005,3276.7150763383697,3430.1412828633756,1.388,-93.7223,4.5927,4.5781,0.0,-98.315,8818.7036,SL Hit,2
ETHUSDT,P39_CAND_0551:BB Expansion Long,Long,1630411200000,1630429200000,3433.5,3340.8787196342128,3342.5499946315285,3555.7583407895445,0.988,-91.5098,3.3465,3.3209,0.335,-95.1914,8723.5122,SL Hit,5
ETHUSDT,P39_CAND_0551:BB Expansion Long,Long,1630515600000,1630656000000,3754.4,3894.275019225501,3648.8989458305546,3896.2231307908964,0.843,117.9146,3.2239,3.2355,5.7965,108.8942,8832.4064,TP Hit,39
ETHUSDT,P39_CAND_0551:Funding Reversal Short,Short,1630659600000,1630663200000,3893.8,3989.783688824701,3987.7897939277373,3803.6902060722623,0.96,-92.1443,3.7841,3.7669,0.0,-95.9285,8736.4779,SL Hit,1
ETHUSDT,P39_CAND_0551:Funding Reversal Short,Short,1630684800000,1630706400000,3969.5,3873.9029878888314,4071.0529956133623,3871.967004386638,0.878,83.9342,3.4433,3.4646,-1.3173,81.8082,8818.2862,TP Hit,6
ETHUSDT,P39_CAND_0551:BB Expansion Short,Short,1631008800000,1631023200000,3715.4,3597.138406510211,3805.041869977659,3595.34073614214,1.005,118.8529,3.6746,3.676,0.0,115.1784,8933.4645,TP Hit,4
ETHUSDT,P39_CAND_0551:BB Expansion Short,Short,1631286000000,1631433600000,3254.9,3362.0368845875596,3360.3567062344428,3113.4490191188297,0.864,-92.5663,2.8585,2.8341,-1.6985,-93.7263,8839.7383,SL Hit,41
ETHUSDT,P39_CAND_0551:BB Expansion Short,Short,1632139200000,1632182400000,3041.6,2896.901247491142,3149.3710650738403,2895.4535207307767,0.832,120.3894,2.4704,2.4359,-0.5046,118.4235,8958.1618,TP Hit,12
ETHUSDT,P39_CAND_0551:BB Expansion Short,Short,1632258000000,1632290400000,2767.1,2907.1660172033203,2905.713160623009,2578.021721356932,0.653,-91.4631,1.8526,1.8629,-0.1806,-93.1352,8865.0266,SL Hit,9
ETHUSDT,P39_CAND_0551:BB Expansion Short,Short,1632477600000,1632517200000,2857.9,2962.2937723697073,2960.813365686864,2717.5447698793555,0.871,-90.927,2.5347,2.5001,0.2809,-93.7425,8771.2841,SL Hit,11
ETHUSDT,P39_CAND_0551:BB Expansion Long,Long,1634212800000,1634263200000,3742.5,3839.00069474603,3668.454768166942,3840.921155323692,1.215,117.2483,4.6058,4.5811,2.9704,109.6722,8880.9562,TP Hit,14
ETHUSDT,P39_CAND_0551:Funding Reversal Short,Short,1634317200000,1634374800000,3865.8,3955.1266688340465,3953.1500937871533,3782.2699062128468,1.039,-92.8104,4.063,4.0382,-1.891,-94.9824,8785.9738,SL Hit,16
ETHUSDT,P39_CAND_0551:BB Expansion Long,Long,1634742000000,1634770800000,4056.6,4162.158276745439,3975.6073142003843,4164.240396943911,1.113,117.4864,4.5737,4.5657,1.0322,111.8804,8897.8543,TP Hit,8
ETHUSDT,P39_CAND_0551:Funding Reversal Short,Short,1634806800000,1634806800000,4197.9,4302.886217183439,4300.73584925881,4099.304150741191,0.883,-92.7028,3.7531,3.7619,0.0,-96.4559,8801.3983,SL Hit,0
ETHUSDT,P39_CAND_0551:BB Expansion Long,Long,1634814000000,1634814000000,4315.6,4213.101483862608,4215.209088406811,4422.50101288132,0.896,-91.8387,3.8209,3.8507,0.0,-95.6595,8705.7388,SL Hit,0
ETHUSDT,P39_CAND_0551:ATR Expansion Short,Short,1634839200000,1635174000000,4047.6,4211.652876710366,4209.548102659037,3809.727846011445,0.068,-11.1556,0.2808,0.2812,-1.021,-10.4154,8695.3234,SL Hit,93
ETHUSDT,P39_CAND_0551:BB Expansion Short,Short,1635328800000,1635408000000,4018.0,4144.476987199948,4142.405784307794,3849.991966239174,0.71,-89.7987,2.8977,2.8835,-2.3229,-90.3735,8604.95,SL Hit,22
ETHUSDT,P39_CAND_0551:BB Expansion Long,Long,1635418800000,1635451200000,4152.3,4295.335733113667,4044.2239777470327,4297.484475351343,0.812,116.145,3.4297,3.4175,0.3373,112.378,8717.3279,TP Hit,9
ETHUSDT,P39_CAND_0551:Funding Reversal Short,Short,1635501600000,1635519600000,4331.2,4449.293014789943,4447.069480049919,4219.570519950081,0.766,-90.4592,3.3629,3.3348,0.0,-93.8222,8623.5058,SL Hit,5
ETHUSDT,P39_CAND_0551:Funding Reversal Short,Short,1635541200000,1635580800000,4400.5,4290.197495626689,4517.446531107757,4288.053468892243,0.376,41.4737,1.6339,1.6522,-0.4318,40.2717,8663.7775,TP Hit,11
ETHUSDT,P39_CAND_0551:Funding Reversal Short,Short,1635850800000,1635890400000,4447.9,4554.143715636071,4551.867781745198,4349.1122182548015,0.855,-90.8384,3.8484,3.8269,-1.7395,-92.9472,8570.8302,SL Hit,11
ETHUSDT,P39_CAND_0551:Funding Reversal Short,Short,1635930000000,1635944400000,4583.6,4496.977504412536,4676.389860657136,4494.730139342865,0.944,81.7716,4.286,4.255,0.0,77.4856,8648.3158,TP Hit,4
ETHUSDT,P39_CAND_0551:BB Expansion Short,Short,1636581600000,1636614000000,4555.1,4686.223940638033,4683.881999638214,4381.778333835813,0.342,-44.8444,1.5803,1.5944,-0.4425,-45.9822,8602.3336,SL Hit,9
ETHUSDT,P39_CAND_0551:BB Expansion Short,Short,1637254800000,1637308800000,3998.0,4113.806553120102,4111.750677781211,3844.7190586372053,0.385,-44.5855,1.5615,1.5461,-0.3103,-45.8367,8556.4969,SL Hit,15
ETHUSDT,P39_CAND_0551:BB Expansion Long,Long,1637330400000,1637431200000,4207.8,4351.194772314044,4099.4281502089925,4353.371458043065,0.805,115.4328,3.445,3.4186,1.3691,110.6187,8667.1157,TP Hit,28
ETHUSDT,P39_CAND_0551:BB Expansion Long,Long,1637686800000,1637733600000,4355.8,4229.581271315957,4231.697119875895,4522.837889061258,0.711,-89.7415,3.0521,3.0828,0.3087,-93.1023,8574.0134,SL Hit,13
ETHUSDT,P39_CAND_0551:BB Expansion Long,Long,1637848800000,1637910000000,4463.8,4372.481405871321,4374.668740241442,4582.146749664665,0.987,-90.1315,4.3607,4.3994,2.7205,-97.2127,8476.8007,SL Hit,17
ETHUSDT,P39_CAND_0551:BB Expansion Short,Short,1637917200000,1637928000000,4096.7,3925.580978081799,4224.396998681763,3923.6191684975506,0.337,57.6671,1.3518,1.3621,0.0,56.3154,8533.1161,TP Hit,3
ETHUSDT,P39_CAND_0551:BB Expansion Long,Long,1638280800000,1638291600000,4654.3,4535.444437910964,4537.7132945582425,4810.564313113552,0.747,-88.7851,3.4324,3.4578,0.6626,-92.88,8440.236,SL Hit,3
ETHUSDT,P39_CAND_0551:BB Expansion Short,Short,1638554400000,1638558000000,4352.4,4200.477285851691,4467.010970301632,4198.37809680329,0.751,114.094,3.2116,3.1911,0.0,110.8824,8551.1184,TP Hit,1
ETHUSDT,P39_CAND_0551:BB Expansion Short,Short,1638788400000,1638792000000,3946.3,4084.628157777381,4082.5868643452086,3761.7665772983214,0.637,-88.115,2.5579,2.5679,0.0,-90.6729,8460.4455,SL Hit,1
ETHUSDT,P39_CAND_0551:BB Expansion Long,Long,1638828000000,1639062000000,4320.8,4178.1039572503705,4180.194054277509,4510.997702392349,0.305,-43.5223,1.2961,1.2841,1.0276,-45.8459,8414.5995,SL Hit,65
ETHUSDT,P39_CAND_0551:BB Expansion Long,Long,1639598400000,1639735200000,3970.3,3839.738600619959,3841.659430335126,4144.309124534547,0.332,-43.3464,1.2965,1.2851,0.571,-45.2138,8369.3857,SL Hit,38
ETHUSDT,P39_CAND_0551:BB Expansion Short,Short,1641416400000,1641420000000,3590.5,3489.950396047614,3667.264669111162,3488.2062929011636,1.117,112.3139,3.9544,3.9699,0.0,108.3595,8477.7452,TP Hit,1
ETHUSDT,P39_CAND_0551:BB Expansion Short,Short,1641668400000,1641675600000,3006.6,3097.5925705434397,3096.0445482693053,2886.050349625965,0.964,-87.7168,2.9422,2.9576,0.0,-90.6591,8387.0861,SL Hit,2
ETHUSDT,P39_CAND_0551:BB Expansion Short,Short,1641826800000,1641830400000,3015.4,3090.2377475499648,3088.69340084954,2917.282498820083,1.169,-87.4853,3.5687,3.5939,0.2234,-91.2775,8295.8087,SL Hit,1
ETHUSDT,P39_CAND_0551:BB Expansion Long,Long,1641927600000,1641992400000,3232.9,3338.635444435186,3152.798769991662,3340.3055972338025,0.528,55.8283,1.7349,1.7319,-0.0703,54.1638,8349.9724,TP Hit,18
ETHUSDT,P39_CAND_0551:BB Expansion Short,Short,1642802400000,1642834800000,2605.6,2439.568776545984,2728.18748674352,2438.3496017451116,0.688,114.2295,1.7355,1.7057,-0.1492,112.6431,8462.6156,TP Hit,9
ETHUSDT,P39_CAND_0551:BB Expansion Short,Short,1643018400000,1643022000000,2333.3,2205.23456128663,2428.3302035718402,2204.132495039111,0.902,115.515,2.0469,2.0584,0.0,113.4681,8576.0837,TP Hit,1
ETHUSDT,P39_CAND_0551:ATR Expansion Long,Long,1643058000000,1643223600000,2465.0,2696.8006669719693,2306.7501721047392,2698.1497418428908,0.548,127.0268,1.4143,1.3914,-0.0464,125.6588,8701.7425,TP Hit,46
ETHUSDT,P39_CAND_0551:ATR Expansion Short,Short,1644523200000,1644609600000,3117.5,2964.4315831274394,3223.216594617732,2962.9501080734026,0.104,15.9191,0.3163,0.3205,0.0404,15.5625,8717.305,TP Hit,24
ETHUSDT,P39_CAND_0551:BB Expansion Short,Short,1644613200000,1644886800000,2915.8,3008.39354441712,3006.8900993674365,2792.8693064341164,0.973,-90.0935,2.8821,2.9126,-1.5792,-91.3964,8625.9086,SL Hit,76
ETHUSDT,P39_CAND_0551:BB Expansion Short,Short,1645110000000,1645131600000,2971.3,2866.1447085325385,3050.588706303421,2864.7123523563605,1.109,116.6172,3.2369,3.2187,-0.0534,113.4337,8739.3423,TP Hit,6
ETHUSDT,P39_CAND_0551:BB Expansion Short,Short,1645207200000,1645329600000,2781.4,2672.0933489839867,2863.5046616007294,2670.7579699989874,1.083,118.3791,2.9531,2.9949,-0.6751,116.1011,8855.4434,TP Hit,34
ETHUSDT,P39_CAND_0551:ATR Expansion Long,Long,1645459200000,1645466400000,2723.7,2624.756965799103,2626.0700007995024,2866.719998800746,0.92,-91.0276,2.4603,2.4776,-0.3507,-93.1372,8762.3063,SL Hit,2
ETHUSDT,P39_CAND_0551:BB Expansion Short,Short,1645480800000,1645599600000,2579.3,2679.2908771629595,2677.9519012123533,2445.723470538398,0.901,-90.0918,2.369,2.3507,-0.3623,-92.0985,8670.2078,SL Hit,33
ETHUSDT,P39_CAND_0551:Low-Activity Filler Short,Short,1645614000000,1645657200000,2714.5,2582.13752933877,2792.9787966937847,2580.8471057858774,1.124,148.7754,2.9767,2.9678,0.1186,145.6801,8815.8879,TP Hit,12
ETHUSDT,P39_CAND_0551:BB Expansion Long,Long,1645732800000,1645732800000,2595.6,2746.0546136617254,2484.047603965541,2747.428327825638,0.8,120.3637,2.1367,2.155,0.0,118.227,8934.1149,TP Hit,0
ETHUSDT,P39_CAND_0551:BB Expansion Long,Long,1645797600000,1645833600000,2711.9,2837.849829271415,2617.92358591754,2839.2694640034165,0.964,121.4156,2.675,2.641,0.5301,118.2106,9052.3255,TP Hit,10
ETHUSDT,P39_CAND_0551:BB Expansion Short,Short,1645992000000,1646056800000,2604.5,2698.8387379322135,2697.4899929357457,2478.6677875892415,0.988,-93.2067,2.6198,2.6664,0.7814,-96.6079,8955.7176,SL Hit,18
ETHUSDT,P39_CAND_0551:BB Expansion Long,Long,1646064000000,1646085600000,2815.6,2950.591195099069,2714.969995326333,2952.0672287134257,0.902,121.7621,2.6006,2.5761,-0.229,119.3905,9075.108,TP Hit,6
ETHUSDT,P39_CAND_0551:BB Expansion Long,Long,1646143200000,1646146800000,3019.6,2930.9765105818324,2932.442731947806,3137.0206500724917,1.06,-93.9409,3.1538,3.1654,0.0,-97.0947,8978.0133,SL Hit,1
ETHUSDT,P39_CAND_0551:BB Expansion Short,Short,1646683200000,1646701200000,2457.5,2529.08329420735,2527.819384515092,2362.629188173483,1.298,-92.9151,3.2363,3.1722,-0.2802,-95.8712,8882.1421,SL Hit,5
ETHUSDT,P39_CAND_0551:BB Expansion Long,Long,1647626400000,1647774000000,2935.4,2878.070935073329,2879.510690418538,3009.464596640919,1.633,-93.6184,4.7467,4.8006,2.2053,-100.5703,8781.5718,SL Hit,41
ETHUSDT,P39_CAND_0551:BB Expansion Long,Long,1648828800000,1648857600000,3433.9,3520.730312746472,3367.190077861471,3522.4915585257345,1.351,117.3078,4.6979,4.6761,0.9304,111.6795,8893.2513,TP Hit,8
ETHUSDT,P39_CAND_0551:BB Expansion Short,Short,1649264400000,1649404800000,3209.3,3290.6279810619926,3288.9834893173343,3102.5462648370362,0.57,-46.3569,1.8525,1.8665,0.3599,-48.5694,8844.6819,SL Hit,39
ETHUSDT,P39_CAND_0551:BB Expansion Short,Short,1649671200000,1649689200000,3077.4,3004.5604168962755,3133.505601034165,3003.0588874525492,0.81,59.0001,2.4632,2.4312,0.0,56.5369,8901.2188,TP Hit,5
ETHUSDT,P39_CAND_0551:BB Expansion Long,Long,1650319200000,1650376800000,3042.6,3120.534945420277,2982.662484739771,3122.095993416985,1.525,118.8508,4.6994,4.7596,-0.2206,114.372,9015.5908,TP Hit,16
ETHUSDT,P39_CAND_0551:ATR Expansion Long,Long,1650906000000,1650916800000,2923.4,3017.1873112027506,2857.4022269783222,3018.6966595325166,1.397,131.0209,4.1495,4.1901,0.0,126.8714,9142.4622,TP Hit,3
ETHUSDT,P39_CAND_0551:BB Expansion Long,Long,1650920400000,1650981600000,3000.3,2932.825247083636,2934.292393280276,3088.393898221839,1.417,-95.6117,4.2036,4.2186,-0.6393,-99.176,9043.2862,SL Hit,17
ETHUSDT,P39_CAND_0551:BB Expansion Short,Short,1650992400000,1651003200000,2878.6,2800.078044162583,2938.637332536672,2798.678704810178,1.544,121.2379,4.3839,4.3839,0.0,116.854,9160.1401,TP Hit,3
ETHUSDT,P39_CAND_0551:ATR Expansion Long,Long,1651068000000,1651068000000,2905.4,2835.08855450252,2836.506807906473,3005.21478814029,1.357,-95.4126,3.8949,3.8515,0.0,-99.3076,9060.8326,SL Hit,0
ETHUSDT,P39_CAND_0551:ATR Expansion Short,Short,1651071600000,1651129200000,2839.9,2918.33140056889,2916.8729640868464,2728.040553869731,1.2,-94.1177,3.4549,3.4901,0.941,-98.5136,8962.319,SL Hit,16
ETHUSDT,P39_CAND_0551:ATR Expansion Long,Long,1651165200000,1651226400000,2935.5,2857.9977315940005,2859.4274453166586,3046.0338320250125,1.201,-93.0802,3.479,3.4225,0.7038,-97.263,8865.0559,SL Hit,17
ETHUSDT,P39_CAND_0551:BB Expansion Long,Long,1651694400000,1651755600000,2956.1,2893.662095632531,2895.1096504577595,3037.2971521420013,1.489,-92.97,4.3551,4.3442,0.8745,-98.1997,8766.8562,SL Hit,17
ETHUSDT,P39_CAND_0551:BB Expansion Short,Short,1651766400000,1651834800000,2739.3,2660.060912813661,2799.6312861310985,2658.7315470401413,1.486,117.7493,4.0117,3.9815,-0.6113,114.3489,8881.205,TP Hit,19
ETHUSDT,P39_CAND_0551:BB Expansion Short,Short,1652094000000,1652101200000,2374.7,2444.684178157726,2443.462446934259,2282.0632681468633,1.315,-92.0292,3.1687,3.1977,0.0,-95.1979,8786.0071,SL Hit,2
ETHUSDT,P39_CAND_0551:BB Expansion Short,Short,1652122800000,1652158800000,2282.9,2376.9338951752734,2375.7460221641913,2156.742191438623,0.958,-90.0845,2.2321,2.2588,-0.2098,-92.1067,8693.9004,SL Hit,10
ETHUSDT,P39_CAND_0551:ATR Expansion Long,Long,1652187600000,1652194800000,2444.4,2337.2767608574995,2338.445983849424,2600.2060242258644,0.83,-88.9123,1.9844,2.008,0.0,-90.8967,8603.0037,SL Hit,2
ETHUSDT,P39_CAND_0551:BB Expansion Short,Short,1654106400000,1654113600000,1845.4,1780.0761644151457,1894.6388687867016,1779.1865711295811,1.78,116.2764,3.2267,3.2211,0.0,113.0498,8716.0535,TP Hit,2
ETHUSDT,P39_CAND_0551:BB Expansion Long,Long,1654635600000,1654639200000,1845.9,1797.2840164684635,1798.1831080224747,1910.0234610798964,1.862,-90.523,3.3918,3.3499,0.0,-93.9148,8622.1387,SL Hit,1
ETHUSDT,P39_CAND_0551:ATR Expansion Long,Long,1654682400000,1654819200000,1817.3,1756.0904380056747,1756.968922466908,1905.3466162996376,0.726,-44.4381,1.2971,1.2694,0.5544,-46.2897,8575.849,SL Hit,38
ETHUSDT,P39_CAND_0551:BB Expansion Short,Short,1654880400000,1654934400000,1679.8,1620.0363715211156,1724.960734137728,1619.2267581420447,1.938,115.8219,3.1975,3.2939,0.7851,111.8393,8687.6883,TP Hit,15
ETHUSDT,P39_CAND_0551:BB Expansion Short,Short,1654959600000,1654999200000,1524.8,1450.3678965777742,1580.2717859710167,1449.6430750402542,1.589,118.2726,2.3638,2.4229,0.4501,115.4587,8803.147,TP Hit,11
ETHUSDT,P39_CAND_0551:BB Expansion Short,Short,1655110800000,1655172000000,1205.3,1092.4185488163532,1288.5329189927295,1091.8726125100982,1.069,120.6703,1.2281,1.2678,0.0694,119.3728,8922.5198,TP Hit,17
ETHUSDT,P39_CAND_0551:BB Expansion Short,Short,1655283600000,1655290800000,1028.3,1110.2958368450265,1109.7409663618457,916.7403244974366,1.104,-90.5234,1.1805,1.1646,0.0,-91.7039,8830.8159,SL Hit,2
ETHUSDT,P39_CAND_0551:ATR Expansion Long,Long,1655330400000,1655373600000,1226.9,1105.6181702981955,1106.1712559261587,1406.393116110762,0.368,-44.6317,0.4292,0.4391,-0.0105,-45.0504,8785.7655,SL Hit,12
ETHUSDT,P39_CAND_0551:BB Expansion Long,Long,1655636400000,1655668800000,1063.8,1151.2174560699107,999.5159860226757,1151.7933527462837,0.689,60.2306,0.7631,0.7757,-0.1305,59.5981,8845.3636,TP Hit,9
ETHUSDT,P39_CAND_0551:Low-Activity Filler Short,Short,1655722800000,1656100800000,1160.4,1231.2497387998196,1230.6344215890251,1039.1397622192062,1.27,-89.9792,1.5187,1.5562,0.1302,-91.6281,8753.7355,SL Hit,105
ETHUSDT,P39_CAND_0551:BB Expansion Long,Long,1656957600000,1656997200000,1125.9,1166.3157989407673,1095.3829410331641,1166.8992485650497,2.924,118.1758,3.3512,3.4019,0.0277,114.7969,8868.5324,TP Hit,11
ETHUSDT,P39_CAND_0551:BB Expansion Short,Short,1657026000000,1657044000000,1092.7,1125.1655828873304,1124.6032812467072,1049.6798871573512,2.828,-91.8127,3.1361,3.089,-0.0544,-94.8943,8773.6381,SL Hit,5
ETHUSDT,P39_CAND_0551:BB Expansion Long,Long,1657213200000,1657242000000,1233.6,1275.4990323192253,1201.8552873738447,1276.1371008696601,2.822,118.2391,3.5403,3.6349,0.2405,114.4582,8888.0963,TP Hit,8
ETHUSDT,P39_CAND_0551:BB Expansion Long,Long,1657735200000,1657810800000,1094.2,1146.677995788044,1055.108432448833,1147.2516215988433,2.304,120.9093,2.5815,2.5428,-0.6523,118.9801,9007.0764,TP Hit,21
ETHUSDT,P39_CAND_0551:BB Expansion Long,Long,1657915200000,1657926000000,1266.5,1227.0653702049185,1227.6792098098233,1318.8649863752453,2.36,-93.0657,2.9424,2.8883,0.0,-96.0081,8911.0683,SL Hit,3
ETHUSDT,P39_CAND_0551:BB Expansion Long,Long,1657987200000,1657987200000,1274.8,1320.354408921781,1240.4244602064211,1321.0149163799708,2.641,120.3092,3.4269,3.4611,0.2373,116.645,9027.7132,TP Hit,0
ETHUSDT,P39_CAND_0551:BB Expansion Long,Long,1658134800000,1658185200000,1478.0,1547.9160646251642,1425.8301049223433,1548.690409830079,1.755,122.7027,2.6552,2.6577,-0.0229,120.0703,9147.7835,TP Hit,14
ETHUSDT,P39_CAND_0551:ATR Expansion Short,Short,1658350800000,1658433600000,1519.9,1590.7836396832463,1589.9886453605661,1416.5670319591507,1.319,-93.4955,2.0515,2.0115,-0.596,-94.951,9052.8326,SL Hit,23
ETHUSDT,P39_CAND_0551:BB Expansion Long,Long,1658437200000,1658516400000,1585.7,1529.7151802673027,1530.4804204775414,1660.5544160034149,1.663,-93.1028,2.5905,2.5365,0.7722,-96.4654,8956.3672,SL Hit,22
ETHUSDT,P39_CAND_0551:BB Expansion Short,Short,1658520000000,1658548800000,1525.2,1579.9300493919613,1579.1404791523853,1452.1937789550204,1.685,-92.2201,2.6161,2.6953,-0.2409,-94.5953,8861.7719,SL Hit,8
ETHUSDT,P39_CAND_0551:BB Expansion Long,Long,1658948400000,1658973600000,1581.3,1651.0943605611187,1528.991369080535,1651.9203207214794,1.722,120.1859,2.7831,2.8171,0.0936,117.3092,8979.081,TP Hit,7
ETHUSDT,P39_CAND_0551:BB Expansion Long,Long,1659024000000,1659096000000,1729.2,1660.1141734584044,1660.9446457812949,1821.8968808593124,1.333,-92.0914,2.259,2.2667,0.6888,-95.0392,8884.0418,SL Hit,20
ETHUSDT,P39_CAND_0551:BB Expansion Long,Long,1659459600000,1659484800000,1668.3,1616.903113934065,1617.7119699190243,1736.5544862235772,1.786,-91.7948,2.9337,2.927,0.0464,-94.7749,8789.2669,SL Hit,7
ETHUSDT,P39_CAND_0551:BB Expansion Short,Short,1660050000000,1660089600000,1705.2,1656.6071452781227,1742.3309359317855,1655.7792556502977,1.213,58.9431,2.0389,2.0959,0.5073,56.3969,8845.6639,TP Hit,11
ETHUSDT,P39_CAND_0551:BB Expansion Long,Long,1660136400000,1660179600000,1823.3,1887.9041948955255,1774.608594172308,1888.848619205128,1.85,119.5178,3.4329,3.3567,0.2328,115.8521,8961.5159,TP Hit,12
ETHUSDT,P39_CAND_0551:BB Expansion Short,Short,1660899600000,1660910400000,1734.8,1674.17397456047,1780.4979397465884,1673.3373059075163,1.998,121.1308,3.4056,3.35,0.0,117.7252,9079.2412,TP Hit,3
ETHUSDT,P39_CAND_0551:BB Expansion Short,Short,1661029200000,1661032800000,1531.3,1579.6636926487568,1578.8742555209963,1467.159645109727,1.941,-93.8739,3.0192,3.1045,0.0,-96.8931,8982.348,SL Hit,1
ETHUSDT,P39_CAND_0551:Low-Activity Filler Short,Short,1661281200000,1661407200000,1655.1,1706.6641099030612,1705.811204300911,1568.610392473406,1.8,-92.8154,3.0256,3.0112,0.5066,-96.3476,8886.0005,SL Hit,35
ETHUSDT,P39_CAND_0551:BB Expansion Short,Short,1661529600000,1661554800000,1591.8,1527.9990024337822,1639.5937229861836,1527.2353847414115,1.889,120.5201,2.9467,2.8781,-0.2678,117.8412,9003.8417,TP Hit,7
ETHUSDT,P39_CAND_0551:BB Expansion Long,Long,1661788800000,1661832000000,1521.5,1570.3199120743197,1484.5456653391593,1571.105464806723,2.485,121.3175,3.8416,3.7661,-0.901,118.3769,9122.2186,TP Hit,12
ETHUSDT,P39_CAND_0551:BB Expansion Short,Short,1661878800000,1661886000000,1485.8,1533.5826006507943,1532.816192554517,1422.5541770076154,1.976,-94.4184,2.9832,3.0755,0.0,-97.4016,9024.817,SL Hit,2
ETHUSDT,P39_CAND_0551:ATR Expansion Long,Long,1661889600000,1662120000000,1543.4,1625.2361633568712,1486.9505413661022,1626.0491879508465,0.811,66.3691,1.2849,1.3244,-0.2011,65.2854,9090.1024,TP Hit,64
ETHUSDT,P39_CAND_0551:ATR Expansion Short,Short,1662487200000,1662516000000,1586.2,1507.769471042374,1640.322691292771,1507.0159630608437,1.705,133.7241,2.6376,2.6317,0.0625,131.024,9221.1263,TP Hit,8
ETHUSDT,P39_CAND_0551:BB Expansion Long,Long,1662584400000,1662620400000,1640.3,1595.0059994589842,1595.803901409689,1700.2368035976542,2.109,-95.525,3.4116,3.3489,-0.6328,-98.3039,9122.8224,SL Hit,10
ETHUSDT,P39_CAND_0551:BB Expansion Short,Short,1663077600000,1663225200000,1600.8,1656.4449391837563,1655.6171306184472,1541.602077090614,1.689,-93.9843,2.7507,2.7663,18.5531,-115.2882,9007.5342,SL Hit,41
ETHUSDT,P39_CAND_0551:BB Expansion Short,Short,1663538400000,1663556400000,1332.1,1284.2110888787897,1368.091300956793,1283.5693042266764,2.546,121.9252,3.3306,3.2125,-0.2153,118.8099,9126.3442,TP Hit,5
ETHUSDT,P39_CAND_0551:BB Expansion Long,Long,1663876800000,1663938000000,1323.9,1278.6797130978202,1279.3193727842122,1384.3125377997053,2.076,-93.8773,2.7015,2.6151,-0.3993,-96.1795,9030.1647,SL Hit,17
ETHUSDT,P39_CAND_0551:BB Expansion Short,Short,1663941600000,1663966800000,1269.4,1311.6767342628352,1311.02122365101,1213.0021893735973,2.201,-93.0511,2.8405,2.7634,0.1355,-96.027,8934.1377,SL Hit,7
ETHUSDT,P39_CAND_0551:BB Expansion Short,Short,1664301600000,1664330400000,1313.2,1268.920788899054,1346.6728151850882,1268.286645576266,2.723,120.5723,3.5156,3.5512,-0.0471,117.1038,9051.2415,TP Hit,8
ETHUSDT,P39_CAND_0551:BB Expansion Short,Short,1665666000000,1665673200000,1216.3,1250.6995892670573,1250.0745519910618,1171.0153444568589,2.735,-94.0829,3.3736,3.4599,0.0,-97.4565,8953.785,SL Hit,2
ETHUSDT,P39_CAND_0551:ATR Expansion Long,Long,1665687600000,1666562400000,1285.9,1344.3263637080765,1245.4174245735692,1344.9988631396463,2.248,131.3425,2.9564,2.973,2.3124,126.0737,9079.8587,TP Hit,243
ETHUSDT,P39_CAND_0551:BB Expansion Long,Long,1666717200000,1666717200000,1428.6,1460.5562892093446,1403.7754084735086,1461.2869326756825,3.772,120.5391,5.4489,5.585,0.0,115.0902,9194.9488,TP Hit,0
ETHUSDT,P39_CAND_0551:BB Expansion Long,Long,1666796400000,1666839600000,1575.1,1526.0562512587596,1526.8196610893042,1640.3165818204109,1.935,-94.8997,3.0004,2.9865,0.6061,-98.5061,9096.4427,SL Hit,12
ETHUSDT,P39_CAND_0551:BB Expansion Long,Long,1667037600000,1667120400000,1632.2,1594.379059428149,1595.176647752025,1681.6624336777434,2.513,-95.044,4.0542,4.065,0.9675,-100.0658,8996.3769,SL Hit,23
ETHUSDT,P39_CAND_0551:BB Expansion Long,Long,1667566800000,1667570400000,1610.0,1652.9851782760725,1577.0792992908735,1653.8120843182314,2.801,120.4015,4.5698,4.557,0.0,115.8317,9112.2086,TP Hit,1
ETHUSDT,P39_CAND_0551:ATR Expansion Long,Long,1667926800000,1667926800000,1546.1,1479.7231618747526,1480.4633935715383,1642.5299096426925,1.406,-93.3258,2.1272,2.1796,0.0,-95.453,9016.7556,SL Hit,0
ETHUSDT,P39_CAND_0551:ATR Expansion Short,Short,1667930400000,1667934000000,1445.6,1332.2401568023085,1522.7004202550002,1331.5743696174998,1.179,133.6513,1.6375,1.6103,0.0,132.0137,9148.7693,TP Hit,1
ETHUSDT,P39_CAND_0551:BB Expansion Short,Short,1667937600000,1667988000000,1312.1,1180.055134339244,1408.7493108203344,1179.4654016384247,0.953,125.8388,1.1875,1.191,0.9562,123.695,9272.4643,TP Hit,14
ETHUSDT,P39_CAND_0551:BB Expansion Short,Short,1668009600000,1668085200000,1160.9,1250.301848838023,1249.6770103328568,1039.0319300932547,1.052,-94.0507,1.2683,1.2465,1.4618,-96.7809,9175.6835,SL Hit,21
ETHUSDT,P39_CAND_0551:BB Expansion Long,Long,1668088800000,1668175200000,1299.5,1216.1427656151238,1216.7511411857167,1412.900081686504,1.118,-93.1934,1.4062,1.3845,-1.2856,-93.314,9082.3694,SL Hit,24
ETHUSDT,P39_CAND_0551:Low-Activity Filler Short,Short,1669201200000,1669251600000,1173.1,1204.1103590053533,1203.5086047030018,1121.6174417697468,3.05,-94.5816,3.6252,3.7569,0.4843,-98.6912,8983.6783,SL Hit,14
ETHUSDT,P39_CAND_0551:BB Expansion Long,Long,1670943600000,1670950800000,1333.1,1307.9636703230867,1308.617979312743,1365.5261398434125,3.771,-94.7891,4.9797,4.9185,0.4993,-100.2681,8883.4102,SL Hit,2
ETHUSDT,P39_CAND_0551:BB Expansion Short,Short,1671188400000,1671228000000,1208.0,1178.091007754008,1231.0247752294995,1177.502256625695,3.965,118.5892,4.7304,4.8323,-0.477,114.3358,8997.7459,TP Hit,11
ETHUSDT,P39_CAND_0551:Funding Reversal Short,Short,1673690400000,1673830800000,1523.7,1572.048790633846,1571.263159054319,1477.716840945681,1.924,-93.0231,2.9781,3.0315,-4.2155,-91.7857,8905.9602,SL Hit,39
ETHUSDT,P39_CAND_0551:BB Expansion Long,Long,1674248400000,1674295200000,1642.6,1679.834802071319,1613.7238994583795,1680.6751396411396,3.178,118.3322,5.2793,5.3719,1.0522,112.0006,9017.9608,TP Hit,13
ETHUSDT,P39_CAND_0551:BB Expansion Short,Short,1675980000000,1676062800000,1539.0,1492.9211933504582,1574.072723825757,1492.1751057975596,2.63,121.1873,3.987,4.0399,-1.0873,118.2876,9136.2484,TP Hit,23
ETHUSDT,P39_CAND_0551:Low-Activity Filler Short,Short,1676394000000,1676458800000,1538.5,1578.4745366289399,1577.685693782049,1472.0975358814142,1.19,-47.5697,1.8546,1.8669,-0.15,-49.2743,9086.9741,SL Hit,18
ETHUSDT,P39_CAND_0551:BB Expansion Long,Long,1676494800000,1676505600000,1666.5,1711.179735911908,1632.4070572720623,1712.0357537888024,2.726,121.797,4.6038,4.5416,0.2609,116.9322,9203.9064,TP Hit,3
ETHUSDT,P39_CAND_0551:BB Expansion Short,Short,1678395600000,1678395600000,1411.2,1443.311453568354,1442.5901584891094,1369.3703354317927,3.003,-96.4307,4.286,4.3883,0.0,-100.7167,9103.1896,SL Hit,0
ETHUSDT,P39_CAND_0551:BB Expansion Long,Long,1678654800000,1678658400000,1541.3,1589.3310760206168,1504.9239798550834,1590.1261390901618,2.552,122.5753,3.9947,3.943,0.0,118.5806,9221.7702,TP Hit,1
ETHUSDT,P39_CAND_0551:BB Expansion Long,Long,1678719600000,1678795200000,1643.9,1699.5086795971079,1601.8392215008328,1700.358859026621,2.236,124.341,3.7379,3.7122,1.1195,119.4835,9341.2538,TP Hit,21
ETHUSDT,P39_CAND_0551:BB Expansion Short,Short,1678899600000,1678917600000,1615.9,1663.8468080088105,1663.0153003586313,1552.3015272796788,2.016,-96.6608,3.306,3.2286,0.0,-99.9667,9241.287,SL Hit,5
ETHUSDT,P39_CAND_0551:BB Expansion Long,Long,1679050800000,1679061600000,1745.0,1709.6097792732749,1710.4650117791643,1790.9347058622718,2.743,-97.0754,4.738,4.7049,0.0,-101.8134,9139.4737,SL Hit,3
ETHUSDT,P39_CAND_0551:BB Expansion Short,Short,1679522400000,1679580000000,1717.6,1760.2666407794195,1759.3869473057666,1661.6886842975464,2.235,-95.3599,3.8865,3.9329,-0.2586,-98.9879,9040.4858,SL Hit,16
ETHUSDT,P39_CAND_0551:BB Expansion Long,Long,1679587200000,1679594400000,1838.4,1799.2446857499858,1800.1447581290502,1889.238947042986,2.424,-94.9125,4.4088,4.5088,0.3055,-99.6268,8940.8589,SL Hit,2
ETHUSDT,P39_CAND_0551:BB Expansion Long,Long,1681387200000,1681430400000,1986.1,2030.974995305937,1951.424486623037,2031.9909908013376,2.651,118.9636,5.3246,5.2119,1.0627,112.5763,9053.4352,TP Hit,12
ETHUSDT,P39_CAND_0551:BB Expansion Short,Short,1681898400000,1681945200000,1979.0,1928.1932515745395,2017.9430615355636,1927.2296367561617,1.192,60.5616,2.3287,2.3049,0.024,58.209,9111.6442,TP Hit,13
ETHUSDT,P39_CAND_0551:BB Expansion Short,Short,1682110800000,1682179200000,1836.0,1876.8671061809748,1875.9291416101698,1782.740636652542,2.336,-95.4656,4.3366,4.3402,-0.1872,-99.615,9012.0292,SL Hit,19
ETHUSDT,P39_CAND_0551:BB Expansion Long,Long,1682514000000,1682535600000,1961.0,1927.3992418089913,1928.3634235207517,2003.8919117767339,2.85,-95.7622,5.541,5.6549,0.0697,-101.3729,8910.6564,SL Hit,6
ETHUSDT,P39_CAND_0551:ATR Expansion Short,Short,1682539200000,1682542800000,1826.5,1877.0919362574016,1876.1538593277378,1754.2442110083934,1.827,-92.4315,3.3832,3.3399,0.0,-95.8147,8814.8417,SL Hit,1
ETHUSDT,P39_CAND_0551:ATR Expansion Long,Long,1682546400000,1682967600000,1878.1,1817.5379589271708,1818.44718251843,1965.1292262223546,1.502,-90.9642,2.7754,2.8376,1.8489,-95.5885,8719.2531,SL Hit,117
ETHUSDT,P39_CAND_0551:BB Expansion Long,Long,1683306000000,1683349200000,1992.6,1957.8878134964837,1958.8672471200437,2036.9904901110503,2.666,-92.5427,5.266,5.3838,0.5312,-98.3399,8620.9132,SL Hit,12
ETHUSDT,P39_CAND_0551:BB Expansion Short,Short,1683385200000,1683421200000,1873.8,1911.0282358186662,1910.0731992190567,1825.737778862421,2.442,-90.9114,4.6213,4.6765,-0.1021,-95.4305,8525.4827,SL Hit,10
ETHUSDT,P39_CAND_0551:BB Expansion Short,Short,1686780000000,1686927600000,1652.6,1684.5116730510974,1683.6698381320316,1611.5018914832895,2.822,-90.0547,4.7087,4.8308,1.2097,-95.9731,8429.5096,SL Hit,41
ETHUSDT,P39_CAND_0551:Low-Activity Filler Short,Short,1686952800000,1686978000000,1715.7,1743.2460157426053,1742.3748283284413,1671.301550425228,1.631,-44.9276,2.8208,2.7746,-0.188,-47.5604,8381.9492,SL Hit,7
ETHUSDT,P39_CAND_0551:ATR Expansion Short,Short,1688133600000,1688140800000,1853.5,1893.6688673092726,1892.7225060562446,1796.9412409156332,2.188,-87.8895,4.0994,4.0836,-0.405,-91.5839,8290.3654,SL Hit,2
ETHUSDT,P39_CAND_0551:BB Expansion Long,Long,1689271200000,1689292800000,1989.8,2028.8690727816518,1959.1335093518867,2029.8840147890462,2.799,109.3543,5.6241,5.7518,0.5611,103.1691,8393.5344,TP Hit,6
ETHUSDT,P39_CAND_0551:ATR Expansion Short,Short,1689361200000,1690066800000,1914.0,1860.6731008043655,1951.8378472068196,1859.7432291897708,2.279,121.532,4.3012,4.3982,-5.9212,123.1519,8516.6864,TP Hit,196
ETHUSDT,P39_CAND_0551:BB Expansion Short,Short,1692306000000,1692306000000,1717.1,1684.3931896844003,1742.6481819362637,1683.5514139774118,1.721,56.2884,2.927,2.8599,0.0,53.3614,8570.0478,TP Hit,0
ETHUSDT,P39_CAND_0551:Low-Activity Filler Short,Short,1692817200000,1692896400000,1677.7,1634.654428113405,1704.0842803664425,1633.8375093587256,1.677,72.1874,2.7774,2.7787,0.0043,69.4058,8639.4535,TP Hit,22
ETHUSDT,P39_CAND_0551:BB Expansion Long,Long,1693328400000,1693400400000,1735.2,1707.5654856667986,1708.4196955145558,1770.3165340075614,3.334,-92.1335,5.7391,5.7819,0.8465,-98.719,8540.7345,SL Hit,20
ETHUSDT,P39_CAND_0551:BB Expansion Short,Short,1694462400000,1694487600000,1537.8,1561.8804987763235,1561.0999488019227,1507.3500711084405,3.796,-91.4096,5.8832,5.9998,0.2939,-97.5866,8443.1479,SL Hit,7
ETHUSDT,P39_CAND_0551:ATR Expansion Long,Long,1694512800000,1694512800000,1589.1,1622.4999976465554,1564.958897684472,1623.311653473292,3.617,120.8078,5.8082,5.7932,0.0,114.9996,8558.1475,TP Hit,0
ETHUSDT,P39_CAND_0551:Low-Activity Filler Short,Short,1694520000000,1694649600000,1608.0,1636.5540226248463,1635.7361545475726,1561.634229541748,3.176,-90.6876,5.1524,5.1066,0.0581,-95.8981,8462.2494,SL Hit,36
ETHUSDT,P39_CAND_0551:ATR Expansion Short,Short,1696262400000,1696269600000,1690.1,1651.1690384517328,1718.0374223210174,1650.3438665184738,3.125,121.6593,5.2207,5.2662,-0.3367,116.7752,8579.0247,TP Hit,2
ETHUSDT,P39_CAND_0551:ATR Expansion Short,Short,1698332400000,1698861600000,1788.3,1836.0326735573356,1835.115115999336,1720.3273260009962,1.868,-89.1646,3.3851,3.4139,-6.3633,-86.1864,8492.8382,SL Hit,147
ETHUSDT,P39_CAND_0551:BB Expansion Long,Long,1699545600000,1699545600000,2040.6,1998.0789486240471,1999.078487867981,2095.784322405582,2.098,-89.2092,4.2366,4.2999,3.0437,-96.4894,8396.3488,SL Hit,0
ETHUSDT,P39_CAND_0551:Funding Reversal Short,Short,1699556400000,1699563600000,2000.6,2055.921947636509,2054.894500386316,1948.3654996136843,1.576,-87.1874,3.1965,3.2583,0.0,-90.3839,8305.9649,SL Hit,2
ETHUSDT,P39_CAND_0551:Funding Reversal Short,Short,1703235600000,1703253600000,2292.2,2344.262788271671,2343.091242650346,2243.528757349654,1.668,-86.8407,3.8668,3.8056,0.0,-90.7075,8215.2574,SL Hit,5
ETHUSDT,P39_CAND_0551:Funding Reversal Short,Short,1703689200000,1703692800000,2328.1,2368.62478346476,2367.441062933294,2291.2789370667065,1.079,-43.7262,2.5339,2.4857,-1.2417,-45.0185,8170.2389,SL Hit,1
ETHUSDT,P39_CAND_0551:BB Expansion Long,Long,1703696400000,1703721600000,2370.1,2409.813978193412,2330.935460856357,2411.0194879373803,2.154,85.5439,5.148,5.2245,1.3978,78.9981,8249.237,TP Hit,7
ETHUSDT,P39_CAND_0551:Funding Reversal Short,Short,1703754000000,1703811600000,2380.4,2336.3972054433475,2428.0304093519767,2335.2295906480235,0.889,39.1185,2.0966,2.1226,-2.0864,39.1083,8288.3453,TP Hit,16
ETHUSDT,P39_CAND_0551:BB Expansion Long,Long,1704186000000,1704193200000,2430.5,2394.5425461892946,2395.7404163974934,2466.546204002786,2.471,-88.8509,5.9613,5.9993,0.0,-94.8122,8193.533,SL Hit,2
ETHUSDT,P39_CAND_0551:Funding Reversal Short,Short,1704196800000,1704207600000,2393.1,2356.993370488624,2432.744537242755,2355.8154627572453,2.13,76.9071,5.0588,5.0223,0.0,71.8483,8265.3813,TP Hit,3
ETHUSDT,P39_CAND_0551:BB Expansion Short,Short,1704290400000,1704394800000,2223.2,2292.685479934212,2291.5397100791724,2130.8876248900383,1.229,-85.3977,2.775,2.7601,-1.1003,-87.0724,8178.3089,SL Hit,29
ETHUSDT,P39_CAND_0551:BB Expansion Long,Long,1704740400000,1704758400000,2336.7,2291.579699116654,2292.7260621477276,2394.072135905934,1.928,-86.9919,4.4617,4.5045,0.4494,-91.903,8086.4059,SL Hit,5
ETHUSDT,P39_CAND_0551:BB Expansion Long,Long,1704920400000,1704927600000,2486.3,2594.793075605542,2405.06599276039,2596.091121166125,1.011,109.6865,2.5685,2.6064,0.0,107.118,8193.5239,TP Hit,2
ETHUSDT,P39_CAND_0551:BB Expansion Short,Short,1706004000000,1706090400000,2214.8,2264.1750982133126,2263.0435764251,2150.375032742917,1.737,-85.7645,3.89,3.824,-1.1628,-88.4917,8105.0322,SL Hit,24
ETHUSDT,P39_CAND_0551:BB Expansion Long,Long,1707764400000,1707782400000,2623.6,2675.463620959756,2583.0585441810667,2676.8020219707414,2.065,107.0984,5.4713,5.4483,0.5495,101.0776,8206.1098,TP Hit,5
ETHUSDT,P39_CAND_0551:BB Expansion Long,Long,1707908400000,1707955200000,2756.3,2817.1225483218814,2709.102293755123,2818.5318142289957,1.791,108.9332,4.991,4.9956,1.1418,102.8003,8308.9101,TP Hit,13
ETHUSDT,P39_CAND_0551:ATR Expansion Long,Long,1708120800000,1708178400000,2793.5,2735.102233256143,2736.4704684903877,2875.419297264419,1.495,-87.3047,4.1326,4.1983,0.8373,-92.2746,8216.6355,SL Hit,16
ETHUSDT,P39_CAND_0551:ATR Expansion Short,Short,1708448400000,1708455600000,2897.5,2969.2237620678075,2967.739892121747,2795.6651618173796,1.194,-85.6382,3.5024,3.4553,0.0,-89.1406,8127.4949,SL Hit,2
ETHUSDT,P39_CAND_0551:ATR Expansion Short,Short,1708509600000,1708556400000,2899.8,2965.553280176216,2964.0712445539393,2807.0681331690907,1.294,-85.0847,3.7949,3.807,-0.3773,-88.5023,8038.9926,SL Hit,13
ETHUSDT,P39_CAND_0551:Funding Reversal Short,Short,1709024400000,1709035200000,3221.7,3285.5860241461523,3283.9440521200927,3162.7759478799076,1.327,-84.7768,4.3176,4.3817,0.0,-89.0943,7949.8982,SL Hit,3
ETHUSDT,P39_CAND_0551:Funding Reversal Short,Short,1709110800000,1709136000000,3332.5,3394.372493540025,3392.676155462294,3275.563844537706,1.358,-84.0228,4.5675,4.5172,-1.9828,-86.6076,7863.2906,SL Hit,7
ETHUSDT,P39_CAND_0551:Funding Reversal Short,Short,1709571600000,1709593200000,3551.4,3629.0223527902494,3627.2087484160415,3479.1712515839586,1.062,-82.4349,3.8128,3.827,0.0,-86.2477,7777.0429,SL Hit,6
ETHUSDT,P39_CAND_0551:Funding Reversal Short,Short,1709629200000,1709647200000,3695.9,3794.23998610358,3792.343814196482,3603.2961858035183,0.411,-40.4177,1.5392,1.5356,0.0,-41.957,7735.0859,SL Hit,5
ETHUSDT,P39_CAND_0551:BB Expansion Short,Short,1709668800000,1709679600000,3375.8,3537.8682933483346,3536.1002432267214,3157.7713288517757,0.244,-39.5447,0.8435,0.8535,0.0,-40.3881,7694.6978,SL Hit,3
ETHUSDT,P39_CAND_0551:Funding Reversal Short,Short,1709719200000,1709902800000,3795.0,3967.6971154891075,3965.714258359928,3628.025741640072,0.228,-39.3749,0.8849,0.8762,-2.2837,-37.9762,7656.7216,SL Hit,51
ETHUSDT,P39_CAND_0551:BB Expansion Short,Short,1711987200000,1712005200000,3444.3,3506.835914422191,3505.083372735823,3364.03531564469,0.648,-40.5233,2.2522,2.2567,-0.4324,-42.3431,7614.3785,SL Hit,5
ETHUSDT,P39_CAND_0551:BB Expansion Long,Long,1712570400000,1712599200000,3624.0,3703.8718795830778,3562.0449857930807,3705.7247419540545,1.266,101.1178,4.6385,4.6752,0.4598,96.0195,7710.398,TP Hit,8
ETHUSDT,P39_CAND_0551:Funding Reversal Short,Short,1712602800000,1712649600000,3692.5,3622.1587108314284,3768.2914634368535,3620.348536563147,0.521,36.6478,1.9055,1.8965,-0.9504,35.6928,7746.0908,TP Hit,13
ETHUSDT,P39_CAND_0551:ATR Expansion Short,Short,1712674800000,1712822400000,3522.8,3611.2445544578345,3609.4398345405643,3397.240248189153,0.456,-40.3307,1.6266,1.6301,-1.3909,-40.5664,7705.5244,SL Hit,41
ETHUSDT,P39_CAND_0551:BB Expansion Short,Short,1712944800000,1712944800000,3325.2,3225.71651531374,3400.8955865808166,3224.104463082199,0.521,51.8309,1.7065,1.7204,0.0,50.1244,7755.6488,TP Hit,0
ETHUSDT,P39_CAND_0551:BB Expansion Short,Short,1713042000000,1713049200000,2910.7,3049.3679472506774,3047.8440252380587,2723.614409391585,0.571,-79.1794,1.7016,1.6867,0.0,-80.881,7674.7678,SL Hit,2
ETHUSDT,P39_CAND_0551:Low-Activity Filler Short,Short,1713171600000,1713204000000,3246.4,3079.4154361894452,3345.197715462585,3077.876497940475,0.79,131.9178,2.4987,2.4719,-0.2216,129.6407,7804.4086,TP Hit,9
ETHUSDT,P39_CAND_0551:BB Expansion Short,Short,1713373200000,1713376800000,2948.2,3034.2949508605498,3032.77856157976,2834.313108916999,0.939,-80.8432,2.8088,2.8324,0.0,-83.6519,7720.7566,SL Hit,1
ETHUSDT,P39_CAND_0551:BB Expansion Short,Short,1714474800000,1714492800000,3042.9,2953.8712600215176,3110.6607550070034,2952.3950624902727,1.165,103.7185,3.4931,3.4789,-0.1355,100.3609,7821.1175,TP Hit,5
ETHUSDT,P39_CAND_0551:BB Expansion Short,Short,1715364000000,1715439600000,2890.1,2944.786945849169,2943.3152882050667,2819.5343219374076,1.509,-82.5226,4.4024,4.3333,-0.6275,-86.2975,7734.82,SL Hit,21
ETHUSDT,P39_CAND_0551:BB Expansion Long,Long,1716235200000,1716235200000,3440.0,3549.70496081171,3356.7926951631503,3551.480701162291,0.949,104.11,3.3166,3.308,0.0,100.7934,7835.6134,TP Hit,0
ETHUSDT,P39_CAND_0551:ATR Expansion Short,Short,1718218800000,1718290800000,3565.8,3462.46614833509,3638.776146370088,3460.735780444868,0.55,56.8336,1.9328,1.9197,-0.3887,55.2896,7890.903,TP Hit,20
ETHUSDT,P39_CAND_0551:ATR Expansion Long,Long,1718402400000,1718546400000,3504.8,3608.2411414537924,3431.70255697596,3610.04616453606,1.106,114.4059,3.9335,3.9429,1.9581,108.5143,7999.4173,TP Hit,40
ETHUSDT,P39_CAND_0551:ATR Expansion Long,Long,1718647200000,1718668800000,3554.9,3483.5989534181285,3485.3416242302433,3654.6875636546347,1.181,-84.2065,4.1562,4.1957,0.2756,-88.6384,7910.7789,SL Hit,6
ETHUSDT,P39_CAND_0551:BB Expansion Long,Long,1720429200000,1720447200000,3057.8,2982.0792717893296,2983.5710573179886,3157.192975947238,1.088,-82.3842,3.2857,3.2986,0.0,-85.6698,7825.1091,SL Hit,5
ETHUSDT,P39_CAND_0551:ATR Expansion Short,Short,1720450800000,1720497600000,2979.1,3084.1972219770228,3082.655894030008,2827.516158954988,0.767,-80.6096,2.3253,2.3327,-0.3445,-82.5903,7742.5187,SL Hit,13
ETHUSDT,P39_CAND_0551:ATR Expansion Short,Short,1721743200000,1721854800000,3436.9,3332.3167989455633,3510.515684527361,3330.651473208959,1.076,112.5315,3.6418,3.5888,-1.1871,110.0767,7852.5955,TP Hit,31
ETHUSDT,P39_CAND_0551:BB Expansion Short,Short,1722618000000,1722646800000,3024.5,2930.6400479429653,3095.730868646742,2929.175460212859,1.126,105.6863,3.3527,3.3381,-0.2858,102.6193,7955.2148,TP Hit,8
ETHUSDT,P39_CAND_0551:BB Expansion Short,Short,1722794400000,1722816000000,2697.6,2596.249152364199,2773.914792901326,2594.951676525936,1.062,107.6346,2.811,2.8541,0.0485,104.775,8059.9898,TP Hit,6
ETHUSDT,P39_CAND_0551:BB Expansion Short,Short,1723050000000,1723118400000,2388.8,2472.6253206332967,2471.3896258203868,2276.839408582796,0.99,-82.9871,2.4064,2.3717,0.1297,-85.5231,7974.4667,SL Hit,19
ETHUSDT,P39_CAND_0551:BB Expansion Long,Long,1723136400000,1723154400000,2585.3,2701.066357623294,2498.808152187322,2702.4175664064974,0.936,108.3573,2.474,2.4441,0.0,105.8833,8080.35,TP Hit,5
ETHUSDT,P39_CAND_0551:BB Expansion Short,Short,1723219200000,1723248000000,2556.1,2640.9958400117825,2639.676002010777,2442.9605527628096,0.981,-83.2828,2.5492,2.5014,0.1774,-86.0093,7994.3406,SL Hit,8
ETHUSDT,P39_CAND_0551:BB Expansion Long,Long,1723474800000,1723543200000,2702.5,2614.8491730384276,2616.1572516642595,2819.0999282440844,0.941,-82.4794,2.5018,2.5389,0.2142,-85.1954,7909.1452,SL Hit,19
ETHUSDT,P39_CAND_0551:BB Expansion Long,Long,1724450400000,1724637600000,2772.5,2724.9396549414064,2726.3028063445786,2833.2705467436404,1.766,-83.9916,4.8542,4.915,0.1063,-88.9521,7820.1931,SL Hit,52
ETHUSDT,P39_CAND_0551:BB Expansion Short,Short,1724778000000,1724792400000,2563.5,2507.7828865869496,2606.651472321235,2506.529621776062,1.866,103.9681,4.7315,4.6524,0.0,99.2366,7919.4297,TP Hit,4
ETHUSDT,P39_CAND_0551:BB Expansion Short,Short,1725645600000,1725656400000,2243.3,2161.940408284633,2304.5488156272504,2160.8599782954857,1.317,107.1506,2.9009,2.8716,0.0,104.2497,8023.6795,TP Hit,3
ETHUSDT,P39_CAND_0551:BB Expansion Short,Short,1727802000000,1727802000000,2507.2,2441.160500156405,2557.845618478149,2439.9405298914594,1.626,107.3802,4.023,4.0812,0.0,103.3572,8127.0367,TP Hit,0
ETHUSDT,P39_CAND_0551:BB Expansion Long,Long,1728918000000,1729000800000,2623.3,2577.0713802338682,2578.360560514125,2682.5386659526034,1.864,-86.1701,4.8467,4.8822,1.4686,-92.4855,8034.5511,SL Hit,23
ETHUSDT,P39_CAND_0551:ATR Expansion Short,Short,1729004400000,1729076400000,2565.8,2632.1709854710602,2630.8555576922145,2471.416663461678,1.26,-83.6274,3.2747,3.2702,-0.9809,-85.9212,7948.6299,SL Hit,20
ETHUSDT,P39_CAND_0551:BB Expansion Short,Short,1729706400000,1729728000000,2494.2,2536.9092224620813,2535.641401761201,2439.6763864427758,1.979,-84.5216,4.9783,5.0223,-0.4995,-89.0004,7859.6295,SL Hit,6
ETHUSDT,P39_CAND_0551:BB Expansion Short,Short,1730397600000,1730426400000,2541.3,2479.518825863717,2588.9622260650913,2478.279686020707,1.696,104.7809,4.2577,4.3403,-0.4271,100.9503,7960.5799,TP Hit,8
ETHUSDT,P39_CAND_0551:BB Expansion Long,Long,1731351600000,1731402000000,3327.3,3445.167072881172,3238.4428269390255,3446.890518140242,0.456,53.7474,1.5441,1.5565,1.1522,51.0511,8011.6309,TP Hit,14
ETHUSDT,P39_CAND_0551:ATR Expansion Short,Short,1731434400000,1731625200000,3229.1,3045.9356110883964,3354.991063742531,3044.4134043862036,0.645,118.141,2.0237,2.0525,-1.5094,117.6268,8129.2577,TP Hit,53
ETHUSDT,P39_CAND_0551:BB Expansion Long,Long,1732194000000,1732248000000,3289.7,3390.5217879256556,3213.0491142506535,3392.2178968740927,1.084,109.2908,3.6207,3.6272,1.5999,104.0702,8233.3279,TP Hit,15
ETHUSDT,P39_CAND_0551:Funding Reversal Short,Short,1732366800000,1732370400000,3401.3,3478.345447870996,3476.607144298847,3329.4128557011536,1.119,-86.2139,3.8492,3.8475,0.0,-90.063,8143.2649,SL Hit,1
ETHUSDT,P39_CAND_0551:BB Expansion Long,Long,1732532400000,1732543200000,3506.3,3436.944522123413,3438.663854050438,3596.1063138188365,1.236,-85.7234,4.2909,4.2634,0.0,-90.0143,8053.2506,SL Hit,3
ETHUSDT,P39_CAND_0551:Funding Reversal Short,Short,1732568400000,1732572000000,3502.8,3395.3692176469744,3615.5276185437533,3393.6723814562465,0.726,77.9947,2.504,2.5314,0.0,75.4907,8128.7413,TP Hit,1
ETHUSDT,P39_CAND_0551:BB Expansion Long,Long,1732723200000,1732744800000,3556.8,3662.3081263486315,3476.539458558265,3664.1401964468546,1.035,109.2009,3.7359,3.6867,0.7688,104.6962,8233.4375,TP Hit,6
ETHUSDT,P39_CAND_0551:BB Expansion Long,Long,1733346000000,1733360400000,3884.4,3791.9253892968727,3793.822300447096,4005.4484716012553,0.929,-85.9089,3.5657,3.6109,0.708,-90.1825,8143.255,SL Hit,4
ETHUSDT,P39_CAND_0551:Funding Reversal Short,Short,1733389200000,1733428800000,3908.3,3807.2593898515197,4015.0632885042282,3805.356711495772,0.777,78.5086,2.9975,2.9702,-0.9425,76.4536,8219.7085,TP Hit,11
ETHUSDT,P39_CAND_0551:BB Expansion Long,Long,1733511600000,1733644800000,4056.4,3958.3885082207894,3960.3686925670727,4185.046815879066,0.874,-85.662,3.5025,3.4699,4.289,-93.4535,8126.255,SL Hit,37
ETHUSDT,P39_CAND_0551:BB Expansion Short,Short,1733781600000,1733781600000,3697.3,3542.421177682587,3813.2521863753495,3540.6508522564586,0.712,110.2737,2.5773,2.5634,0.0,107.6964,8233.9514,TP Hit,0
ETHUSDT,P39_CAND_0551:BB Expansion Short,Short,1733853600000,1733860800000,3525.9,3652.657395935411,3650.8319799454384,3356.7311389646684,0.669,-84.8007,2.4012,2.4321,0.0,-87.2019,8146.7495,SL Hit,2
ETHUSDT,P39_CAND_0551:BB Expansion Short,Short,1734634800000,1734638400000,3517.4,3364.610187439752,3631.629319383687,3362.928723078213,0.724,110.6198,2.4913,2.4916,0.0,108.1285,8254.878,TP Hit,1
ETHUSDT,P39_CAND_0551:BB Expansion Short,Short,1734692400000,1734703200000,3184.2,3322.96853742106,3321.3078834793205,2997.61849516761,0.609,-84.51,1.9814,1.9857,0.0,-86.4915,8168.3866,SL Hit,3
ETHUSDT,P39_CAND_0551:BB Expansion Long,Long,1735930800000,1736128800000,3606.4,3674.114519674753,3553.277802935646,3675.952495922714,1.591,107.7338,5.7916,5.7403,4.0343,97.9078,8266.2944,TP Hit,55
ETHUSDT,P39_CAND_0551:BB Expansion Short,Short,1736269200000,1736305200000,3455.1,3354.3007163096295,3531.8064290425455,3352.624404107576,1.102,111.0808,3.752,3.7317,-0.3724,107.7012,8373.9956,TP Hit,10
ETHUSDT,P39_CAND_0551:ATR Expansion Long,Long,1736532000000,1736578800000,3315.0,3225.1700546373872,3226.7834463605673,3443.2248304591494,0.967,-86.8656,3.1622,3.146,0.2076,-90.2353,8283.7603,SL Hit,13
ETHUSDT,P39_CAND_0551:BB Expansion Short,Short,1736766000000,1736773200000,3116.3,3036.03159478356,3177.8172769173775,3034.514337614753,1.381,110.8507,4.2482,4.2221,0.0,106.6025,8390.3628,TP Hit,2
ETHUSDT,P39_CAND_0551:Low-Activity Filler Short,Short,1736848800000,1736949600000,3240.9,3321.009590067808,3319.349915110253,3108.0676485570575,1.092,-87.4797,3.5828,3.5814,-0.6348,-90.4277,8299.9351,SL Hit,28
ETHUSDT,P39_CAND_0551:BB Expansion Long,Long,1736967600000,1736971200000,3372.6,3458.082727888726,3306.8829033718034,3459.8126342058285,1.297,110.8711,4.4297,4.4616,0.0,106.4414,8406.3765,TP Hit,1
ETHUSDT,P39_CAND_0551:BB Expansion Short,Short,1737288000000,1737291600000,3148.1,3234.3084913284056,3232.692145255778,3034.4092427003084,1.013,-87.3292,3.2327,3.2582,0.0,-90.5619,8315.8146,SL Hit,1
ETHUSDT,P39_CAND_0551:ATR Expansion Long,Long,1737298800000,1737320400000,3381.9,3265.396448928417,3267.0299639103723,3549.955054134441,0.735,-85.6301,2.4429,2.4501,0.2487,-88.3217,8227.4929,SL Hit,6
ETHUSDT,P39_CAND_0551:ATR Expansion Short,Short,1737324000000,1737352800000,3230.8,3363.7491542385114,3362.0681201784223,3037.8978197323668,0.635,-84.4227,2.0938,2.0771,-0.2041,-86.3124,8141.1805,SL Hit,8
ETHUSDT,P39_CAND_0551:ATR Expansion Short,Short,1737378000000,1737957600000,3302.3,3081.383134248885,3453.4211915716237,3079.843212642564,0.545,120.3997,1.7396,1.7603,-3.1334,121.7935,8262.9741,TP Hit,161
ETHUSDT,P39_CAND_0551:BB Expansion Long,Long,1738339200000,1738346400000,3427.9,3360.402998062859,3362.0840400829,3515.2738332181943,1.289,-87.0036,4.3751,4.3453,0.4416,-91.8203,8171.1537,SL Hit,2
ETHUSDT,P39_CAND_0551:BB Expansion Short,Short,1738522800000,1738533600000,2925.7,2822.088911898463,3003.809427719247,2820.678572612157,1.066,110.4494,3.0636,3.0491,0.0,107.3858,8278.5396,TP Hit,3
ETHUSDT,P39_CAND_0551:BB Expansion Long,Long,1738620000000,1738645200000,2816.8,2661.4137570625576,2662.745129627371,3027.420653295318,0.542,-84.2193,1.4846,1.4696,-0.1662,-85.5377,8193.0018,SL Hit,7
ETHUSDT,P39_CAND_0551:BB Expansion Short,Short,1738706400000,1738717200000,2636.6,2761.925433563461,2760.5451609829697,2467.6550541903202,0.668,-83.7174,1.8031,1.8171,0.1491,-85.6696,8107.3322,SL Hit,3
ETHUSDT,P39_CAND_0551:BB Expansion Long,Long,1739804400000,1739804400000,2827.0,2776.784660574648,2778.173747448372,2891.326461877261,1.712,-85.9687,4.7968,4.8776,0.0,-90.7655,8016.5667,SL Hit,0
ETHUSDT,P39_CAND_0551:ATR Expansion Short,Short,1740153600000,1740240000000,2720.9,2797.1411333567976,2795.7432617259346,2612.010107411098,1.091,-83.1791,3.0101,2.9979,-0.2815,-85.9077,7930.6591,SL Hit,24
ETHUSDT,P39_CAND_0551:BB Expansion Long,Long,1740934800000,1740985200000,2442.9,2353.9000459947933,2355.077584787187,2561.961132240018,0.458,-40.762,1.0985,1.0981,0.0703,-41.9308,7888.7283,SL Hit,14
ETHUSDT,P39_CAND_0551:BB Expansion Short,Short,1741014000000,1741028400000,2272.4,2160.0713149889316,2355.842690262838,2158.991819079392,0.957,107.4986,2.1209,2.0858,-0.0137,105.3913,7994.1195,TP Hit,4
ETHUSDT,P39_CAND_0551:BB Expansion Long,Long,1741125600000,1741237200000,2177.9,2316.0269152991673,2075.9632342017007,2317.1855080531936,0.396,54.6983,0.8898,0.8706,0.1304,53.6781,8047.7977,TP Hit,31
ETHUSDT,P39_CAND_0551:BB Expansion Short,Short,1741629600000,1741629600000,1915.7,1814.2752850054421,1991.0126074923355,1813.3686007050896,1.082,109.7415,2.0179,2.0414,0.0,107.7236,8155.5213,TP Hit,0
ETHUSDT,P39_CAND_0551:BB Expansion Long,Long,1742806800000,1742864400000,2090.6,2057.055610693183,2058.0846530196927,2133.1563152504273,2.595,-87.0477,5.3816,5.4989,0.332,-92.7613,8062.76,SL Hit,16
ETHUSDT,P39_CAND_0551:ATR Expansion Short,Short,1743444000000,1743494400000,1823.7,1872.5005757820775,1871.564793385385,1754.0778099219224,1.716,-83.7418,3.1713,3.0987,0.0411,-86.9542,7975.8057,SL Hit,14
ETHUSDT,P39_CAND_0551:ATR Expansion Short,Short,1743631200000,1743634800000,1865.3,1788.488913737102,1918.7365892139915,1787.5951161790126,1.52,116.7529,2.7769,2.833,0.0,113.976,8089.7817,TP Hit,1
ETHUSDT,P39_CAND_0551:BB Expansion Short,Short,1743962400000,1743962400000,1683.2,1632.6007737174457,1721.5948854806986,1631.7848812768075,2.152,108.8895,3.5678,3.4774,0.0,105.3217,8195.1034,TP Hit,0
ETHUSDT,P39_CAND_0551:BB Expansion Short,Short,1744131600000,1744160400000,1485.2,1409.282720005547,1541.7435298310907,1408.578430790152,1.47,111.5984,2.1274,2.1966,0.1043,109.3666,8304.47,TP Hit,8
ETHUSDT,P39_CAND_0551:BB Expansion Long,Long,1744221600000,1744290000000,1632.7,1560.3219274882997,1561.1024787276635,1730.0387795449117,1.174,-84.9719,1.8743,1.8556,0.2529,-87.099,8217.371,SL Hit,19
ETHUSDT,P39_CAND_0551:BB Expansion Short,Short,1744300800000,1744344000000,1494.2,1555.7480989522383,1554.9706136454156,1411.7074810480337,1.37,-84.3209,2.0892,2.1475,0.0032,-86.4133,8130.9577,SL Hit,12
ETHUSDT,P39_CAND_0551:BB Expansion Long,Long,1744628400000,1744642800000,1679.2,1634.6732501629313,1635.4909956607617,1737.9958393600534,1.895,-84.3782,3.1399,3.0656,0.0,-87.5181,8043.4396,SL Hit,4
ETHUSDT,P39_CAND_0551:BB Expansion Short,Short,1745262000000,1745305200000,1566.0,1597.521573986166,1596.723212379976,1525.2877605833664,2.69,-84.793,4.2549,4.3265,-0.3404,-88.7075,7954.7321,SL Hit,12
ETHUSDT,P39_CAND_0551:BB Expansion Long,Long,1745334000000,1745334000000,1675.5,1722.0187137833402,1639.8898892206057,1722.8801538602702,1.145,53.2639,1.9451,1.971,0.0,51.3188,8006.0509,TP Hit,0
ETHUSDT,P39_CAND_0551:BB Expansion Long,Long,1745359200000,1745380800000,1754.5,1815.200911620606,1708.6795444053666,1816.1089661036576,1.78,108.0476,3.177,3.1293,0.2087,104.6619,8110.7128,TP Hit,6
ETHUSDT,P39_CAND_0551:BB Expansion Long,Long,1746720000000,1746730800000,2051.6,2119.2273631210924,2000.3561950503386,2120.2875068745293,1.616,109.2858,3.37,3.3938,0.3314,105.5844,8216.2972,TP Hit,3
ETHUSDT,P39_CAND_0551:BB Expansion Long,Long,1746781200000,1746781200000,2412.7,2321.080287969818,2322.241408674155,2535.49415461923,0.92,-84.2901,2.1775,2.1722,0.0,-86.4677,8129.8295,SL Hit,0
ETHUSDT,P39_CAND_0551:BB Expansion Long,Long,1746903600000,1746918000000,2495.7,2598.885343832571,2418.337685683391,2600.185436550846,1.068,110.2019,2.7205,2.7235,0.0,107.4814,8237.311,TP Hit,4
ETHUSDT,P39_CAND_0551:BB Expansion Long,Long,1747152000000,1747159200000,2566.2,2651.896004440738,2501.2905166609985,2653.2226157486125,1.295,110.9763,3.3787,3.4274,0.3322,107.2655,8344.5764,TP Hit,2
ETHUSDT,P39_CAND_0551:BB Expansion Short,Short,1747598400000,1747598400000,2405.6,2323.322980315878,2467.70503245634,2322.161899366195,1.37,112.7195,3.2393,3.2073,0.0,109.4802,8454.0566,TP Hit,0
ETHUSDT,P39_CAND_0551:BB Expansion Long,Long,1747674000000,1747807200000,2510.3,2610.5243648318924,2434.9621984202477,2611.830279971878,1.142,114.4562,2.924,2.976,0.6017,110.9306,8564.9872,TP Hit,37
ETHUSDT,P39_CAND_0551:ATR Expansion Short,Short,1747850400000,1747868400000,2470.3,2560.2358552571504,2558.9563770686163,2340.3154343970755,0.979,-88.0472,2.4624,2.4176,0.0,-90.5096,8474.4775,SL Hit,5
ETHUSDT,P39_CAND_0551:BB Expansion Short,Short,1748005200000,1748332800000,2546.2,2623.6218176673865,2622.3106623362187,2443.620191199697,1.133,-87.7189,2.9287,2.9811,-1.6469,-89.0007,8385.4769,SL Hit,91
ETHUSDT,P39_CAND_0551:BB Expansion Short,Short,1749157200000,1749189600000,2396.3,2465.981817127547,2464.749442406344,2304.1696633245233,1.247,-86.8932,3.0316,3.0706,-0.1924,-89.7324,8295.7444,SL Hit,9
ETHUSDT,P39_CAND_0551:BB Expansion Long,Long,1749506400000,1749513600000,2643.9,2698.2772714685657,2601.523298792029,2699.627085011071,2.02,109.8421,5.3956,5.393,0.5412,103.9053,8399.6498,TP Hit,2
ETHUSDT,P39_CAND_0551:BB Expansion Long,Long,1749556800000,1749560400000,2774.4,2718.7611205006415,2720.121181091187,2846.418915151129,1.589,-88.4102,4.3643,4.4016,0.0,-92.7745,8306.8753,SL Hit,1
ETHUSDT,P39_CAND_0551:BB Expansion Short,Short,1750179600000,1750186800000,2459.0,2516.4387410291115,2515.1811504538846,2383.9567354807155,1.512,-86.8474,3.7614,3.8066,0.0,-90.6088,8216.2664,SL Hit,2
ETHUSDT,P39_CAND_0551:BB Expansion Short,Short,1750446000000,1750539600000,2417.5,2351.4841592631383,2467.907116572254,2350.309004760758,0.835,55.1232,1.9911,1.9666,-0.0523,53.1845,8269.4509,TP Hit,26
ETHUSDT,P39_CAND_0551:BB Expansion Short,Short,1750608000000,1750636800000,2172.8,2245.00079176478,2243.8788523386106,2076.731038418596,1.182,-85.3413,2.6109,2.6263,-0.015,-87.9373,8181.5137,SL Hit,8
ETHUSDT,P39_CAND_0551:ATR Expansion Long,Long,1750705200000,1750716000000,2305.5,2413.2081289571206,2230.889775583045,2414.415336625433,0.557,59.9934,1.3142,1.3408,0.0,58.6793,8240.1929,TP Hit,3
ETHUSDT,P39_CAND_0551:BB Expansion Long,Long,1751475600000,1751493600000,2561.1,2615.2359896706084,2518.909731502914,2616.544261801509,2.016,109.1382,5.2177,5.2986,0.0,103.9204,8344.1133,TP Hit,5
ETHUSDT,P39_CAND_0551:BB Expansion Long,Long,1752091200000,1752166800000,2764.9,2831.2124672317577,2713.83047723175,2832.628781622569,1.678,111.2723,4.6951,4.6251,0.553,106.0242,8450.1375,TP Hit,21
ETHUSDT,P39_CAND_0551:ATR Expansion Short,Short,1752519600000,1752584400000,2987.0,3053.798287751852,3052.2721516760143,2892.791772485979,1.325,-88.5077,4.002,3.9831,-0.7935,-91.7163,8358.4213,SL Hit,18
ETHUSDT,P39_CAND_0551:ATR Expansion Long,Long,1752595200000,1752645600000,3040.5,3153.414064269803,2961.6722933001147,3154.991560049828,1.081,122.0601,3.3478,3.3376,0.6677,118.0446,8476.4659,TP Hit,14
ETHUSDT,P39_CAND_0551:BB Expansion Long,Long,1752678000000,1752688800000,3252.3,3337.6675722348127,3186.881186584227,3339.33724085524,1.328,113.3681,4.3757,4.3288,0.4307,108.5617,8585.0275,TP Hit,3
ETHUSDT,P39_CAND_0551:BB Expansion Long,Long,1753012800000,1753048800000,3757.6,3686.372170597483,3688.216278736851,3849.4273906432622,1.272,-90.6018,4.7344,4.7625,0.4815,-95.8177,8489.2099,SL Hit,10
ETHUSDT,P39_CAND_0551:ATR Expansion Long,Long,1753200000000,1753275600000,3719.6,3616.6141159897775,3618.4233276536042,3866.7150085195926,0.855,-88.0529,3.1362,3.1372,0.9521,-92.1413,8397.0686,SL Hit,21
ETHUSDT,P39_CAND_0551:ATR Expansion Long,Long,1753369200000,1753408800000,3735.7,3629.9306822511717,3631.746555528936,3887.080166706596,0.822,-86.9424,3.0273,2.9887,0.6113,-90.5809,8306.4876,SL Hit,11
ETHUSDT,P39_CAND_0551:ATR Expansion Long,Long,1753434000000,1753610400000,3665.9,3814.881524440399,3562.306720399934,3816.789919400099,0.816,121.5689,3.0522,3.0179,1.7883,116.7284,8423.2161,TP Hit,49
ETHUSDT,P39_CAND_0551:ATR Expansion Long,Long,1754920800000,1755000000000,4280.7,4419.602339962702,4183.057835609337,4421.813246585994,0.882,122.5119,3.8368,3.8375,0.6573,118.0178,8541.2338,TP Hit,22
ETHUSDT,P39_CAND_0551:BB Expansion Long,Long,1755014400000,1755028800000,4473.2,4602.608346220657,4374.549822832542,4604.910801621468,0.886,114.6558,4.0206,4.0069,0.3961,110.2391,8651.4729,TP Hit,4
ETHUSDT,P39_CAND_0551:ATR Expansion Short,Short,1755176400000,1755180000000,4566.2,4704.030148922381,4701.679309267747,4368.706036098378,0.65,-89.5896,3.0128,3.01,0.0,-92.6024,8558.8705,SL Hit,1
ETHUSDT,P39_CAND_0551:ATR Expansion Long,Long,1755183600000,1755190800000,4671.7,4510.227873930529,4512.484115988524,4904.698826017215,0.546,-88.1638,2.5067,2.5041,0.2521,-90.9226,8467.9479,SL Hit,2
ETHUSDT,P39_CAND_0551:BB Expansion Short,Short,1755277200000,1755417600000,4411.3,4530.131898309572,4527.867964327408,4254.560049545266,0.74,-87.9356,3.3083,3.2737,-1.1081,-90.1358,8377.8121,SL Hit,39
ETHUSDT,P39_CAND_0551:BB Expansion Long,Long,1755712800000,1755788400000,4343.9,4231.29492948142,4233.4116352990695,4492.243839862404,0.773,-87.0437,3.3143,3.2904,0.4982,-90.8563,8286.9559,SL Hit,21
ETHUSDT,P39_CAND_0551:BB Expansion Long,Long,1755874800000,1755882000000,4614.1,4780.471128782677,4488.6349567548505,4782.862560062707,0.673,111.9678,3.1613,3.1641,0.2071,108.5994,8395.5553,TP Hit,2
ETHUSDT,P39_CAND_0551:BB Expansion Short,Short,1756152000000,1756216800000,4416.6,4538.6544292862845,4536.3862361682,4255.366338655277,0.714,-87.1469,3.197,3.1689,-0.0111,-90.3328,8305.2224,SL Hit,18
ETHUSDT,P39_CAND_0551:BB Expansion Short,Short,1758823200000,1758826800000,3835.1,3935.868081691103,3933.9011311255404,3702.534540103417,0.429,-43.2295,1.6669,1.6761,0.0,-44.8964,8260.326,SL Hit,1
ETHUSDT,P39_CAND_0551:ATR Expansion Long,Long,1758909600000,1759154400000,4044.3,4195.305104667096,3938.8307956197464,4197.403806570381,0.799,120.6531,3.2917,3.3068,0.9239,116.4375,8376.7635,TP Hit,68
ETHUSDT,P39_CAND_0551:BB Expansion Short,Short,1759860000000,1759996800000,4471.5,4350.379223617271,4564.142312839145,4348.205121056743,0.463,56.0789,2.0423,2.0484,-0.1978,54.2344,8430.9979,TP Hit,38
ETHUSDT,P39_CAND_0551:BB Expansion Short,Short,1760115600000,1760122800000,4104.3,3976.7852461134607,4201.084750023296,3974.797847189866,0.89,113.4881,3.5961,3.6022,0.0,109.892,8540.89,TP Hit,2
ETHUSDT,P39_CAND_0551:BB Expansion Long,Long,1760281200000,1760284800000,3975.3,4124.069861729301,3863.501091700754,4126.132928193398,0.777,115.5942,3.1466,3.1182,-0.143,112.5905,8653.4805,TP Hit,1
ETHUSDT,P39_CAND_0551:Low-Activity Filler Short,Short,1760295600000,1760382000000,4105.0,4246.522993235479,4244.400792839059,3866.741112531646,0.63,-89.1595,2.6307,2.6411,0.0506,-91.8408,8561.6397,SL Hit,24
ETHUSDT,P39_CAND_0551:BB Expansion Short,Short,1760648400000,1760691600000,3847.7,3700.261776415267,3958.5753495062545,3698.412570130202,0.786,115.8864,2.9663,3.0019,-0.1179,113.038,8674.6777,TP Hit,12
ETHUSDT,P39_CAND_0551:BB Expansion Long,Long,1761062400000,1761066000000,4082.5,3992.4845173801573,3994.481758259287,4199.754780195434,1.01,-90.9156,4.0779,4.1281,0.3183,-95.3118,8579.3658,SL Hit,1
ETHUSDT,P39_CAND_0551:BB Expansion Short,Short,1761840000000,1761872400000,3769.7,3858.145655692253,3856.2175469187937,3654.0995181683425,1.014,-89.6839,3.8673,3.8918,-0.0383,-93.5129,8485.853,SL Hit,9
ETHUSDT,P39_CAND_0551:BB Expansion Short,Short,1762185600000,1762189200000,3585.6,3673.7674654817906,3671.9314997319248,3469.9473614834383,1.004,-88.5201,3.6442,3.6304,-0.0189,-92.1455,8393.7075,SL Hit,1
ETHUSDT,P39_CAND_0551:BB Expansion Short,Short,1762279200000,1762286400000,3369.9,3225.5315589650086,3477.8782886008935,3223.919599165426,0.79,114.0511,2.6052,2.6006,0.0,111.4459,8505.1534,TP Hit,2
ETHUSDT,P39_CAND_0551:BB Expansion Long,Long,1762362000000,1762437600000,3437.1,3328.447670589255,3330.112726952731,3581.680101454541,0.808,-87.7911,2.7333,2.6947,0.2561,-90.7804,8414.3729,SL Hit,21
ETHUSDT,P39_CAND_0551:BB Expansion Long,Long,1762545600000,1762714800000,3443.7,3571.0857361102403,3347.6688360186363,3572.8721721963384,0.893,113.7555,3.1321,3.1759,1.3522,109.2712,8523.6441,TP Hit,47
ETHUSDT,P39_CAND_0551:BB Expansion Short,Short,1763053200000,1763056800000,3325.1,3198.487234042809,3420.23287145345,3196.8887896479855,0.912,115.4708,2.9748,2.9535,0.0,112.4961,8636.1402,TP Hit,1
ETHUSDT,P39_CAND_0551:BB Expansion Short,Short,1763406000000,1763478000000,3022.0,3119.9083277804634,3118.3491532038615,2891.8128427724146,0.911,-89.1945,2.7976,2.796,-0.4148,-91.5773,8544.5629,SL Hit,20
ETHUSDT,P39_CAND_0551:BB Expansion Long,Long,1763492400000,1763521200000,3160.7,3069.6753335405597,3071.2109390100645,3281.2159180415765,0.972,-88.476,3.028,3.0284,0.3035,-91.8074,8452.7554,SL Hit,8
ETHUSDT,P39_CAND_0551:BB Expansion Short,Short,1763571600000,1763596800000,2947.4,3034.7668092019967,3033.250184109942,2831.6752998473025,1.002,-87.5415,2.9971,2.9926,-0.215,-90.3236,8362.4319,SL Hit,7
ETHUSDT,P39_CAND_0551:BB Expansion Short,Short,1763661600000,1763708400000,2830.7,2714.7059205333453,2917.7037429445186,2713.3492459103904,0.978,113.4422,2.7117,2.7547,-0.1881,110.9186,8473.3505,TP Hit,13
ETHUSDT,P39_CAND_0551:BB Expansion Long,Long,1764691200000,1764766800000,3007.1,3092.7431596527554,2941.656980540287,3094.2903048051576,1.326,113.5628,4.0442,4.1068,0.3967,109.1219,8582.4724,TP Hit,21
ETHUSDT,P39_CAND_0551:BB Expansion Short,Short,1764961200000,1765126800000,3004.6,3082.9312170782086,3081.3905218173,2901.6014974759723,1.14,-89.2976,3.4699,3.512,-0.6457,-92.1218,8490.3506,SL Hit,46
ETHUSDT,P39_CAND_0551:BB Expansion Long,Long,1765303200000,1765314000000,3376.1,3295.304578799016,3296.953055326679,3481.9413120462787,1.096,-88.5518,3.6559,3.6809,0.0,-92.2077,8398.1429,SL Hit,3
ETHUSDT,P39_CAND_0551:BB Expansion Short,Short,1765558800000,1765764000000,3066.4,3140.6625528602494,3139.093006357071,2968.996935615179,1.179,-87.5555,3.6591,3.6072,-1.1221,-90.0925,8308.0503,SL Hit,57
ETHUSDT,P39_CAND_0551:BB Expansion Short,Short,1765818000000,1765821600000,2986.0,2899.4463433511955,3051.9247118312232,2897.9973446788563,1.289,111.5677,3.7932,3.7755,0.0,107.7745,8415.8248,TP Hit,1
ETHUSDT,P39_CAND_0551:BB Expansion Short,Short,1766001600000,1766062800000,2817.6,2898.620332849937,2897.171746976449,2710.452018088266,1.077,-87.2589,3.0782,3.0895,0.0533,-90.3904,8325.4344,SL Hit,17
ETHUSDT,P39_CAND_0551:BB Expansion Long,Long,1766073600000,1766077200000,2965.4,2897.911919745217,2899.3616005454896,3053.512777020153,1.29,-87.0596,3.7818,3.8051,-0.1218,-90.7196,8234.7147,SL Hit,1
ETHUSDT,P39_CAND_0551:ATR Expansion Short,Short,1767780000000,1767852000000,3196.7,3114.914786175542,3254.894595252013,3113.358107121981,0.727,59.4579,2.2943,2.2731,-0.257,57.4206,8292.1353,TP Hit,20
ETHUSDT,P39_CAND_0551:BB Expansion Short,Short,1768928400000,1768946400000,3006.4,2937.520852470713,3059.6643652384673,2936.0528260576843,1.603,110.4133,4.7641,4.7898,0.0,105.6492,8397.7846,TP Hit,5
ETHUSDT,P39_CAND_0551:ATR Expansion Long,Long,1769025600000,1769090400000,3055.6,2956.373239820368,2957.8521659033195,3198.396751145021,0.873,-86.625,2.6242,2.6181,0.0845,-89.3336,8308.4509,SL Hit,18
ETHUSDT,P39_CAND_0551:BB Expansion Short,Short,1769374800000,1769389200000,2806.3,2850.919596210741,2849.494848786348,2749.7949322411837,1.991,-88.8376,5.6318,5.7236,0.764,-95.2334,8213.2175,SL Hit,4
ETHUSDT,P39_CAND_0551:BB Expansion Short,Short,1769702400000,1769709600000,2821.2,2755.415954565136,2872.049966729737,2754.0389350975875,1.663,109.3989,4.637,4.718,0.0548,104.7071,8317.9247,TP Hit,2
ETHUSDT,P39_CAND_0551:BB Expansion Short,Short,1769871600000,1769878800000,2535.6,2447.820099267044,2601.7807033760405,2446.596800866611,1.28,112.3583,3.1894,3.1274,-0.0601,109.229,8427.1537,TP Hit,2
ETHUSDT,P39_CAND_0551:BB Expansion Short,Short,1769965200000,1770001200000,2301.6,2186.2835960328584,2387.478479616534,2185.191000532592,0.995,114.7398,2.2327,2.2712,0.3455,112.1616,8539.3153,TP Hit,10
ETHUSDT,P39_CAND_0551:BB Expansion Long,Long,1770048000000,1770109200000,2372.1,2272.121006621631,2273.2576354393505,2506.466617445347,0.875,-87.4816,2.0318,2.0708,-0.8589,-88.6546,8450.6607,SL Hit,17
ETHUSDT,P39_CAND_0551:BB Expansion Short,Short,1770141600000,1770148800000,2193.2,2270.6812373328216,2269.5464641007716,2089.8387998600397,1.123,-87.0114,2.5065,2.5321,0.0,-89.5179,8361.1428,SL Hit,2
ETHUSDT,P39_CAND_0551:BB Expansion Short,Short,1770220800000,1770292800000,2149.4,2042.148603561513,2229.1446115299455,2041.1280395417423,1.062,113.901,2.2257,2.1989,0.2904,111.3849,8472.5277,TP Hit,20
ETHUSDT,P39_CAND_0551:BB Expansion Short,Short,1770314400000,1770328800000,1952.6,1815.1500629632733,2053.8166821253803,1814.242941492527,0.845,116.1452,1.5919,1.5524,0.0,114.5533,8587.081,TP Hit,4
ETHUSDT,P39_CAND_0551:BB Expansion Long,Long,1770397200000,1770789600000,2036.0,1937.1302226575187,1938.0992722936655,2169.4410107032422,0.443,-43.7993,0.88,0.89,-0.3529,-44.3265,8542.7545,SL Hit,109
ETHUSDT,P39_CAND_0551:BB Expansion Long,Long,1772024400000,1772031600000,1953.6,2005.0508750112856,1914.1819905871682,2006.0539019622665,1.111,57.1619,2.199,2.1698,0.0,54.9629,8597.7174,TP Hit,2
ETHUSDT,P39_CAND_0551:ATR Expansion Short,Short,1772125200000,1772136000000,1981.9,2041.5088016491895,2040.4885573705044,1896.4921639442437,1.493,-88.9959,3.0035,2.9864,0.0,-91.9994,8505.718,SL Hit,3
ETHUSDT,P39_CAND_0551:BB Expansion Short,Short,1772204400000,1772258400000,1940.9,1880.2405551399042,1986.9885486249564,1879.3009046875607,1.887,114.4644,3.6052,3.6601,0.3087,110.5504,8616.2684,TP Hit,15
ETHUSDT,P39_CAND_0551:ATR Expansion Short,Short,1772388000000,1772463600000,1959.1,2019.3481290720513,2018.3389595922552,1872.6165606116172,1.478,-89.0467,2.9401,2.8957,0.067,-92.0538,8524.2146,SL Hit,21
ETHUSDT,P39_CAND_0551:BB Expansion Long,Long,1772470800000,1772503200000,2064.4,1999.6835287044776,2000.6838706397973,2150.386290778059,1.36,-88.0144,2.7636,2.8021,0.1359,-90.9139,8433.3008,SL Hit,9
ETHUSDT,P39_CAND_0551:BB Expansion Short,Short,1772532000000,1772553600000,1949.2,2001.8563785781175,2000.8559506028162,1879.8684019405332,1.665,-87.6729,3.2893,3.364,0.092,-91.0542,8342.2466,SL Hit,6
ETHUSDT,P39_CAND_0551:BB Expansion Long,Long,1776441600000,1776481200000,2441.9,2395.802855632054,2397.0013563102093,2501.4164495691543,1.909,-87.9994,4.6176,4.5596,0.1223,-92.7393,8249.5073,SL Hit,11
ETHUSDT,P39_CAND_0551:BB Expansion Short,Short,1780520400000,1780520400000,1779.5,1823.5421131791459,1822.6307977802558,1721.817780860756,1.955,-86.1023,3.522,3.6193,0.0,-89.6243,8159.883,SL Hit,0
ETHUSDT,P39_CAND_0551:BB Expansion Short,Short,1780570800000,1780578000000,1735.3,1789.6339709384058,1788.739601137837,1663.0372206418929,1.551,-84.272,2.7336,2.659,0.0,-87.0056,8072.8774,SL Hit,2
ETHUSDT,P39_CAND_0551:BB Expansion Long,Long,1780822800000,1780858800000,1641.5,1603.4836400668808,1604.2857829583597,1691.1558570022785,2.22,-84.3963,3.6019,3.6678,0.0171,-88.0153,7984.8621,SL Hit,10
