strategy,entry_time,entry_datetime,exit_time,exit_datetime,side,entry_price,exit_price,raw_exit_price,stop_loss,take_profit,size,gross_pnl,fees,entry_slippage,exit_slippage,slippage,funding,net_pnl,capital_after,reason,R,hold_candles,is_limit,is_fallback_market,is_partial_fill,is_adverse_selection,exit_datetime_parsed,month
variant_c_live_core,1584003600000,2020-03-12 09:00:00+00:00,1584007200000,2020-03-12 10:00:00+00:00,Short,7379.2,7087.874364285765,7084.332198186672,7598.144017305597,7084.332198186672,0.465,135.46642060711906,3.3635947896964407,1.697250000000254,1.6471072360783683,3.344357236078622,0.0,132.10282581742263,10132.102825817423,TP Hit,1.3305941824736345,1,False,False,False,False,2020-03-12 10:00:00,2020-03
variant_c_live_core,1584619200000,2020-03-19 12:00:00+00:00,1584630000000,2020-03-19 15:00:00+00:00,Long,5620.5,5894.662339228709,5897.61114480111,5413.6355757432,5897.61114480111,0.5,137.08116961435462,2.8787905848071773,1.4099999999998545,1.474402786200244,2.8844027862000985,0.0,134.20237902954744,10266.305204846973,TP Hit,1.3253237728705172,3,False,False,False,False,2020-03-19 15:00:00,2020-03
variant_c_live_core,1584694800000,2020-03-20 09:00:00+00:00,1584727200000,2020-03-20 18:00:00+00:00,Long,6597.7,6306.650338252068,6309.805240872503,6309.805240872503,6989.6227210104125,0.361,-105.06892789100348,2.3292352360544983,1.198519999999895,1.1389198459772796,2.3374398459771744,0.238677677,-107.63684080405798,10158.668364042915,SL Hit,-1.0109585274493953,9,False,False,False,False,2020-03-20 18:00:00,2020-03
variant_c_live_core,1584968400000,2020-03-23 13:00:00+00:00,1585036800000,2020-03-24 08:00:00+00:00,Long,6324.2,6714.020999104161,6717.379688948635,6035.675423956983,6717.379688948635,0.356,138.77627568108142,2.3208033378405406,1.128520000000026,1.1956935846326378,2.3242135846326635,0.685545996,135.76992634724087,10294.438290390153,TP Hit,1.351084210746892,19,False,False,False,False,2020-03-24 08:00:00,2020-03
variant_c_live_core,1587661200000,2020-04-23 17:00:00+00:00,1587945600000,2020-04-27 00:00:00+00:00,Long,7508.7,7742.424206872338,7746.297355550112,7331.12830400392,7746.297355550112,0.592,138.36473046842414,4.514332765234212,2.243679999999978,2.292904017242341,4.536584017242319,4.3554338545296,129.49496384866035,10423.933254238817,TP Hit,1.3162244442239128,79,False,False,False,False,2020-04-27 00:00:00,2020-04
variant_c_live_core,1588168800000,2020-04-29 14:00:00+00:00,1588176000000,2020-04-29 16:00:00+00:00,Long,8299.6,8476.883164528335,8481.12372639153,8161.850916998099,8481.12372639153,0.78,138.28086833210128,6.542828434166051,3.1980000000002837,3.3076382532918434,6.505638253292127,0.65158548,131.08645441793524,10555.019708656753,TP Hit,1.2870006875173738,2,False,False,False,False,2020-04-29 16:00:00,2020-04
variant_c_live_core,1588878000000,2020-05-07 19:00:00+00:00,1589022000000,2020-05-09 11:00:00+00:00,Long,9802.5,9560.837950773344,9565.620761153921,9565.620761153921,10119.745609508444,0.455,-109.95623239812832,4.405159383800935,2.2340499999999337,2.1761787231624656,4.410228723162399,9.0496792975225,-123.41107107945176,10431.608637577305,SL Hit,-1.020190922614728,40,False,False,False,False,2020-05-09 11:00:00,2020-05
variant_c_live_core,1589450400000,2020-05-14 10:00:00+00:00,1589450400000,2020-05-14 10:00:00+00:00,Long,9804.1,9589.911415468612,9594.708769853538,9594.708769853538,10085.126708536753,0.508,-108.8078009419452,4.926078899529028,2.4739600000004067,2.4370560275422615,4.911016027542669,0.0,-113.73387984147423,10317.87475773583,SL Hit,-1.0229109613691563,0,False,False,False,False,2020-05-14 10:00:00,2020-05
variant_c_live_core,1590087600000,2020-05-21 19:00:00+00:00,1590087600000,2020-05-21 19:00:00+00:00,Short,8826.2,9053.471028349955,9048.94655507242,9048.94655507242,8527.842562399414,0.473,-107.49919640952851,4.228542198204764,2.0906600000000344,2.1400758602742607,4.2307358602742955,0.0,-111.72773860773327,10206.147019128097,SL Hit,-1.0203122031497387,0,False,False,False,False,2020-05-21 19:00:00,2020-05
variant_c_live_core,1591117200000,2020-06-02 17:00:00+00:00,1591275600000,2020-06-04 13:00:00+00:00,Short,9472.3,9736.606102755406,9731.740232639087,9731.740232639087,9123.1941213346,0.2,-52.86122055108135,1.9208906102755408,0.9400000000001456,0.9731740232637094,1.913174023263855,-0.90602002148,-53.876091139876884,10152.270927988218,SL Hit,-1.018755264234933,44,False,False,False,False,2020-06-04 13:00:00,2020-06
variant_c_live_core,1599145200000,2020-09-03 15:00:00+00:00,1599145200000,2020-09-03 15:00:00+00:00,Short,10851.6,10523.519589022335,10518.260458792938,11100.961269669086,10518.260458792938,0.208,68.24072548335441,2.2230124372583226,1.131520000000106,1.093899087714526,2.225419087714632,0.0,66.01771304609609,10218.288641034314,TP Hit,1.3156831107454834,0,False,False,False,False,2020-09-03 15:00:00,2020-09
variant_c_live_core,1600704000000,2020-09-21 16:00:00+00:00,1600891200000,2020-09-23 20:00:00+00:00,Short,10410.4,10188.115110518134,10183.023598718775,10583.072208922484,10183.023598718775,0.61,135.59378258393784,6.28254710870803,3.178100000000577,3.1058221976090317,6.283922197609609,-3.291585792813,132.60282126804282,10350.89146230236,TP Hit,1.2873229042992864,52,False,False,False,False,2020-09-23 20:00:00,2020-09
variant_c_live_core,1603292400000,2020-10-21 15:00:00+00:00,1603317600000,2020-10-21 22:00:00+00:00,Long,12744.3,13052.914279645664,13059.444001646487,12507.43751881453,13059.444001646487,0.448,138.2591972812576,5.778575998640629,2.8537599999995438,2.925315456368844,5.779075456368387,0.5702954880000001,131.91032579461697,10482.801788096976,TP Hit,1.3029259767147798,7,False,False,False,False,2020-10-21 22:00:00,2020-10
variant_c_live_core,1603897200000,2020-10-28 15:00:00+00:00,1603980000000,2020-10-29 14:00:00+00:00,Short,13058.9,13361.718761270517,13355.041240650193,13355.041240650193,12663.287721319175,0.362,-109.62039157992712,4.782131995789963,2.3783399999998944,2.417262464557207,4.795602464557101,1.1525170288931998,-115.55504060461028,10367.246747492363,SL Hit,-1.0225484319767923,23,False,False,False,False,2020-10-29 14:00:00,2020-10
variant_c_live_core,1604581200000,2020-11-05 13:00:00+00:00,1604592000000,2020-11-05 16:00:00+00:00,Long,14873.9,15276.334340311554,15283.976328475792,14565.83104349743,15283.976328475792,0.345,138.83984740748627,5.2009154237037425,2.5736999999996986,2.6364859166620316,5.210185916661731,0.520268625,133.11866335878256,10500.365410851145,TP Hit,1.3063125375574731,3,False,False,False,False,2020-11-05 16:00:00,2020-11
variant_c_live_core,1605636000000,2020-11-17 18:00:00+00:00,1605672000000,2020-11-18 04:00:00+00:00,Long,17840.6,18335.656157701913,18344.828571987906,17462.264628168705,18344.828571987906,0.284,140.59594878734367,5.1370283743936715,2.5275999999993797,2.604965657222012,5.132565657221392,0.5018282839999999,134.95709212895002,10635.322502980096,TP Hit,1.3085114281163974,10,False,False,False,False,2020-11-18 04:00:00,2020-11
variant_c_live_core,1606752000000,2020-11-30 16:00:00+00:00,1606824000000,2020-12-01 12:00:00+00:00,Long,19350.1,18854.88213159997,18864.314288744343,18864.314288744343,19999.265154521745,0.224,-110.92880252160633,4.278957998739196,2.161599999999511,2.112803200339433,4.274403200338944,5.316459761536,-120.52422028188151,10514.798282698215,SL Hit,-1.0194162918460328,20,False,False,False,False,2020-12-01 12:00:00,2020-12
variant_c_live_core,1608130800000,2020-12-16 15:00:00+00:00,1608152400000,2020-12-16 21:00:00+00:00,Long,20683.6,21226.42211911339,21237.040639433108,20267.355139608164,21237.040639433108,0.259,140.59092885036867,5.427347864425184,2.67546999999951,2.750196762806569,5.425666762806079,2.4650960338914003,132.6984849520521,10647.496767650267,TP Hit,1.3040932652054935,6,False,False,False,False,2020-12-16 21:00:00,2020-12
variant_c_live_core,1608195600000,2020-12-17 09:00:00+00:00,1608195600000,2020-12-17 09:00:00+00:00,Long,22933.3,22301.20737939946,22312.36356118005,22312.36356118005,23767.18838724993,0.175,-110.61620860509429,3.9580193956974528,2.010749999999643,1.9523318116030166,3.9630818116026596,0.0,-114.57422800079173,10532.922539649477,SL Hit,-1.0179667049364831,0,False,False,False,False,2020-12-17 09:00:00,2020-12
variant_c_live_core,1608555600000,2020-12-21 13:00:00+00:00,1608559200000,2020-12-21 14:00:00+00:00,Short,22313.5,23064.717169227835,23053.190573940865,23053.190573940865,21316.8730917488,0.145,-108.92648953803611,3.289920744769018,1.6240000000001054,1.6713563166107086,3.295356316610814,0.0,-112.21641028280513,10420.706129366672,SL Hit,-1.0155829960432778,1,False,False,False,False,2020-12-21 14:00:00,2020-12
variant_c_live_core,1609016400000,2020-12-26 21:00:00+00:00,1609048800000,2020-12-27 06:00:00+00:00,Long,26453.6,27245.83996552394,27259.469700374128,25850.66981573063,27259.469700374128,0.177,140.2264738977378,4.752400436948869,2.3363999999994847,2.4124630684830373,4.748863068482522,0.9355976971919999,134.53847576359692,10555.244605130267,TP Hit,1.3139829223908917,9,False,False,False,False,2020-12-27 06:00:00,2020-12
variant_c_live_core,1609596000000,2021-01-02 14:00:00+00:00,1609603200000,2021-01-02 16:00:00+00:00,Long,31626.5,32598.789021495904,32615.09656978079,30897.527669757827,32615.09656978079,0.147,142.92648615989793,4.720558743079948,2.321130000000128,2.3972095978784127,4.718339597878541,0.9396322897562999,137.26629512706168,10692.51090025733,TP Hit,1.3337804209563044,2,False,False,False,False,2021-01-02 16:00:00,2021-01
variant_c_live_core,1610874000000,2021-01-17 09:00:00+00:00,1610899200000,2021-01-17 16:00:00+00:00,Short,34746.2,36069.35292561112,36051.327261980136,36051.327261980136,32962.90658058315,0.083,-109.82169282572333,2.938845446412862,1.4433699999999519,1.4961300813718337,2.9395000813717855,-0.8982364516920001,-111.8623018204442,10580.648598436888,SL Hit,-1.0138114221931411,7,False,False,False,False,2021-01-17 16:00:00,2021-01
variant_c_live_core,1611342000000,2021-01-22 19:00:00+00:00,1611399600000,2021-01-23 11:00:00+00:00,Long,33306.4,31804.32453416802,31820.234651493764,31820.234651493764,35337.336872925334,0.072,-108.1494335399027,2.3439860832300488,1.200239999999874,1.1455284474535727,2.345768447453447,0.474759288,-110.96817891113275,10469.680419525755,SL Hit,-1.0107054826313477,16,False,False,False,False,2021-01-23 11:00:00,2021-01
variant_c_live_core,1611756000000,2021-01-27 14:00:00+00:00,1611777600000,2021-01-27 20:00:00+00:00,Short,30259.2,31361.95479527091,31346.28165444369,31346.28165444369,28797.83492438377,0.098,-108.0699699365492,3.0194365849682745,1.4817599999999003,1.5359678010676363,3.0177278010675366,-0.29712257400000003,-110.79228394751748,10358.88813557824,SL Hit,-1.014417629773397,6,False,False,False,False,2021-01-27 20:00:00,2021-01
variant_c_live_core,1614070800000,2021-02-23 09:00:00+00:00,1614085200000,2021-02-23 13:00:00+00:00,Short,46562.2,49596.61737852507,49571.83146279368,49571.83146279368,42437.86519056433,0.017,-51.58509543492628,0.8173499477174633,0.3966100000000297,0.42136056743370137,0.8179705674337311,0.0,-52.40244538264375,10306.485690195595,SL Hit,-1.008235531837638,4,False,False,False,False,2021-02-23 13:00:00,2021-02
variant_c_live_core,1614614400000,2021-03-01 16:00:00+00:00,1614700800000,2021-03-02 16:00:00+00:00,Long,49209.1,47708.041450368415,47731.90740407045,47731.90740407045,51202.013605457716,0.035,-52.53704923710543,1.6960499753814475,0.8606499999998778,0.8353083795712519,1.6959583795711297,0.6853486150000001,-54.91844782748688,10251.567242368106,SL Hit,-1.0161562911754358,24,False,False,False,False,2021-03-02 16:00:00,2021-03
variant_c_live_core,1614765600000,2021-03-03 10:00:00+00:00,1614816000000,2021-03-04 00:00:00+00:00,Long,51504.6,50225.2377339079,50250.362915365586,50250.362915365586,53188.259284214466,0.042,-53.73321517586802,2.136326592412066,1.080240000000049,1.0552576212226705,2.1354976212227195,1.1732825814948002,-57.04282434977488,10194.524418018333,SL Hit,-1.0200322425205648,14,False,False,False,False,2021-03-04 00:00:00,2021-03
variant_c_live_core,1619802000000,2021-04-30 17:00:00+00:00,1619830800000,2021-05-01 01:00:00+00:00,Long,56786.4,58311.861907030245,58341.032423241864,55618.18225526586,58341.032423241864,0.022,33.560161954665354,1.2660808809773327,0.6252399999999615,0.6417513566556299,1.2669913566555913,0.126914238,32.16716683568802,10226.691584854021,TP Hit,1.305802718633936,8,False,False,False,False,2021-05-01 01:00:00,2021-05
variant_c_live_core,1621609200000,2021-05-21 15:00:00+00:00,1621630800000,2021-05-21 21:00:00+00:00,Short,37789.0,34058.27452531394,34041.253898364754,40510.184393177384,34041.253898364754,0.038,141.7675680380704,1.3650982159809648,0.7178199999999778,0.6467838240689452,1.364603824068923,0.0140050324414,140.38846478964805,10367.080049643671,TP Hit,1.3709932645651741,6,False,False,False,False,2021-05-21 21:00:00,2021-05
variant_c_live_core,1621760400000,2021-05-23 09:00:00+00:00,1621785600000,2021-05-23 16:00:00+00:00,Short,34332.8,31804.38523432957,31788.490988835154,36192.36008803869,31788.490988835154,0.056,141.59122687754427,1.851841186561228,0.9626399999997229,0.8900777476872609,1.8527177476869838,0.01975238328,139.71963330770302,10506.799682951374,TP Hit,1.3596843586469975,7,False,False,False,False,2021-05-23 16:00:00,2021-05
variant_c_live_core,1621886400000,2021-05-24 20:00:00+00:00,1621936800000,2021-05-25 10:00:00+00:00,Long,39583.7,37570.30776844061,37589.10231960041,37589.10231960041,42305.910111666104,0.053,-106.70978827264757,2.0445812058636763,1.0504599999999846,0.9961112114694478,2.0465712114694323,0.41217464000000004,-109.16654411851125,10397.633138832864,SL Hit,-1.0094227278736412,14,False,False,False,False,2021-05-25 10:00:00,2021-05
variant_c_live_core,1622192400000,2021-05-28 09:00:00+00:00,1622264400000,2021-05-29 05:00:00+00:00,Short,35934.6,37381.18451071505,37362.50325908551,37362.50325908551,33995.61936238124,0.074,-107.04725379291389,2.712684026896457,1.328300000000323,1.382412620585921,2.7107126205862437,-0.5358523519999999,-109.22408546781034,10288.409053365052,SL Hit,-1.013082995301449,20,False,False,False,False,2021-05-29 05:00:00,2021-05
variant_c_live_core,1622311200000,2021-05-29 18:00:00+00:00,1622354400000,2021-05-30 06:00:00+00:00,Short,33896.9,35535.66137551983,35517.90242430768,35517.90242430768,31685.927744017114,0.064,-104.88072803326882,2.221841964016635,1.0822399999997578,1.1365728775775061,2.218812877577264,-0.229823348,-106.87274664928546,10181.536306715765,SL Hit,-1.0109555364913987,12,False,False,False,False,2021-05-30 06:00:00,2021-05
variant_c_live_core,1623240000000,2021-06-09 12:00:00+00:00,1623250800000,2021-06-09 15:00:00+00:00,Long,34950.5,36513.05426312907,36531.31992309061,33782.20965537476,36531.31992309061,0.044,68.75238757767892,1.5721981937888394,0.7704400000000896,0.8036890383079298,1.5741290383080195,0.0,67.18018938389008,10248.716496099656,TP Hit,1.33747083532587,3,False,False,False,False,2021-06-09 15:00:00,2021-06
variant_c_live_core,1623614400000,2021-06-13 20:00:00+00:00,1623614400000,2021-06-13 20:00:00+00:00,Long,37628.9,38814.16322518726,38833.58001519485,36729.58998905971,38833.58001519485,0.116,137.49053412172177,4.43369766706086,2.1796400000001013,2.2523476408806458,4.431987640880747,0.0,133.0568364546609,10381.773332554318,TP Hit,1.3179695664101154,0,False,False,False,False,2021-06-13 20:00:00,2021-06
variant_c_live_core,1624046400000,2021-06-18 20:00:00+00:00,1624064400000,2021-06-19 01:00:00+00:00,Short,35287.5,36297.564297062345,36279.424584769964,36279.424584769964,33952.01474337506,0.107,-108.0768797856709,3.829800939892835,1.8885500000001556,1.9409492152847523,3.829499215284908,-0.38318208700000006,-111.52349863856375,10270.249833915754,SL Hit,-1.0182873905646643,5,False,False,False,False,2021-06-19 01:00:00,2021-06
variant_c_live_core,1624366800000,2021-06-22 13:00:00+00:00,1624374000000,2021-06-22 15:00:00+00:00,Short,29845.9,31379.091879027514,31363.410173940545,31363.410173940545,27774.03253619369,0.068,-104.25704777387084,2.081649723886936,1.0186399999999705,1.0663559459138634,2.0849959459138336,0.0,-106.33869749775778,10163.911136417997,SL Hit,-1.0103338385180296,2,False,False,False,False,2021-06-22 15:00:00,2021-06
variant_c_live_core,1624557600000,2021-06-24 18:00:00+00:00,1624608000000,2021-06-25 08:00:00+00:00,Long,34983.9,33910.033531534624,33926.99703004965,33926.99703004965,36409.9196804866,0.098,-105.23891390960702,3.375802743045197,1.712060000000114,1.6624228544725483,3.3744828544726624,-0.5607863136246,-108.05393033902762,10055.85720607897,SL Hit,-1.0160501947646365,14,False,False,False,False,2021-06-25 08:00:00,2021-06
variant_c_live_core,1624633200000,2021-06-25 15:00:00+00:00,1624658400000,2021-06-25 22:00:00+00:00,Short,32783.6,31379.57296402263,31363.891018513375,33833.99846667037,31363.891018513375,0.049,68.79732476289102,1.5719977376185545,0.8040900000001712,0.7684153299535174,1.5725053299536884,-0.15982981700000004,67.38515684227248,10123.242362921243,TP Hit,1.336661353312859,7,False,False,False,False,2021-06-25 22:00:00,2021-06
variant_c_live_core,1628190000000,2021-08-05 19:00:00+00:00,1628262000000,2021-08-06 15:00:00+00:00,Long,40842.6,42269.12589158939,42290.27102710294,39765.08566048588,42290.27102710294,0.096,136.9464855925818,3.9893628427962913,1.9631999999997207,2.0299330093008465,3.9931330093005672,0.7834347840000001,132.17368796578552,10255.416050887028,TP Hit,1.3239043224544482,20,False,False,False,False,2021-08-06 15:00:00,2021-08
variant_c_live_core,1628510400000,2021-08-09 12:00:00+00:00,1628611200000,2021-08-10 16:00:00+00:00,Long,45953.8,44787.7432962267,44810.1483704119,44810.1483704119,47487.28448553902,0.092,-107.2772167471441,4.174110991626428,2.1141600000002945,2.061266825038794,4.1754268250390885,1.6861943080000001,-113.13752204677053,10142.278528840257,SL Hit,-1.0195908208457447,28,False,False,False,False,2021-08-10 16:00:00,2021-08
variant_c_live_core,1631026800000,2021-09-07 15:00:00+00:00,1631026800000,2021-09-07 15:00:00+00:00,Short,47343.7,45566.40381152499,45543.631995527234,48621.89536322039,45543.631995527234,0.079,140.40639888952532,3.669949100555237,1.868350000000115,1.7989734638229928,3.6673234638231076,0.0,136.7364497889701,10279.014978629228,TP Hit,1.3904730369206877,0,False,False,False,False,2021-09-07 15:00:00,2021-09
variant_c_live_core,1632139200000,2021-09-20 12:00:00+00:00,1632182400000,2021-09-21 00:00:00+00:00,Short,43708.1,42188.67811464485,42167.59431748611,44857.40889141001,42167.59431748611,0.091,138.26739156731867,3.9083034042163405,1.9938100000003178,1.918625541445239,3.9124355414455567,-0.7904579410000001,135.14954610410234,10414.164524733329,TP Hit,1.3220309150232676,12,False,False,False,False,2021-09-21 00:00:00,2021-09
variant_c_live_core,1632484800000,2021-09-24 12:00:00+00:00,1632513600000,2021-09-24 20:00:00+00:00,Short,41489.3,42797.831873972886,42776.443652146816,42776.443652146816,39751.19381646274,0.082,-107.29961366577639,3.4557724068328888,1.7023199999995704,1.7538341897377105,3.4561541897372807,-0.1367662519548,-110.61861982065449,10303.545904912675,SL Hit,-1.016616810245225,8,False,False,False,False,2021-09-24 20:00:00,2021-09
variant_c_live_core,1633086000000,2021-10-01 11:00:00+00:00,1633280400000,2021-10-03 17:00:00+00:00,Long,47110.1,48634.745792108966,48659.07532977385,45954.34896256282,48659.07532977385,0.091,138.74276708191607,4.356390483540958,2.1421400000000794,2.2139879275042693,4.356127927504349,2.172637164698,132.21373943367712,10435.75964434635,TP Hit,1.3191818503488402,54,False,False,False,False,2021-10-03 17:00:00,2021-10
variant_c_live_core,1633532400000,2021-10-06 15:00:00+00:00,1633896000000,2021-10-10 20:00:00+00:00,Long,54557.0,56552.05033179838,56580.3405020494,53053.35923852443,56580.3405020494,0.071,141.64857355768513,3.9443712867788427,1.9333300000002271,2.0086020878224735,3.9419320878227007,8.570645419975298,129.133556850931,10564.893201197283,TP Hit,1.3268131477365457,101,False,False,False,False,2021-10-10 20:00:00,2021-10
variant_c_live_core,1634320800000,2021-10-15 18:00:00+00:00,1634328000000,2021-10-15 20:00:00+00:00,Long,61831.2,63533.25471463232,63565.03723324894,60529.671992060765,63565.03723324894,0.083,141.27054131448276,5.2026248706572416,2.564699999999517,2.637949045179696,5.2026490451792125,0.0,136.0679164438255,10700.961117641109,TP Hit,1.3077357569333155,2,False,False,False,False,2021-10-15 20:00:00,2021-10
variant_c_live_core,1637920800000,2021-11-26 10:00:00+00:00,1638122400000,2021-11-28 18:00:00+00:00,Short,54876.3,53278.84815559762,53252.222044575334,56080.91332790576,53252.222044575334,0.09,143.77066599621466,4.866981667001893,2.47229999999945,2.396349992005562,4.868649992005012,-4.631409879606,143.53509420881875,10844.496211849926,TP Hit,1.3261117135235332,56,False,False,False,False,2021-11-28 18:00:00,2021-11
variant_c_live_core,1638565200000,2021-12-03 21:00:00+00:00,1638590400000,2021-12-04 04:00:00+00:00,Short,53430.2,51380.89752593268,51355.219915974696,54965.29366049822,51355.219915974696,0.072,147.54977813284657,3.7731995109335763,1.923120000000461,1.8487879169750958,3.7719079169755565,-1.0498574651616,144.8264360870746,10989.322647937,TP Hit,1.3349690164196273,7,False,False,False,False,2021-12-04 04:00:00,2021-12
variant_c_live_core,1640984400000,2021-12-31 21:00:00+00:00,1640998800000,2022-01-01 01:00:00+00:00,Short,45850.3,46839.840680455694,46816.43246422359,46816.43246422359,44553.74268857836,0.116,-114.78671893286021,5.376028159466431,2.6575599999995614,2.715353082924354,5.372913082923915,-0.536042612,-119.62670448032665,10869.695943456672,SL Hit,-1.024228785491561,4,False,False,False,False,2022-01-01 01:00:00,2022-01
variant_c_live_core,1641416400000,2022-01-05 21:00:00+00:00,1641420000000,2022-01-05 22:00:00+00:00,Short,43936.6,42433.434839817535,42412.228725454814,45071.91851767253,42412.228725454814,0.098,147.31018569788142,4.232131707151059,2.1520799999999145,2.0781992075467133,4.230279207546628,0.0,143.07805399073035,11012.773997447403,TP Hit,1.324003032438896,1,False,False,False,False,2022-01-05 22:00:00,2022-01
variant_c_live_core,1643029200000,2022-01-24 13:00:00+00:00,1643036400000,2022-01-24 15:00:00+00:00,Short,33063.5,34247.780779679575,34230.665446956096,34230.665446956096,31481.853545894308,0.096,-113.6909548492392,3.2309414774246195,1.584,1.6430719414539636,3.2270719414539637,0.0,-116.92189632666383,10895.85210112074,SL Hit,-1.0146640159440246,2,False,False,False,False,2022-01-24 15:00:00,2022-01
variant_c_live_core,1643058000000,2022-01-24 21:00:00+00:00,1643248800000,2022-01-27 02:00:00+00:00,Long,37229.0,35653.27322688515,35671.10878127578,35671.10878127578,39348.25669267252,0.071,-111.87660089115457,2.5873206995544225,1.3220200000001858,1.2663243617351836,2.5883443617353694,0.5552560593450999,-115.01917765005409,10780.832923470687,SL Hit,-1.0114485236043902,53,False,False,False,False,2022-01-27 02:00:00,2022-01
variant_c_live_core,1643994000000,2022-02-04 17:00:00+00:00,1644015600000,2022-02-04 23:00:00+00:00,Long,40269.2,41615.984347510246,41636.802748884686,39249.868020803035,41636.802748884686,0.108,145.4527095311069,4.421799954765554,2.1772799999995915,2.248387348439457,4.425667348439049,0.0,141.03090957634134,10921.86383304703,TP Hit,1.3212421222880264,6,False,False,False,False,2022-02-04 23:00:00,2022-02
variant_c_live_core,1645124400000,2022-02-17 19:00:00+00:00,1645131600000,2022-02-17 21:00:00+00:00,Short,41244.3,40102.94749406377,40082.90604104325,42116.10765044886,40082.90604104325,0.128,146.09312075983826,5.2062238396200815,2.636799999999814,2.5653059866260737,5.202105986625888,0.0,140.8868969202182,11062.750729967249,TP Hit,1.3091792729148488,2,False,False,False,False,2022-02-17 21:00:00,2022-02
variant_c_live_core,1645732800000,2022-02-24 20:00:00+00:00,1645732800000,2022-02-24 20:00:00+00:00,Long,37290.9,38955.990156372995,38975.477895320655,36046.011915369134,38975.477895320655,0.09,149.85811407356937,3.4311100570367845,1.673999999999869,1.753896505289449,3.427896505289318,0.0,146.42700401653258,11209.177733983783,TP Hit,1.3375420464938608,0,False,False,False,False,2022-02-24 20:00:00,2022-02
variant_c_live_core,1646064000000,2022-02-28 16:00:00+00:00,1646085600000,2022-02-28 22:00:00+00:00,Long,40813.2,42424.73221749862,42445.95519509616,39602.528259530765,42445.95519509616,0.094,151.4840284448704,3.912182814222435,1.9175999999994529,1.9949598941690347,3.9125598941684876,-0.344570254752,147.91641588539997,11357.094149869183,TP Hit,1.3311058345790943,6,False,False,False,False,2022-02-28 22:00:00,2022-02
variant_c_live_core,1650992400000,2022-04-26 17:00:00+00:00,1651064400000,2022-04-27 13:00:00+00:00,Short,38618.5,39398.57668031933,39378.88723670098,39378.88723670098,37608.751060137525,0.153,-119.35173208885791,5.968306366044429,2.952900000000445,3.01248487360758,5.965384873608025,0.0767469114,-125.39678536630232,11231.697364502881,SL Hit,-1.0258939691094433,20,False,False,False,False,2022-04-27 13:00:00,2022-04
variant_c_live_core,1651766400000,2022-05-05 16:00:00+00:00,1651777200000,2022-05-05 19:00:00+00:00,Short,36868.1,35729.41940979205,35711.56362797806,37732.2821878558,35711.56362797806,0.133,151.4445184976574,4.827735040751172,2.4472000000001937,2.37481898126052,4.8220189812607135,-0.49059045000000007,147.10737390690625,11378.804738409788,TP Hit,1.3176395049673817,3,False,False,False,False,2022-05-05 19:00:00,2022-05
variant_c_live_core,1652115600000,2022-05-09 17:00:00+00:00,1652119200000,2022-05-09 18:00:00+00:00,Short,31675.6,30428.909988972133,30413.703137403434,32611.513741069528,30413.703137403434,0.124,154.58956136745533,3.850479619316272,1.9592000000003609,1.885649594518647,3.844849594519008,0.0,150.73908174813909,11529.543820157927,TP Hit,1.332056530768735,1,False,False,False,False,2022-05-09 18:00:00,2022-05
variant_c_live_core,1652274000000,2022-05-11 13:00:00+00:00,1652274000000,2022-05-11 13:00:00+00:00,Short,29280.0,30821.277980453684,30805.87504293222,30805.87504293222,27205.401329260807,0.076,-117.13712651447997,2.28384856325724,1.1095999999998893,1.1706232516312012,2.2802232516310905,0.0,-119.42097507773721,11410.12284508019,SL Hit,-1.0100944946919532,0,False,False,False,False,2022-05-11 13:00:00,2022-05
variant_c_live_core,1652302800000,2022-05-11 21:00:00+00:00,1652410800000,2022-05-13 03:00:00+00:00,Short,28449.6,30283.286302719695,30268.15222660639,30268.15222660639,25957.755240824452,0.063,-115.52223707134084,1.8500859185356702,0.8946000000000458,0.9534467951381085,1.8480467951381543,1.8451388687760002,-119.21746185865251,11290.90538322154,SL Hit,-1.0083220464564524,30,False,False,False,False,2022-05-13 03:00:00,2022-05
variant_c_live_core,1654106400000,2022-06-01 18:00:00+00:00,1654113600000,2022-06-01 20:00:00+00:00,Short,30148.2,29342.91320242919,29328.249077890247,30764.364663919023,29328.249077890247,0.188,151.39391794331237,5.592164641028344,2.8387999999997264,2.75685541332142,5.595655413321147,0.0,145.80175330228403,11436.707136523824,TP Hit,1.306934403620139,2,False,False,False,False,2022-06-01 20:00:00,2022-06
variant_c_live_core,1654635600000,2022-06-07 21:00:00+00:00,1654639200000,2022-06-07 22:00:00+00:00,Long,31365.6,30686.242438745547,30701.593235363227,30701.593235363227,32250.564950884407,0.176,-119.56693078078352,5.460562134609608,2.7631999999994874,2.7017402047117356,5.4649402047112225,0.0,-125.02749291539314,11311.67964360843,SL Hit,-1.023118434081131,1,False,False,False,False,2022-06-07 22:00:00,2022-06
variant_c_live_core,1655283600000,2022-06-15 09:00:00+00:00,1655294400000,2022-06-15 12:00:00+00:00,Short,20245.2,21291.921412813215,21281.280772427002,21281.280772427002,18830.56559385139,0.11,-115.1393554094536,2.284541677704727,1.11099999999984,1.1704704424834198,2.2814704424832595,0.0,-117.42389708715832,11194.25574652127,SL Hit,-1.0102700876894832,3,False,False,False,False,2022-06-15 12:00:00,2022-06
variant_c_live_core,1655542800000,2022-06-18 09:00:00+00:00,1655578800000,2022-06-18 19:00:00+00:00,Short,18988.0,18053.263146947105,18044.24102643389,19684.018460967596,18044.24102643389,0.163,152.36210704762183,3.0188629464761894,1.5485,1.4706056436540058,3.019105643654006,-0.141290278575,149.48453437972069,11343.74028090099,TP Hit,1.3429770982704037,10,False,False,False,False,2022-06-18 19:00:00,2022-06
variant_c_live_core,1655636400000,2022-06-19 11:00:00+00:00,1655791200000,2022-06-21 06:00:00+00:00,Long,19898.4,21176.263042308015,21186.856470543287,18953.167341208835,21186.856470543287,0.121,154.6214281192697,2.4850171140596347,1.197900000000176,1.2818048164678948,2.479704816468071,0.19542264962,151.94098835559004,11495.681269256576,TP Hit,1.3519031853408872,43,False,False,False,False,2022-06-21 06:00:00,2022-06
variant_c_live_core,1657227600000,2022-07-07 21:00:00+00:00,1657242000000,2022-07-08 01:00:00+00:00,Long,21623.4,22242.662545531402,22253.789440251527,21150.7716030189,22253.789440251527,0.249,154.19637383731884,5.461324786918659,2.689200000000725,2.7705967853109397,5.4597967853116645,0.5382010500000001,148.1968480004002,11643.878117256978,TP Hit,1.3102525144213104,4,False,False,False,False,2022-07-08 01:00:00,2022-07
variant_c_live_core,1658134800000,2022-07-18 09:00:00+00:00,1658170800000,2022-07-18 19:00:00+00:00,Long,22294.2,21776.3520277501,21787.245650575387,21787.245650575387,22971.78659642307,0.235,-121.6942734787264,5.178289863260637,2.6085000000005127,2.5600013639422103,5.168501363942723,0.5328296,-127.40539294198703,11516.47272431499,SL Hit,-1.0214883703782207,10,False,False,False,False,2022-07-18 19:00:00,2022-07
variant_c_live_core,1658246400000,2022-07-19 16:00:00+00:00,1658322000000,2022-07-20 13:00:00+00:00,Long,23128.7,24059.34885637729,24071.384548651615,22428.467124970837,24071.384548651615,0.167,155.4183590150076,3.9402020795075043,1.9372000000003646,2.0099606098119547,3.947160609812319,1.1669960000000001,150.31116093550008,11666.78388525049,TP Hit,1.3290562176740575,21,False,False,False,False,2022-07-20 13:00:00,2022-07
variant_c_live_core,1658952000000,2022-07-27 20:00:00+00:00,1658973600000,2022-07-28 02:00:00+00:00,Long,22775.2,23430.51308725842,23442.234204360597,22275.327372860367,23442.234204360597,0.239,156.6198278547621,5.521582713927382,2.724600000000348,2.801346987420358,5.525946987420706,0.161801054779,150.9364440860557,11817.720329336546,TP Hit,1.3109601360015355,6,False,False,False,False,2022-07-28 02:00:00,2022-07
variant_c_live_core,1660143600000,2022-08-10 15:00:00+00:00,1660154400000,2022-08-10 18:00:00+00:00,Long,24009.2,23583.650863055947,23595.44858734962,23595.44858734962,24555.18807312553,0.294,-125.11144626155166,6.996149076869225,3.5279999999999996,3.468530942339632,6.996530942339632,0.040967346503999996,-132.14856268492488,11685.571766651621,SL Hit,-1.028514039911306,3,False,False,False,False,2022-08-10 18:00:00,2022-08
variant_c_live_core,1660899600000,2022-08-19 09:00:00+00:00,1660935600000,2022-08-19 19:00:00+00:00,Short,21761.0,21158.594636637066,21148.020626323905,22221.265149046787,21148.020626323905,0.26,156.62539447436276,5.579547302762819,2.8340000000003784,2.7492426814218924,5.583242681422271,-0.11745902480000002,151.16330619639996,11836.73507284802,TP Hit,1.30882245725213,10,False,False,False,False,2022-08-19 19:00:00,2022-08
variant_c_live_core,1662494400000,2022-09-06 20:00:00+00:00,1662577200000,2022-09-07 19:00:00+00:00,Short,18803.7,19192.27314098747,19182.681800087426,19182.681800087426,18299.553055434128,0.32,-124.34340511598974,6.079355702557995,3.0079999999993015,3.0692290880135262,6.077229088012828,0.1437410672,-130.56650188574775,11706.168570962272,SL Hit,-1.025308183395165,23,False,False,False,False,2022-09-07 19:00:00,2022-09
variant_c_live_core,1663077600000,2022-09-13 14:00:00+00:00,1663092000000,2022-09-13 18:00:00+00:00,Short,21177.8,20428.568564953344,20418.359385260715,21742.657242612284,20418.359385260715,0.211,158.0878327948442,4.389471883602578,2.2366000000004607,2.1541369151446816,4.390736915145142,-0.43938429000000007,154.13774520124161,11860.306316163516,TP Hit,1.3264084772671028,4,False,False,False,False,2022-09-13 18:00:00,2022-09
variant_c_live_core,1664301600000,2022-09-27 18:00:00+00:00,1664373600000,2022-09-28 14:00:00+00:00,Short,18937.5,19431.35309008978,19421.642268955304,19421.642268955304,18287.53573756208,0.25,-123.46327252244464,4.796106636261222,2.375,2.4277052836187067,4.802705283618707,-0.35679327074999995,-127.90258588795585,11732.403730275559,SL Hit,-1.0200577841621412,20,False,False,False,False,2022-09-28 14:00:00,2022-09
variant_c_live_core,1666728000000,2022-10-25 20:00:00+00:00,1666728000000,2022-10-25 20:00:00+00:00,Long,20276.8,20006.915870706736,20016.92433287317,20016.92433287317,20613.84953767615,0.47,-126.84554076783358,9.466673229616083,4.746999999999316,4.703977218224681,9.450977218223997,0.0,-136.31221399744965,11596.09151627811,SL Hit,-1.0385125020633466,0,False,False,False,False,2022-10-25 20:00:00,2022-10
variant_c_live_core,1667934000000,2022-11-08 19:00:00+00:00,1667934000000,2022-11-08 19:00:00+00:00,Short,18575.3,17597.98113050365,17589.186537235033,19301.125693190777,17589.186537235033,0.162,158.3256568584087,2.930035771570796,1.5065999999998823,1.424724109515817,2.931324109515699,0.0,155.3956210868379,11751.487137364948,TP Hit,1.3464925238454857,0,False,False,False,False,2022-11-08 19:00:00,2022-11
variant_c_live_core,1668009600000,2022-11-09 16:00:00+00:00,1668027600000,2022-11-09 21:00:00+00:00,Short,17088.3,15982.922906916006,15974.93543919641,17907.294483778587,15974.93543919641,0.145,160.27967849717894,2.39766366075141,1.2325,1.1581828193415185,2.390682819341518,-0.18109357979999996,158.06310841622752,11909.550245781174,TP Hit,1.3496758708118812,5,False,False,False,False,2022-11-09 21:00:00,2022-11
variant_c_live_core,1673557200000,2023-01-12 21:00:00+00:00,1673643600000,2023-01-13 21:00:00+00:00,Long,19051.7,19578.648816270626,19588.44303778952,18648.905012791547,19588.44303778952,0.303,159.66549132999958,5.852497845665001,2.8785,2.9676491202243667,5.846149120224366,1.72432452,152.08866896433457,12061.638914745507,TP Hit,1.3082308196599284,24,False,False,False,False,2023-01-13 21:00:00,2023-01
variant_c_live_core,1676491200000,2023-02-15 20:00:00+00:00,1676491200000,2023-02-15 20:00:00+00:00,Long,23322.3,23758.091262094626,23769.976250219734,22979.84909984179,23769.976250219734,0.365,159.06381066453858,8.59217140533227,4.270500000000266,4.338020665664444,8.60852066566471,0.0,150.4716392592063,12212.110554004712,TP Hit,1.2725656784470296,0,False,False,False,False,2023-02-15 20:00:00,2023-02
variant_c_live_core,1678395600000,2023-03-09 21:00:00+00:00,1678442400000,2023-03-10 10:00:00+00:00,Short,20088.0,19549.666764338792,19539.896815930828,20499.834292529806,19539.896815930828,0.304,163.65330364100728,6.0249253481794955,3.04,2.9700643160210456,6.010064316021046,0.5183473599999999,157.11003093282778,12369.220584937539,TP Hit,1.307159810209946,13,False,False,False,False,2023-03-10 10:00:00,2023-03
variant_c_live_core,1678719600000,2023-03-13 15:00:00+00:00,1678719600000,2023-03-13 15:00:00+00:00,Long,23484.6,24380.36847859189,24392.564760972375,22810.741372099892,24392.564760972375,0.187,167.50870549668343,4.475374552748342,2.187899999999456,2.280704805150897,4.468604805150353,0.0,163.0333309439351,12532.253915881474,TP Hit,1.3293121754384951,0,False,False,False,False,2023-03-13 15:00:00,2023-03
variant_c_live_core,1678798800000,2023-03-14 13:00:00+00:00,1678816800000,2023-03-14 18:00:00+00:00,Long,25882.9,25120.376635822406,25132.943107376093,25132.943107376093,26893.690128644314,0.17,-129.6289719101913,4.335278514044905,2.1930000000002474,2.136300164126915,4.3293001641271625,0.44049210000000005,-134.4047425242362,12397.849173357237,SL Hit,-1.0167562584960328,5,False,False,False,False,2023-03-14 18:00:00,2023-03
variant_c_live_core,1679050800000,2023-03-17 11:00:00+00:00,1679090400000,2023-03-17 22:00:00+00:00,Long,26708.1,27499.429197280635,27513.18579017572,26105.734231073486,27513.18579017572,0.21,166.17913142893366,5.6917905657144665,2.792999999999847,2.888884507968105,5.681884507967952,0.5546667000000001,159.9326741632192,12557.781847520455,TP Hit,1.313702135981065,11,False,False,False,False,2023-03-17 22:00:00,2023-03
variant_c_live_core,1682514000000,2023-04-26 13:00:00+00:00,1682535600000,2023-04-26 19:00:00+00:00,Long,29970.1,29442.395170373697,29457.123732239816,29457.123732239816,30646.49481633359,0.252,-132.9816170658281,7.485974391467085,3.7800000000000002,3.711597590261983,7.491597590261984,0.12662502703200001,-140.59421648432715,12417.187631036128,SL Hit,-1.0287119751766072,6,False,False,False,False,2023-04-26 19:00:00,2023-04
variant_c_live_core,1685991600000,2023-06-05 19:00:00+00:00,1686060000000,2023-06-06 14:00:00+00:00,Short,25543.2,25942.371173388994,25929.406470153917,25929.406470153917,25037.379902564004,0.333,-132.9240007385348,8.57234760036927,4.262399999999758,4.317246177280555,8.579646177280313,1.225504539729,-142.72185287863306,12274.465778157495,SL Hit,-1.0335693579393166,19,False,False,False,False,2023-06-06 14:00:00,2023-06
variant_c_live_core,1686081600000,2023-06-06 20:00:00+00:00,1686128400000,2023-06-07 09:00:00+00:00,Long,27086.8,26625.156911840088,26638.476149915045,26638.476149915045,27676.983125117997,0.282,-130.18335086109508,7.573385924569452,3.8069999999999995,3.7560251371378612,7.563025137137861,1.5230340599999999,-139.2797708456645,12135.18600731183,SL Hit,-1.02970896612445,13,False,False,False,False,2023-06-07 09:00:00,2023-06
variant_c_live_core,1687291200000,2023-06-20 20:00:00+00:00,1687309200000,2023-06-21 01:00:00+00:00,Long,27987.7,28559.943892458083,28574.231007962062,27541.489674267315,28574.231007962062,0.14,80.11414494413148,3.958335072472066,1.9600000000000002,2.000196170557101,3.9601961705571016,0.2493259391,75.90648393255942,12211.092491244388,TP Hit,1.2824532724975544,5,False,False,False,False,2023-06-21 01:00:00,2023-06
variant_c_live_core,1687363200000,2023-06-21 16:00:00+00:00,1687363200000,2023-06-21 16:00:00+00:00,Long,29851.8,30580.05599734819,30595.35367418528,29290.9853545866,30595.35367418528,0.224,163.12934340599483,6.768367871702997,3.337599999999511,3.4266796115081526,6.764279611507664,0.17049520745600003,156.19048032683583,12367.282971571225,TP Hit,1.2985680800317951,0,False,False,False,False,2023-06-21 16:00:00,2023-06
variant_c_live_core,1693324800000,2023-08-29 16:00:00+00:00,1693324800000,2023-08-29 16:00:00+00:00,Long,27425.1,27893.487917843042,27907.44163866237,27054.250020163094,27907.44163866237,0.346,162.062219573693,9.570115709786846,4.7401999999989926,4.827987403487743,9.568187403486736,-1.037018216696,153.52912208060215,12520.812093651824,TP Hit,1.2630118465936941,0,False,False,False,False,2023-08-29 16:00:00,2023-08
variant_c_live_core,1693515600000,2023-08-31 21:00:00+00:00,1693587600000,2023-09-01 17:00:00+00:00,Short,25994.4,25454.646212887084,25441.925250261957,26414.541819811395,25441.925250261957,0.308,166.24416643077845,7.923153116784611,4.004,3.918056488539383,7.922056488539383,-1.157941641472,159.47895495546584,12680.291048607289,TP Hit,1.284694266700751,20,False,False,False,False,2023-09-01 17:00:00,2023-09
variant_c_live_core,1699542000000,2023-11-09 15:00:00+00:00,1699542000000,2023-11-09 15:00:00+00:00,Long,37941.4,37225.1839418918,37243.80584481421,37243.80584481421,38864.891882202486,0.187,-133.9324028662332,7.0280755985668835,3.553,3.482295846490386,7.035295846490386,0.0,-140.96047846480008,12539.330570142489,SL Hit,-1.0266944652330823,0,False,False,False,False,2023-11-09 15:00:00,2023-11
variant_c_live_core,1701806400000,2023-12-05 20:00:00+00:00,1701939600000,2023-12-07 09:00:00+00:00,Long,43855.9,43033.56181521691,43055.08935989686,43055.08935989686,44915.82033347658,0.161,-132.39644775007744,6.994601676124962,3.5259000000002345,3.4659346934718926,6.991834693472127,3.5299024600000006,-142.9209518862024,12396.409618256288,SL Hit,-1.0268821911222072,37,False,False,False,False,2023-12-07 09:00:00,2023-12
variant_c_live_core,1704290400000,2024-01-03 14:00:00+00:00,1704376800000,2024-01-04 14:00:00+00:00,Short,42524.4,43726.1866032872,43704.33443606917,43704.33443606917,40936.48550545948,0.107,-128.59116655173008,4.614406383275865,2.279099999999533,2.338181892329063,4.617281892328596,-1.37643302,-131.82913991500595,12264.580478341282,SL Hit,-1.0185198147880377,24,False,False,False,False,2024-01-04 14:00:00,2024-01
variant_c_live_core,1704740400000,2024-01-08 19:00:00+00:00,1704801600000,2024-01-09 12:00:00+00:00,Long,46993.4,46014.45518374518,46037.47392070553,46037.47392070553,48265.65288790898,0.066,-64.61035787281823,3.069259221063591,1.5510000000000002,1.51923663938322,3.07023663938322,0.6191697600000001,-68.29878685388182,12196.2816914874,SL Hit,-1.0240800386755229,17,False,False,False,False,2024-01-09 12:00:00,2024-01
variant_c_live_core,1705086000000,2024-01-12 19:00:00+00:00,1705096800000,2024-01-12 22:00:00+00:00,Short,43488.2,42019.12267834439,41998.123616536126,44598.72299609399,41998.123616536126,0.056,82.26833001271385,2.394205034993643,1.220800000000163,1.1759474612629275,2.3967474612630904,0.0,79.87412497772021,12276.15581646512,TP Hit,1.3228697891198529,3,False,False,False,False,2024-01-12 22:00:00,2024-01
variant_c_live_core,1707908400000,2024-02-14 11:00:00+00:00,1707955200000,2024-02-15 00:00:00+00:00,Long,51356.3,52427.174128211875,52453.40082862618,50522.18340338915,52453.40082862618,0.152,162.7728674882045,7.887544033744103,3.9064000000006636,3.9864584629746385,7.892858462975302,1.7513994336399998,153.13392402082042,12429.28974048594,TP Hit,1.2838422500679185,13,False,False,False,False,2024-02-15 00:00:00,2024-02
variant_c_live_core,1708977600000,2024-02-26 20:00:00+00:00,1708995600000,2024-02-27 01:00:00+00:00,Long,54558.5,55514.00720276291,55541.77809180881,53803.75577389766,55541.77809180881,0.171,163.39173167245704,9.411199365836229,4.668300000000498,4.748822026849492,9.41712202684999,3.0073025558340003,150.97322975078683,12580.262970236725,TP Hit,1.2660013415370541,5,False,False,False,False,2024-02-27 01:00:00,2024-02
variant_c_live_core,1709118000000,2024-02-28 11:00:00+00:00,1709125200000,2024-02-28 13:00:00+00:00,Long,59369.2,60690.55401692714,60720.91447416422,58344.70957860176,60720.91447416422,0.126,166.4906061328201,7.56376450306641,3.742199999999633,3.82541761187237,7.567617611872003,0.0,158.92684162975368,12739.18981186648,TP Hit,1.2897670776889678,2,False,False,False,False,2024-02-28 13:00:00,2024-02
variant_c_live_core,1710961200000,2024-03-20 19:00:00+00:00,1711112400000,2024-03-22 13:00:00+00:00,Long,65488.2,63311.67678043209,63343.34845465942,63343.34845465942,68388.80492408415,0.06,-130.5913931740743,3.8639963034129625,1.9619999999998252,1.9003004536396473,3.8623004536394725,3.01687799118,-137.47226746866727,12601.717544397812,SL Hit,-1.0147663712652422,42,False,False,False,False,2024-03-22 13:00:00,2024-03
variant_c_live_core,1711393200000,2024-03-25 19:00:00+00:00,1711400400000,2024-03-25 21:00:00+00:00,Long,70935.4,69621.98556048555,69656.81396746928,69656.81396746928,72626.64726740378,0.101,-132.6548583909584,7.098147970804521,3.575399999999412,3.517669105356181,7.0930691053555925,0.0,-139.7530063617629,12461.964538036049,SL Hit,-1.0272397837123157,2,False,False,False,False,2024-03-25 21:00:00,2024-03
variant_c_live_core,1712948400000,2024-04-12 19:00:00+00:00,1713034800000,2024-04-13 19:00:00+00:00,Short,66489.4,64497.86602687499,64465.63321026986,68003.61608860572,64465.63321026986,0.084,167.28885374250052,5.50146517312875,2.797200000000245,2.7075565948309377,5.504756594831182,-1.6991998799999999,163.48658844937177,12625.451126485419,TP Hit,1.315224417512821,24,False,False,False,False,2024-04-13 19:00:00,2024-04
variant_c_live_core,1714554000000,2024-05-01 09:00:00+00:00,1714586400000,2024-05-01 18:00:00+00:00,Short,57124.4,58550.79972965896,58521.53896017888,58521.53896017888,55252.49033308489,0.092,-131.2287751286242,5.3210591875643125,2.631199999999866,2.691990792167606,5.3231907921674715,-0.518033784552,-136.03180053163652,12489.419325953782,SL Hit,-1.0209433494549007,9,False,False,False,False,2024-05-01 18:00:00,2024-05
variant_c_live_core,1715788800000,2024-05-15 16:00:00+00:00,1715799600000,2024-05-15 19:00:00+00:00,Long,64717.7,66071.4827102962,66104.5349777851,63663.79481599473,66104.5349777851,0.122,165.16149065613686,7.9781401453280685,3.9405999999994674,4.03237663364489,7.9729766336443575,0.18726811412400002,156.99608239668478,12646.415408350467,TP Hit,1.2845393787240669,3,False,False,False,False,2024-05-15 19:00:00,2024-05
variant_c_live_core,1719259200000,2024-06-24 20:00:00+00:00,1719273600000,2024-06-25 00:00:00+00:00,Short,59263.2,60484.29505059704,60454.068016588746,60454.068016588746,57684.466643626736,0.109,-133.0993605150773,6.526238480257539,3.2264000000006345,3.294746706903665,6.521146706904299,-0.48925386240499996,-139.13634513292982,12507.279063217535,SL Hit,-1.0253823543728011,4,False,False,False,False,2024-06-25 00:00:00,2024-06
variant_c_live_core,1723132800000,2024-08-08 16:00:00+00:00,1723154400000,2024-08-08 22:00:00+00:00,Long,59421.6,61472.21666509476,61502.96814916934,57870.89893259808,61502.96814916934,0.082,168.1505665377706,4.9566464832688855,2.4353999999997615,2.521621694115471,4.957021694115232,0.055860457626000004,163.1380595968757,12670.41712281441,TP Hit,1.3223803789149482,6,False,False,False,False,2024-08-08 22:00:00,2024-08
variant_c_live_core,1725645600000,2024-09-06 18:00:00+00:00,1725832800000,2024-09-08 22:00:00+00:00,Short,53888.8,55146.212482703784,55118.65315612572,55118.65315612572,52252.815060936504,0.106,-133.2857231666008,5.7788556615833,2.862,2.9212886172746364,5.7832886172746365,1.320266403686,-140.3848452318701,12530.032277582539,SL Hit,-1.0224086318279493,52,False,False,False,False,2024-09-08 22:00:00,2024-09
variant_c_live_core,1731351600000,2024-11-11 19:00:00+00:00,1731358800000,2024-11-11 21:00:00+00:00,Long,85975.6,88202.55362132251,88246.67695980241,84266.46458894228,88246.67695980241,0.075,167.02152159918805,6.531680760799595,3.225,3.3092503859923452,6.534250385992346,0.0,160.48984083838846,12690.522118420928,TP Hit,1.3029708511769262,2,False,False,False,False,2024-11-11 21:00:00,2024-11
variant_c_live_core,1731513600000,2024-11-13 16:00:00+00:00,1731524400000,2024-11-13 19:00:00+00:00,Long,92654.3,90166.34855444414,90211.45428158493,90211.45428158493,95936.77460890984,0.053,-131.86142661446098,4.84474718669277,2.453900000000154,2.390603538461961,4.844503538462115,1.07274143744,-137.77891523859373,12552.743203182334,SL Hit,-1.0184644190997278,3,False,False,False,False,2024-11-13 19:00:00,2024-11
variant_c_live_core,1734642000000,2024-12-19 21:00:00+00:00,1734692400000,2024-12-20 11:00:00+00:00,Short,96361.5,93065.06857104384,93018.55929139815,98847.36531019332,93018.55929139815,0.051,168.11800287676408,4.830377498561617,2.4581999999998514,2.3719732619301066,4.830173261929958,-0.99582804,164.28345341820244,12717.026656600536,TP Hit,1.3260700068660631,14,False,False,False,False,2024-12-20 11:00:00,2024-12
variant_c_live_core,1736280000000,2025-01-07 20:00:00+00:00,1736355600000,2025-01-08 17:00:00+00:00,Short,96385.1,94518.98801983948,94471.7521437676,97845.61445648734,94471.7521437676,0.09,167.95007821444713,8.590683960892777,4.337999999999738,4.25122884646902,8.589228846468759,-2.44186590222,161.80126015577434,12878.82791675631,TP Hit,1.2777086675668299,21,False,False,False,False,2025-01-08 17:00:00,2025-01
variant_c_live_core,1738612800000,2025-02-03 20:00:00+00:00,1738645200000,2025-02-04 05:00:00+00:00,Long,101882.8,99076.14608944721,99125.70894391916,99125.70894391916,105590.49868900115,0.048,-134.719387706534,4.823014706146733,2.4432000000004193,2.379017014653655,4.822217014654074,0.12699786393600002,-139.66940027661673,12739.158516479692,SL Hit,-1.017976502576017,9,False,False,False,False,2025-02-04 05:00:00,2025-02
variant_c_live_core,1740477600000,2025-02-25 10:00:00+00:00,1740578400000,2025-02-26 14:00:00+00:00,Short,88223.4,85832.95678314008,85790.06175226395,90051.42753836997,85790.06175226395,0.071,169.72146839705402,6.179000665801472,3.131100000000413,3.0455471922050052,6.176647192205419,-0.685445999426,164.22791373067855,12903.386430210372,TP Hit,1.3076625853193853,28,False,False,False,False,2025-02-26 14:00:00,2025-02
variant_c_live_core,1740600000000,2025-02-26 20:00:00+00:00,1740636000000,2025-02-27 06:00:00+00:00,Short,83790.1,86100.71562748161,86057.68678408957,86057.68678408957,80740.76835543115,0.058,-134.01570639393293,4.926833653196967,2.4301999999996626,2.4956729167380836,4.925872916737746,-0.4884098800000001,-138.4541301671299,12764.932300043241,SL Hit,-1.0189756104127727,10,False,False,False,False,2025-02-27 06:00:00,2025-02
variant_c_live_core,1740938400000,2025-03-02 18:00:00+00:00,1740981600000,2025-03-03 06:00:00+00:00,Long,94086.8,91691.49454065674,91737.36322226787,91737.36322226787,97237.86774685017,0.055,-131.74180026387936,5.10890309986806,2.585,2.522777488612119,5.107777488612118,-0.1486776049,-136.7020257588474,12628.230274284395,SL Hit,-1.0195232670424976,12,False,False,False,False,2025-03-03 06:00:00,2025-03
variant_c_live_core,1741028400000,2025-03-03 19:00:00+00:00,1741050000000,2025-03-04 01:00:00+00:00,Short,87056.5,83443.65970545786,83401.95872609482,89755.36571721174,83401.95872609482,0.047,169.8034938434806,4.00675375307826,2.0445,1.9599460300629872,4.004446030062987,-0.213573206472,166.01031329687433,12794.240587581271,TP Hit,1.3386513717602262,6,False,False,False,False,2025-03-04 01:00:00,2025-03
variant_c_live_core,1741118400000,2025-03-04 20:00:00+00:00,1741233600000,2025-03-06 04:00:00+00:00,Long,88209.4,91944.16734508483,91990.16242629797,85411.39905306547,91990.16242629797,0.046,171.79929787390253,4.143532048936951,2.0285999999995985,2.1157737358045705,4.1443737358041695,0.6263712609779999,167.02939456398758,12961.269982145257,TP Hit,1.3347984564396345,32,False,False,False,False,2025-03-06 04:00:00,2025-03
variant_c_live_core,1744221600000,2025-04-09 18:00:00+00:00,1744297200000,2025-04-10 15:00:00+00:00,Long,82203.0,79828.44170793245,79868.37589588038,79868.37589588038,85347.35014461057,0.057,-135.34982264785043,4.6178960886760745,2.342700000000332,2.2762487130321536,4.618948713032486,0.368013534885,-140.3357322714115,12820.934249873844,SL Hit,-1.0171051896009577,21,False,False,False,False,2025-04-10 15:00:00,2025-04
variant_c_live_core,1760130000000,2025-10-10 21:00:00+00:00,1760130000000,2025-10-10 21:00:00+00:00,Short,114143.3,111466.8363937169,111411.13082830276,116204.54580362201,111411.13082830276,0.064,171.29367080211827,7.219524364598941,3.654399999999441,3.565156186505221,7.219556186504662,0.0,164.07414643751932,12985.008396311363,TP Hit,1.2984689169918684,0,False,False,False,False,2025-10-10 21:00:00,2025-10
variant_c_live_core,1762279200000,2025-11-04 18:00:00+00:00,1762347600000,2025-11-05 13:00:00+00:00,Short,101024.3,103049.21508099845,102997.716222887,102997.716222887,98404.08302376805,0.068,-137.6942255078941,6.938499512753948,3.434,3.501922351578251,6.935922351578251,-0.688263712648,-143.94446130800006,12841.063935003362,SL Hit,-1.026096298142368,19,False,False,False,False,2025-11-05 13:00:00,2025-11
variant_c_live_core,1763665200000,2025-11-20 19:00:00+00:00,1763708400000,2025-11-21 07:00:00+00:00,Short,86402.5,83857.94424435955,83816.03622624643,88339.05791710256,83816.03622624643,0.068,173.02979138355082,5.788855104308226,2.937599999999802,2.849745231691748,5.78734523169155,-0.5299416790479999,167.77087795829058,13008.834812961652,TP Hit,1.3139579938035457,12,False,False,False,False,2025-11-21 07:00:00,2025-11
variant_c_live_core,1764702000000,2025-12-02 19:00:00+00:00,1764799200000,2025-12-03 22:00:00+00:00,Long,91951.0,94086.5511746873,94133.61798367913,90300.39505175102,94133.61798367913,0.081,172.97964514967086,7.5345208225748355,3.726,3.8124115283384454,7.538411528338445,0.503286191208,164.94183813588802,13173.77665109754,TP Hit,1.2937990867849798,27,False,False,False,False,2025-12-03 22:00:00,2025-12
variant_c_live_core,1765306800000,2025-12-09 19:00:00+00:00,1765314000000,2025-12-09 21:00:00+00:00,Long,93934.1,92419.26164755374,92465.4943947511,92465.4943947511,95862.03000729013,0.093,-140.87996677750309,8.665431316611249,4.361700000000812,4.29964548935536,8.661345489356172,0.0,-149.54539809411432,13024.231253003425,SL Hit,-1.0314807100232564,2,False,False,False,False,2025-12-09 21:00:00,2025-12
variant_c_live_core,1769713200000,2026-01-29 19:00:00+00:00,1769734800000,2026-01-30 01:00:00+00:00,Short,83399.1,81502.05247049469,81461.32180958989,84866.19629709526,81461.32180958989,0.091,172.63132518498398,7.503002437407508,3.794699999999735,3.7064901423363916,7.501190142336126,-0.30973188437099997,165.43805463194747,13189.669307635373,TP Hit,1.2930627207371037,6,False,False,False,False,2026-01-30 01:00:00,2026-01
variant_c_live_core,1769882400000,2026-01-31 18:00:00+00:00,1769882400000,2026-01-31 18:00:00+00:00,Short,78817.6,76645.36665097938,76607.06311941968,80477.12655401784,76607.06311941968,0.081,175.95090127067039,6.296250149364665,3.1913999999995286,3.102586056336353,6.293986056335882,0.0,169.65465112130573,13359.32395875668,TP Hit,1.3089476295281226,0,False,False,False,False,2026-01-31 18:00:00,2026-01
variant_c_live_core,1770307200000,2026-02-05 16:00:00+00:00,1770321600000,2026-02-05 20:00:00+00:00,Short,67418.3,64492.054648893856,64459.824736525596,69606.19418970156,64459.824736525596,0.062,181.4272117685811,4.08922099411571,2.0893999999998196,1.9982545668321545,4.087654566831974,-0.012462431520000001,177.35045320598536,13536.674411962666,TP Hit,1.3374711468589349,4,False,False,False,False,2026-02-05 20:00:00,2026-02
variant_c_live_core,1770390000000,2026-02-06 15:00:00+00:00,1770591600000,2026-02-08 23:00:00+00:00,Long,68183.2,71774.88593627818,71810.79133194414,65512.68224100023,71810.79133194414,0.051,183.17598275018733,3.5689311913750936,1.7390999999995547,1.8311751789640984,3.5702751789636533,-1.9439291775329999,181.55098073634522,13718.225392699009,TP Hit,1.3449399181765536,56,False,False,False,False,2026-02-08 23:00:00,2026-02
variant_c_live_core,1772038800000,2026-02-25 17:00:00+00:00,1772053200000,2026-02-25 21:00:00+00:00,Long,68284.0,69815.34730890825,69850.27244513082,67097.6318395058,69850.27244513082,0.119,182.23032976008227,8.216911164880042,4.057900000000693,4.156091210484912,8.213991210485606,0.0,174.01341859520224,13892.238811294212,TP Hit,1.2907859127560821,4,False,False,False,False,2026-02-25 21:00:00,2026-02
variant_c_live_core,1772470800000,2026-03-02 17:00:00+00:00,1772524800000,2026-03-03 08:00:00+00:00,Long,69429.9,67691.03024662657,67724.89269297305,67724.89269297305,71716.02681531521,0.083,-144.3261895299941,5.6905186052350025,2.8800999999997585,2.8105830467578636,5.690683046757622,0.070647490638,-150.0873556258671,13742.151455668347,SL Hit,-1.0198605872285245,15,False,False,False,False,2026-03-03 08:00:00,2026-03
variant_c_live_core,1772618400000,2026-03-04 10:00:00+00:00,1772650800000,2026-03-04 19:00:00+00:00,Long,71522.8,73702.59821491691,73739.46794889135,69865.39507679825,73739.46794889135,0.085,185.28284826793745,6.17207942413397,3.0344999999997526,3.133927387827353,6.168427387827105,0.29193234283499997,178.8188365009685,13920.970292169317,TP Hit,1.3151874864146056,9,False,False,False,False,2026-03-04 19:00:00,2026-03
variant_c_live_core,1774278000000,2026-03-23 15:00:00+00:00,1774357200000,2026-03-24 13:00:00+00:00,Long,71445.5,69981.44804043112,70016.4562685654,70016.4562685654,73344.9996269925,0.1,-146.4051959568882,7.071347402021557,3.569999999999709,3.500822813427658,7.070822813427367,0.36082394540000007,-153.83736730430977,13767.132924865009,SL Hit,-1.0244976604733655,22,False,False,False,False,2026-03-24 13:00:00,2026-03
variant_c_live_core,1780416000000,2026-06-02 16:00:00+00:00,1780455600000,2026-06-03 03:00:00+00:00,Short,67240.4,65898.51794353315,65865.58515095768,68288.05869131048,65865.58515095768,0.136,182.49595967949054,9.053446420160256,4.569600000000792,4.478859790264862,9.048459790265653,-1.52083933172,174.9633525910503,13942.09627745606,TP Hit,1.2808389484063014,11,False,False,False,False,2026-06-03 03:00:00,2026-06
variant_c_live_core,1780675200000,2026-06-05 16:00:00+00:00,1780808400000,2026-06-07 05:00:00+00:00,Short,60370.6,62138.77836204551,62107.724499795615,62107.724499795615,58030.07152806166,0.082,-144.9906256877318,5.022884512843866,2.476400000000358,2.546416704491261,5.022816704491619,0.049827813074,-150.06333801364968,13792.032939442413,SL Hit,-1.0178765898780122,37,False,False,False,False,2026-06-07 05:00:00,2026-06
variant_c_live_core,1782324000000,2026-06-24 18:00:00+00:00,1782331200000,2026-06-24 20:00:00+00:00,Short,59333.9,60425.73622041314,60395.53845118755,60395.53845118755,57930.59104001729,0.134,-146.3060535353609,8.02389562676768,3.97979999999961,4.046501076229005,8.026301076228615,0.0,-154.32994916212857,13637.702990280284,SL Hit,-1.0284444946316804,2,False,False,False,False,2026-06-24 20:00:00,2026-06
