candidate_id,behavior_hash,is_duplicate
C26_0001,37d42db850f26a9f,NO
C26_0002,312e8d8a36db9b39,NO
C26_0003,742879ba9761e16b,NO
C26_0004,ff8935d2aafca5d6,NO
C26_0005,ca4542be48f583ae,NO
C26_0006,03869ea317ea3a4e,NO
C26_0007,68b7237aaf973929,NO
C26_0008,74dda7cc0adaa652,NO
C26_0009,18a11bfad01de798,NO
C26_0010,d52b73b3aeb8f1df,NO
C26_0011,4668e34b9b0950df,NO
C26_0012,69833b5b65c20c72,NO
C26_0013,ca158a252294e27c,NO
C26_0014,244d7f35cd4d2efc,NO
C26_0015,d7dfda787721e7ef,NO
C26_0016,6e4d224858c9fd7e,NO
C26_0017,afbd1db860fa4769,NO
C26_0018,26b07eb6208a1c8d,NO
C26_0019,67a84cde456cca2b,NO
C26_0020,34731bafdb10c545,NO
C26_0021,48046bf29b43fbf3,NO
C26_0022,53b993da15febfad,NO
C26_0023,d3ec79bfaae92c91,NO
C26_0024,9193d7d2270baddd,NO
C26_0025,0dc615b2f1fd444f,NO
C26_0026,240181b3a2f966fe,NO
C26_0027,98c7fdcefd868046,NO
C26_0028,d527beafc0ed2b6f,NO
C26_0029,f9d178967c9bdbf7,NO
C26_0030,3365c72b2e708cfd,NO
C26_0031,0da26fb55ce9dbb7,NO
C26_0032,d02e3785b1512310,NO
C26_0033,0a8ff490cb6b40f5,NO
C26_0034,56cb54bc817d5239,NO
C26_0035,f637fec2716555db,NO
C26_0036,44d0652b3bef1778,NO
C26_0037,5d4ad2bdf9be2ce0,NO
C26_0038,6dea82f74a53cd91,NO
C26_0039,13b150119dd02ad4,NO
C26_0040,f5c9db18e7256ebd,NO
C26_0041,e1d6b8542b9ce06d,NO
C26_0042,406d7b5b5ac60af0,NO
C26_0043,45174bbae52ee812,NO
C26_0044,26939fb82637d72e,NO
C26_0045,a4889bfb9662c1b9,NO
C26_0046,f0c55ff9500fbbc0,NO
C26_0047,eb8b632d1acce13b,NO
C26_0048,fffdf02f1b0011e9,NO
C26_0049,7f2b7e63f5a69673,NO
C26_0050,192c5cc4a7c6b074,NO
C26_0051,d81e44833e7d7a11,NO
C26_0052,e799acf93ae90b9c,NO
C26_0053,329da1029733f456,NO
C26_0054,c3bfd2fc566b8116,NO
C26_0055,6b5d86287f45c451,NO
C26_0056,23ebca8fe65ca015,NO
C26_0057,4aaa106eb4f07cc6,NO
C26_0058,8394f6f8d622061e,NO
C26_0059,dd4a00a23c36f77d,NO
C26_0060,1404c1dd530af39e,NO
C26_0061,0624e7b91793bcde,NO
C26_0062,68cfee915e769f65,NO
C26_0063,3bfde0eb62fa78ce,NO
C26_0064,9a0b673fc9950878,NO
C26_0065,9a43e29279ac2d21,NO
C26_0066,79cd8af8aab74127,NO
C26_0067,7b13d7b1fda4d9ac,NO
C26_0068,54a52bf2830c225e,NO
C26_0069,fe434771564eb3f5,NO
C26_0070,3075facf0afa8a17,NO
C26_0071,045cb7debe421353,NO
C26_0072,d01c757826e16828,NO
C26_0073,5c4307a90663210e,NO
C26_0074,7ff9fe7c1450a3ef,NO
C26_0075,8c8cafb64c14b27b,NO
C26_0076,6cdf078f2b83a28f,NO
C26_0077,3933f1373aaaeacb,NO
C26_0078,c23716e02cc380c8,NO
C26_0079,6bf7800b1974ac79,NO
C26_0080,5470a1af4ad291d9,NO
C26_0081,a0a9eeb250a1fb02,NO
C26_0082,cd805bf977887e5c,NO
C26_0083,f3142bfbadbbe546,NO
C26_0084,2cac4e24bee814c3,NO
C26_0085,af6d208b4d5bdf57,NO
C26_0086,b81fc4a86b6d3b9d,NO
C26_0087,789151d68c5df26a,NO
C26_0088,5f39bde24e91b8b4,NO
C26_0089,7073c6f02d1309ed,NO
C26_0090,4ee0b710e96d298e,NO
C26_0091,0e65d6862dea15ac,NO
C26_0092,8d28d2f9709a0077,NO
C26_0093,a6f7b8bd00683973,NO
C26_0094,94817daabd2527b8,NO
C26_0095,e3db04a51d813df9,NO
C26_0096,7e3d16a91080b6b3,NO
C26_0097,00c6ab451781549b,NO
C26_0098,57b2c4c6cbb1566d,NO
C26_0099,4a17d6759a8daf36,NO
C26_0100,68919081483aae66,NO
C26_0101,cdb1a5f1ab92fb98,NO
C26_0102,41be1cc97fdfc02f,NO
C26_0103,140e1cd28b0d9a82,NO
C26_0104,11302e7503472620,NO
C26_0105,c9ccd6721d736936,NO
C26_0106,e48e09ad17c99974,NO
C26_0107,6c005dfe9db1ebd0,NO
C26_0108,f58989a5eb786585,NO
C26_0109,99a5e90f5952e406,NO
C26_0110,1770a5cc36c8de3e,NO
C26_0111,e82a42d48b8f1755,NO
C26_0112,054df3fba312e2fd,NO
C26_0113,30bdd4912d1735ca,NO
C26_0114,eb19c3b3ec7f889f,NO
C26_0115,32b3fd7f64a02a9a,NO
C26_0116,f3bb3e264403ad7b,NO
C26_0117,9e81e8aee9a654a4,NO
C26_0118,b9026a9c7b33fd3a,NO
C26_0119,f40ce7f9780d09c7,NO
C26_0120,367706c895c8fbfc,NO
C26_0121,9790db94e0e27b31,NO
C26_0122,e5a59771157fa070,NO
C26_0123,11b89bec9e4832da,NO
C26_0124,a90e3756a1cbe644,NO
C26_0125,95b4559c780162a3,NO
C26_0126,a8a1bd14edd450d8,NO
C26_0127,6e96a4d14879b8f8,NO
C26_0128,ad6f32e270843256,NO
C26_0129,a1a3c837a4b7cc41,NO
C26_0130,c7c66f17169580b6,NO
C26_0131,7d8e61fd66ed7713,NO
C26_0132,9f0fce5aa5acde5c,NO
C26_0133,0dd4b3da001c6067,NO
C26_0134,156ae617eef5e63f,NO
C26_0135,2ab6c488718d592d,NO
C26_0136,6e2729b838ea65e2,NO
C26_0137,6db42631cc0126c4,NO
C26_0138,9965070bf4c8d30b,NO
C26_0139,3da9de1ff6ddfa48,NO
C26_0140,58355bf9093de51a,NO
C26_0141,cbc0aeae3c835d14,NO
C26_0142,ea30841ae893ef5f,NO
C26_0143,1644b8de8814ffcd,NO
C26_0144,e8395c4c542cedeb,NO
C26_0145,d01251be79068c86,NO
C26_0146,b7409301fe1b5251,NO
C26_0147,61d11c30480a373a,NO
C26_0148,898eb37917e18561,NO
C26_0149,c23b53211d47c3af,NO
C26_0150,9717159ddd76dac6,YES
C26_0151,6c3e4d4208d73e67,NO
C26_0152,a85ef98e916894c7,NO
C26_0153,5290bbc994d0988c,NO
C26_0154,8ee48588963dbd17,NO
C26_0155,4e2b449d7aa061af,NO
C26_0156,c568b7d550dbea31,NO
C26_0157,9845ac1e3d49a014,NO
C26_0158,bab2ebf8488cc02c,NO
C26_0159,a62c5757df6590cc,NO
C26_0160,00362eb12ceb715b,NO
C26_0161,e3fb51f12360406b,NO
C26_0162,69c0fb18ef2ca0c7,NO
C26_0163,747728dd21cf014f,NO
C26_0164,fc073c3b1c2639d3,NO
C26_0165,ba075f91c1bad35d,NO
C26_0166,e5153b6c09c65c6d,NO
C26_0167,bbe770ad262329bd,NO
C26_0168,c7f6b9c01ae84e6f,NO
C26_0169,8c57334db7a6bb0e,NO
C26_0170,d03f48b14e2a6278,NO
C26_0171,ab83e1e1be01806f,NO
C26_0172,c5779a40689da1e6,NO
C26_0173,be794d2905668f52,NO
C26_0174,4471664ea17436e1,NO
C26_0175,16c0aa9e281f0336,NO
C26_0176,14d3475c6c683544,NO
C26_0177,411ffc0664e01854,NO
C26_0178,04c7035d67536256,NO
C26_0179,c478d4827eb4004f,NO
C26_0180,b382331d4bbdf549,NO
C26_0181,8540675d1cfa0717,NO
C26_0182,601176c18af449b7,NO
C26_0183,a315d1562d46c369,NO
C26_0184,d0c3dd5ca832c048,NO
C26_0185,d385f4e5f1e0ce82,NO
C26_0186,767aaf83c531a5a5,NO
C26_0187,615849bb0e1fdd94,NO
C26_0188,b0544f10684bf370,NO
C26_0189,bf04e0aa09657069,NO
C26_0190,e4a47c7b74745fa5,NO
C26_0191,d9f9e8e4834f1bfd,NO
C26_0192,d11a261d363fffdd,NO
C26_0193,acaa276afb3553d7,NO
C26_0194,24f854c664b43855,NO
C26_0195,c0f73cc429b4c0e1,NO
C26_0196,869f8b579599698f,NO
C26_0197,de727756d63c2967,NO
C26_0198,b8f5cb5d63c7a8a8,NO
C26_0199,9f6c8623b1f502f8,NO
C26_0200,4ddbae5dc69170e1,NO
C26_0201,e6f1579b67e9a98a,NO
C26_0202,5e7c877a055ab1f2,NO
C26_0203,00ad1a5d9c10c6ef,NO
C26_0204,4831e499beb23a2a,NO
C26_0205,71cf747c58ef35aa,NO
C26_0206,1ef3ee3a6891ee31,NO
C26_0207,62c0cdec0b0c4853,NO
C26_0208,f27f1507041c99fe,NO
C26_0209,91123a6c8bc852db,NO
C26_0210,cdcf996f11554c3e,NO
C26_0211,c45826ae02c62a91,NO
C26_0212,d46e8b2cefa598d6,NO
C26_0213,57757e658e0c4977,NO
C26_0214,e709b723545e0f12,NO
C26_0215,40a78df1ca8a5690,NO
C26_0216,169f2302ec8232bf,NO
C26_0217,320b90f7f7c735b1,NO
C26_0218,792c958481a64a9f,NO
C26_0219,9c20c493c7505d37,NO
C26_0220,3ecb0b737142c5f1,NO
C26_0221,25efebed79dfccdf,NO
C26_0222,36b4ae41f760d74f,NO
C26_0223,ca2dd99036792ce9,NO
C26_0224,a409ca792eea0232,NO
C26_0225,fe222245d3bfbc6d,NO
C26_0226,4367ad2b7af149e4,NO
C26_0227,e0f3cf62dc8e347b,NO
C26_0228,d14aca5084bc5613,NO
C26_0229,c698ffa7440337d1,NO
C26_0230,663ab9ca73427ad8,NO
C26_0231,3cd8d4915bc2eef9,NO
C26_0232,fe4e36f2ea5e2e89,NO
C26_0233,0722fe22fa4a9317,NO
C26_0234,dcd265c04db7f12b,NO
C26_0235,5d5081d1cdc13d13,NO
C26_0236,06d9c96d0799065e,NO
C26_0237,9bc568caf12161ce,NO
C26_0238,9148f7f8fa0b4280,NO
C26_0239,956b48f34472df70,NO
C26_0240,0634a5818477592c,NO
C26_0241,288de4541f7790cb,NO
C26_0242,6071722ad6c9be31,NO
C26_0243,e82a35393bdb8266,NO
C26_0244,0a5b7c5169adbeb2,NO
C26_0245,c35cc56efc1bec74,NO
C26_0246,ed4d2d85ec872fc9,NO
C26_0247,19c60ca7607ea6e6,NO
C26_0248,32f266207bc9ffc9,NO
C26_0249,7182d2c8a242d97a,NO
C26_0250,42f2edd3e3d8b17f,NO
C26_0251,fa0d0c1bfd93eb5e,NO
C26_0252,e9f140669a9efa3e,NO
C26_0253,972f072c9e7eec11,NO
C26_0254,043da65527c62126,NO
C26_0255,29deedb0a9acddf2,NO
C26_0256,fcd4620f4231ac1c,NO
C26_0257,9ad12957ea4e01ab,NO
C26_0258,79d428293a7696b9,NO
C26_0259,51b80086517de751,NO
C26_0260,8fc215a4a1ac3890,NO
C26_0261,8be27b59aa1a61e3,NO
C26_0262,88745d7154128e32,NO
C26_0263,bae2a677b985bfce,NO
C26_0264,d8822d9cde2fd897,NO
C26_0265,ad84ea076a1b4df2,NO
C26_0266,ccc2aa1c17984f29,NO
C26_0267,e85244d6bdf0ad74,NO
C26_0268,aa662360e2e1ac26,NO
C26_0269,65203a2c3270675e,NO
C26_0270,9fe5db9bc3754874,NO
C26_0271,0b3be79bee8b1821,NO
C26_0272,902a3e2d9b5f987f,NO
C26_0273,5b2c0801036443b4,NO
C26_0274,36c457780c0de801,NO
C26_0275,8b4cb80ebe0825c0,NO
C26_0276,7285e1ebd9b77d3f,NO
C26_0277,5889f4aa886e552b,NO
C26_0278,875be4b38555a93a,NO
C26_0279,4b6574079abfac1f,NO
C26_0280,8e1f68e4d64b2617,NO
C26_0281,9dee91dec1824d3e,NO
C26_0282,76c3b68a4d4172f0,NO
C26_0283,afe6e8bf52ddba92,NO
C26_0284,c8e8d033549bd27a,NO
C26_0285,bc945916c03c8e48,NO
C26_0286,07926f899526e7b4,NO
C26_0287,ddeab2068f45e5d5,NO
C26_0288,f0f75137c96b0e53,NO
C26_0289,878f3974c475f45c,NO
C26_0290,1d88c6bf7a341eac,NO
C26_0291,19ccb9cbf47a8630,NO
C26_0292,a35df3dd2aca47f0,NO
C26_0293,1013dd5ddb863afe,NO
C26_0294,660c38ef0e0f4e85,NO
C26_0295,963f188a7d647dde,NO
C26_0296,48b93738318b0a6e,NO
C26_0297,61390143ae226569,NO
C26_0298,d796c0a2fd727865,NO
C26_0299,85ea13cc5e6ced5c,NO
C26_0300,ac9feadd908cf7ae,YES
C26_0301,b60fd5966b0e6721,NO
C26_0302,298083126c3f5ca2,NO
C26_0303,af8dad96ea39e43b,NO
C26_0304,6be656298aa64f62,NO
C26_0305,073694334d10ee6e,NO
C26_0306,50d48d9592db146c,NO
C26_0307,e3b779b44cdad91f,NO
C26_0308,32ad3d508266df87,NO
C26_0309,d232d0184c99664a,NO
C26_0310,479548ecc06191ac,NO
C26_0311,2a64a33cf2947fae,NO
C26_0312,29f693270ed8d513,NO
C26_0313,3216181fe10a5249,NO
C26_0314,e5d83d55bb84de17,NO
C26_0315,8521a6df2250a8a3,NO
C26_0316,af626edb63792dc9,NO
C26_0317,8838f2569294a3d5,NO
C26_0318,0ef512df3cff53d3,NO
C26_0319,5959ad9b32da5cd9,NO
C26_0320,864538f717e58b2a,NO
C26_0321,49de0caf3ac271e3,NO
C26_0322,d680c40b1ef1bba1,NO
C26_0323,d5e8ce9a7ffd0df8,NO
C26_0324,7bbd575d64b91c56,NO
C26_0325,bba7dc5e7c5f2ad2,NO
C26_0326,74187f8646d90223,NO
C26_0327,cbfd5ce578a63bd0,NO
C26_0328,40230fa17f4de506,NO
C26_0329,7cd9f886ba690741,NO
C26_0330,bff87f66e2861f4e,NO
C26_0331,180d4bf11d595217,NO
C26_0332,5f8abcc014e191f4,NO
C26_0333,8e5448596dc9c94a,NO
C26_0334,933ec1f9855959d1,NO
C26_0335,db7ed7c486ce49a6,NO
C26_0336,7428e323b45f3501,NO
C26_0337,e44c0282702b9519,NO
C26_0338,ad0a0a601b4b3e74,NO
C26_0339,538414884af50510,NO
C26_0340,6570900e02286daa,NO
C26_0341,92e0cb2bf9199e11,NO
C26_0342,7720dc322c500714,NO
C26_0343,ea35077aec231f57,NO
C26_0344,a15a25ba7afd6acc,NO
C26_0345,1cfd4c59e2e316e8,NO
C26_0346,cd070e7e4582af17,NO
C26_0347,d8652fcf1b723c65,NO
C26_0348,71fc68a9ac7a5ebe,NO
C26_0349,24d09e88a21a77c1,NO
C26_0350,952d1f1ef06424b1,NO
C26_0351,55564e105f9a75a0,NO
C26_0352,58fe0ef6da8daf36,NO
C26_0353,f501026dbfb8c1b0,NO
C26_0354,4de8e3d239bd8dfb,NO
C26_0355,9cd0095041d466c8,NO
C26_0356,382a6f33f155a34c,NO
C26_0357,c1571cf381307b64,NO
C26_0358,76772e92c3b17c69,NO
C26_0359,7c88c3103cfff295,NO
C26_0360,a30096ec228391eb,NO
C26_0361,30d9c55df9126cce,NO
C26_0362,0fa1512c10ce6064,NO
C26_0363,6ecfc4298265ecf1,NO
C26_0364,e23c1a146753b9f8,NO
C26_0365,77982b1d8cb971ec,NO
C26_0366,7072019a947abc94,NO
C26_0367,917aa8adcbdf1325,NO
C26_0368,f12738bc5009cfd6,NO
C26_0369,600c0e403bbfca44,NO
C26_0370,b53aaf707ef23366,NO
C26_0371,8d3779d193a2dc5b,NO
C26_0372,17c8bdd269f04f74,NO
C26_0373,c0f0de4b91e51714,NO
C26_0374,c407cddd557bd4d4,NO
C26_0375,4e3471b58162b8b7,NO
C26_0376,40d0c0a15ca29ebc,NO
C26_0377,efb3ac680ced9f1e,NO
C26_0378,86c023a14b89e622,NO
C26_0379,fe37a650fb7a1fd8,NO
C26_0380,38ce3ae01282dc35,NO
C26_0381,553e4317d6a50712,NO
C26_0382,2f91d190e46c129d,NO
C26_0383,102cbdaa27977972,NO
C26_0384,a042c56635c25477,NO
C26_0385,4381b00d774e8ae7,NO
C26_0386,790fbf0b964cc03b,NO
C26_0387,ba0d80483aed0650,NO
C26_0388,630a20dcb16f1921,NO
C26_0389,da5b067396695245,NO
C26_0390,08745f2670758334,NO
C26_0391,df86a75c0ec3ec53,NO
C26_0392,626d55ab61d47d5c,NO
C26_0393,a1e63ab6bf289b26,NO
C26_0394,400401df08184c18,NO
C26_0395,5591a2cba8c6a837,NO
C26_0396,bfc33f3902cc909b,NO
C26_0397,c5ad144121c5c53f,NO
C26_0398,e61a41ad9f5f8819,NO
C26_0399,dbd02500c41154e4,NO
C26_0400,80785006098cc830,NO
C26_0401,ab5583900c69e475,NO
C26_0402,1ce969ad60878f72,NO
C26_0403,8534c53c890fed82,NO
C26_0404,a053d84c6ca27d67,NO
C26_0405,621c16149d0271c2,NO
C26_0406,98397a9e66cd21eb,NO
C26_0407,6b7630dbd147cd05,NO
C26_0408,9e085231790456d5,NO
C26_0409,58b4ce3aed951c86,NO
C26_0410,1b4068e6a70bbc87,NO
C26_0411,8e4830f5cfc196f8,NO
C26_0412,5cc914088aa4307c,NO
C26_0413,fafd71f69d640912,NO
C26_0414,c38f56af0092d426,NO
C26_0415,e97613cf53958180,NO
C26_0416,c1ed42188a9b6a04,NO
C26_0417,80852575b0956a02,NO
C26_0418,a712b404faf86fb9,NO
C26_0419,6a44e3826239a430,NO
C26_0420,9fddd810598a61f1,NO
C26_0421,e6582a80801f0d4e,NO
C26_0422,49e1f2ccc5a60a11,NO
C26_0423,8c64a75d083d4306,NO
C26_0424,25628648650441a3,NO
C26_0425,5f474f166974a8e6,NO
C26_0426,ccacc77acf82653b,NO
C26_0427,1f5f740e54038088,NO
C26_0428,2a5bf62682472136,NO
C26_0429,6d7cd6c61b792d7d,NO
C26_0430,7b3c1c47e49b6100,NO
C26_0431,ad5dd0c76e25fd71,NO
C26_0432,f9121c5423b95f7d,NO
C26_0433,cfcef5fff941486c,NO
C26_0434,afee2ec7439d4a86,NO
C26_0435,912f78702457a765,NO
C26_0436,de8cdef7989767a7,NO
C26_0437,a4e69ad9b2760ad7,NO
C26_0438,89cc6b8ad0cf36c3,NO
C26_0439,e147c0a659e26637,NO
C26_0440,4825daff41d91b41,NO
C26_0441,6ec82dc741b7908c,NO
C26_0442,051b03aa94048657,NO
C26_0443,6bd8e352949bbc7e,NO
C26_0444,56ae3aec30c8d5e1,NO
C26_0445,385b8776ec95e5fa,NO
C26_0446,2f91767a073b39be,NO
C26_0447,5312d0d2b7710ca0,NO
C26_0448,50e1a791911408ab,NO
C26_0449,59db66603d30ee3a,NO
C26_0450,d924de9bd7f5114f,YES
C26_0451,2a0231ca73fd3227,NO
C26_0452,ff8fa09a34095c95,NO
C26_0453,a6350fa0759a8301,NO
C26_0454,f6a3343d08fe6f69,NO
C26_0455,b01a852bd45aa124,NO
C26_0456,6b5a4573cb3bf00e,NO
C26_0457,03c5c9f132ff735d,NO
C26_0458,e2b84014abc7d2a9,NO
C26_0459,16036e73a2cfffd8,NO
C26_0460,0238b32b58f2b39e,NO
C26_0461,5ec0dad5a9b284ea,NO
C26_0462,8094229a3b9e2a06,NO
C26_0463,e1fc4d023deea7c2,NO
C26_0464,07fff538058689b0,NO
C26_0465,0488e1511cab31ea,NO
C26_0466,161d11895bfc2e7e,NO
C26_0467,f0b3a9b4a71122ba,NO
C26_0468,4c536fc4e6ddad43,NO
C26_0469,bdbff9dbc80901a4,NO
C26_0470,05fb6bc4975057a9,NO
C26_0471,7fd1ca4916c1228b,NO
C26_0472,05a263b0d30d44a0,NO
C26_0473,7de8555cc43d7ba5,NO
C26_0474,7bc99cfae64f8bb4,NO
C26_0475,5cbd390f9125a74a,NO
C26_0476,aa923058728ab09d,NO
C26_0477,8eab48181120f1ca,NO
C26_0478,c0d5b9b4319c52f2,NO
C26_0479,06721d76174e0433,NO
C26_0480,72c7fcb5348ecbff,NO
C26_0481,9ae3737f708ea204,NO
C26_0482,65f0ab45c4b6ee03,NO
C26_0483,d9f3a87a3debb180,NO
C26_0484,f6fed105c7fe0518,NO
C26_0485,9047b1313307665d,NO
C26_0486,dc489d0ab9ea9740,NO
C26_0487,849c8837883bf868,NO
C26_0488,eec1cd0ed644db25,NO
C26_0489,1b7855b58a060a3e,NO
C26_0490,b21d2bddb4cb3fba,NO
C26_0491,e9e74a365d37f7bf,NO
C26_0492,a05d732cc1959ef2,NO
C26_0493,34ba2e59c79c113a,NO
C26_0494,7d56e8676e8c23bb,NO
C26_0495,25181488268212a9,NO
C26_0496,7b6332fef9bd332d,NO
C26_0497,6c0f20f8160cd3ac,NO
C26_0498,ddf75050dae5e813,NO
C26_0499,3baacb6cf153bf50,NO
C26_0500,670887cf88fe8fb1,NO
C26_0501,6a60f50f2fd2d645,NO
C26_0502,8a861dc1a444ce76,NO
C26_0503,d6c45a3179317b6d,NO
C26_0504,27a0642a0ce46a5d,NO
C26_0505,6e9f002bc79658cf,NO
C26_0506,72443272ed5cbff5,NO
C26_0507,1c73f0f10d74c3bf,NO
C26_0508,e09bb4b319b686a2,NO
C26_0509,81336c1fd9b706f0,NO
C26_0510,cdc4fb38861e0a2f,NO
C26_0511,95c01445cfa22d67,NO
C26_0512,f8fff7493f30181a,NO
C26_0513,0e1fa047f425d935,NO
C26_0514,6a0794ac23606b89,NO
C26_0515,0f109f391cc0593d,NO
C26_0516,dae3acd3a8df9e66,NO
C26_0517,1d92ad84a05c865c,NO
C26_0518,09d65b7064dace41,NO
C26_0519,c0ebed6e2a277e96,NO
C26_0520,7a89524fdee1a736,NO
C26_0521,d28611a47fd3db29,NO
C26_0522,d96f9706410900f7,NO
C26_0523,e3674a98b10f9bbd,NO
C26_0524,e14f5ba6f79d8cf1,NO
C26_0525,87a3f7eb083b1793,NO
C26_0526,106f9142f49fb744,NO
C26_0527,ac9acc637fee2640,NO
C26_0528,f3368d26858c0b2b,NO
C26_0529,fa4e80a0fa72d398,NO
C26_0530,b42fd770aea88fe8,NO
C26_0531,dd0252abd453c8e6,NO
C26_0532,d6294985c396d67a,NO
C26_0533,ea07ad4951adb746,NO
C26_0534,2ca59880760b6ba2,NO
C26_0535,1527360d57d5324c,NO
C26_0536,3cee911543abd11d,NO
C26_0537,b3511c957754c27b,NO
C26_0538,0f4418eef553e7c9,NO
C26_0539,43344c15dd494ec3,NO
C26_0540,ecde4f2e51fde766,NO
C26_0541,fa17e9c78f30ca3c,NO
C26_0542,1d84557d5daa5de4,NO
C26_0543,30a827daaed05696,NO
C26_0544,d6b60a0404231bbb,NO
C26_0545,09768eb11aa883d9,NO
C26_0546,050e7abd464754c6,NO
C26_0547,b02275f9aaf67f27,NO
C26_0548,400165d3d934eabc,NO
C26_0549,d9f3725dabbcb703,NO
C26_0550,17b780afd82d7053,NO
C26_0551,93c29564d87c7240,NO
C26_0552,993296327712e2e5,NO
C26_0553,89dc774d81849efd,NO
C26_0554,dee5347c12262f9a,NO
C26_0555,fadc40ae67e778f3,NO
C26_0556,9329be500fee32ff,NO
C26_0557,f6c609012a1066c5,NO
C26_0558,6c8c77965e1fec68,NO
C26_0559,c1526afb132d9a5b,NO
C26_0560,28d14a8975bf7382,NO
C26_0561,644e74d8aab1bb73,NO
C26_0562,3207354286854dd1,NO
C26_0563,bee6a76fad46421e,NO
C26_0564,870278f0bb052e35,NO
C26_0565,8705f0cbad76e5d7,NO
C26_0566,4480920ffb67e40c,NO
C26_0567,758a1aa5a20c5d91,NO
C26_0568,0f42cf7434536c2b,NO
C26_0569,59c86b8f04383ab2,NO
C26_0570,c7182d4f9e9bc57d,NO
C26_0571,326f766f5fe61bfd,NO
C26_0572,89474a2614a410f4,NO
C26_0573,e757d59fa2a107a3,NO
C26_0574,a051c4814e7eac7e,NO
C26_0575,54eec7d10fff1c1d,NO
C26_0576,3048364359114cc0,NO
C26_0577,98bd1fda85a5c36d,NO
C26_0578,ac82f7ac9d91f4b0,NO
C26_0579,5a2a33dd7b4afe09,NO
C26_0580,679f809919c457d4,NO
C26_0581,974c9bc3dfe92352,NO
C26_0582,51438102be8f93e4,NO
C26_0583,bd63197e5fab955d,NO
C26_0584,d0d977c89391d844,NO
C26_0585,a0066db4ae0b2a85,NO
C26_0586,cb80823ebac82b72,NO
C26_0587,3e376bff963e4b6c,NO
C26_0588,99245f6cb1bdab9c,NO
C26_0589,1a81485c8bd2f173,NO
C26_0590,61ff37698b0f47eb,NO
C26_0591,6096f7519c59b4fe,NO
C26_0592,1511ade1c493ae23,NO
C26_0593,4134d047d090707a,NO
C26_0594,81c47292146fc5c8,NO
C26_0595,0979079bdc52dac5,NO
C26_0596,8625e790827841e7,NO
C26_0597,de2f1a1d5dbd4920,NO
C26_0598,2c35343ba14e6422,NO
C26_0599,3785f012ee610bf9,NO
C26_0600,a73a4350bcd61053,YES
C26_0601,72c2542895556809,NO
C26_0602,57845fe7f21a63a1,NO
C26_0603,35c6da0eb1295e4c,NO
C26_0604,69a358419497fa5c,NO
C26_0605,a7ca5264d02a84fb,NO
C26_0606,8f4da252ceb00ed7,NO
C26_0607,3aa8fc756f1361ce,NO
C26_0608,907eab71d906607f,NO
C26_0609,d7390541f0797a7b,NO
C26_0610,1ecf84d96d65404b,NO
C26_0611,56ca43976a0489c5,NO
C26_0612,5825ebea8b59dc21,NO
C26_0613,2d92b008cfe29988,NO
C26_0614,0800066db9521ebc,NO
C26_0615,10830f6b24867bb6,NO
C26_0616,ad23a98f8e234c15,NO
C26_0617,a2f1cd533c0ea53f,NO
C26_0618,85400237587a6d75,NO
C26_0619,b9773b4819dcba5f,NO
C26_0620,efbca7b7b7cb9087,NO
C26_0621,671f5cc9e405c9be,NO
C26_0622,ef2a229b888e678d,NO
C26_0623,b02876ef746b720a,NO
C26_0624,a0c7f9a80d2cb66d,NO
C26_0625,9ca285353fc6612c,NO
C26_0626,b635c6a254eed0f8,NO
C26_0627,a6c993f5c392591e,NO
C26_0628,43a7066649c0786b,NO
C26_0629,c14a8d8b8a4ac110,NO
C26_0630,2b4941455e0975bd,NO
C26_0631,381d23d6afdde6bf,NO
C26_0632,ae54d722d0f5548f,NO
C26_0633,62476cd713cb56f5,NO
C26_0634,8c05837a3e58b075,NO
C26_0635,66d4fd88038f8ab6,NO
C26_0636,e63db57acc519a76,NO
C26_0637,2eb361338338a48c,NO
C26_0638,f35d8c9dc550e32b,NO
C26_0639,61566c689798fd6d,NO
C26_0640,501c86b7623c726f,NO
C26_0641,535b747eff90c876,NO
C26_0642,4a2c6821f7c58c47,NO
C26_0643,de1ad16b5de138ad,NO
C26_0644,3942299b38fa4ff7,NO
C26_0645,ab5016946277e27b,NO
C26_0646,19cb39f5c86bb39e,NO
C26_0647,d857bc4f757872d8,NO
C26_0648,614d319f690d44cb,NO
C26_0649,da8ce867705dd344,NO
C26_0650,52971bbdd9f6b272,NO
C26_0651,0d35548a0406b909,NO
C26_0652,f50797df847519d3,NO
C26_0653,1aac6e304269d21c,NO
C26_0654,c290c087adc6071b,NO
C26_0655,8d9a91a7a5a742d5,NO
C26_0656,3b349022f3137c37,NO
C26_0657,b28fe34b45adf831,NO
C26_0658,d8d07e5bc25abbc1,NO
C26_0659,c380a9650d4a4cb4,NO
C26_0660,d4fe1a4f3beb9cd3,NO
C26_0661,4eb2311a49f96382,NO
C26_0662,914cc1c9f636713a,NO
C26_0663,3d8a5088304af699,NO
C26_0664,16c28e4448d00802,NO
C26_0665,9709e6d2b6aabe8c,NO
C26_0666,bc9d5cf952352868,NO
C26_0667,043770e6f514d66b,NO
C26_0668,0af32e0b99447cca,NO
C26_0669,ac285beee409cbf7,NO
C26_0670,9f198129e6e4da7a,NO
C26_0671,54db1eb48f52664d,NO
C26_0672,07b89a352daee63e,NO
C26_0673,ff6bebc6db329178,NO
C26_0674,359f53cc52a9817a,NO
C26_0675,92077bbdfee30a9d,NO
C26_0676,ecc2e5195fb07235,NO
C26_0677,d514b1e5684905bf,NO
C26_0678,9cd091eebbd19cfe,NO
C26_0679,c4822e0465041b53,NO
C26_0680,43cf0def47526f0c,NO
C26_0681,26b0bffb7f80567b,NO
C26_0682,76a559ad23bab3bf,NO
C26_0683,09e35942264e2cd1,NO
C26_0684,06bc8162dab2943d,NO
C26_0685,afaa636234142f1c,NO
C26_0686,03a34b274700b49a,NO
C26_0687,dec7770eb781fd67,NO
C26_0688,779890523a9288af,NO
C26_0689,aa9f7eedb34960f4,NO
C26_0690,ff6a9d8af775a438,NO
C26_0691,87ca6182acf66a14,NO
C26_0692,86889eac031a4554,NO
C26_0693,68371c93f8f58e54,NO
C26_0694,681e89257dc78c0d,NO
C26_0695,c1ed6208aaea0ebd,NO
C26_0696,659ea8cb1d99d04f,NO
C26_0697,3ab3d37eb8a0314c,NO
C26_0698,393297c039f8c6a0,NO
C26_0699,a3c976e41dc6d0ab,NO
C26_0700,f99a75c2cde3176a,NO
C26_0701,514ef97f50771b99,NO
C26_0702,450e0c7423c4b167,NO
C26_0703,6fd7a53cd1a22234,NO
C26_0704,a3309b912afb07bb,NO
C26_0705,c016fc8e8c40b633,NO
C26_0706,577adc2afd3c35bd,NO
C26_0707,516a5e1ba3c27a49,NO
C26_0708,34e64cbad3bed50a,NO
C26_0709,24404fb6b478c626,NO
C26_0710,47f36640d2cbc752,NO
C26_0711,95baa149c7a9848b,NO
C26_0712,47c4bd283eacf945,NO
C26_0713,a0121570ae6da83c,NO
C26_0714,ba152b45e175e248,NO
C26_0715,fc6616d3e04acd0e,NO
C26_0716,18464687210c0036,NO
C26_0717,45975c45b061e0e0,NO
C26_0718,a1b55eac4dd16a08,NO
C26_0719,afa1af592135204e,NO
C26_0720,2f141a409028fe6d,NO
C26_0721,677d790e84e869a5,NO
C26_0722,e07c600748a0931d,NO
C26_0723,87a3eb76047f5f7a,NO
C26_0724,2a994c577f9e520e,NO
C26_0725,6c41fcdc208d9635,NO
C26_0726,5e17d83acbb78414,NO
C26_0727,d16db6af67e54243,NO
C26_0728,7013361539c98526,NO
C26_0729,a0d55ef41859ca0c,NO
C26_0730,16617ff0fe40b695,NO
C26_0731,68778e2a826a1773,NO
C26_0732,8097fba2361c5ca6,NO
C26_0733,d37127fdfdd50eb4,NO
C26_0734,cffba0fa4e433f75,NO
C26_0735,975f3676328a47dc,NO
C26_0736,5800ef25df277187,NO
C26_0737,1c66e5c3c8d00822,NO
C26_0738,406f8f80f5fd7889,NO
C26_0739,b6f050a1f3f162ac,NO
C26_0740,705a619ff967ec34,NO
C26_0741,64c2bb5830d2a9b1,NO
C26_0742,653f2cde55763557,NO
C26_0743,c06d0fd27da68ca0,NO
C26_0744,4e3c17b890284f5c,NO
C26_0745,1c27f18c51bf7553,NO
C26_0746,d99c2133f1ecde88,NO
C26_0747,a760a28ad68c271b,NO
C26_0748,b9a3e75f37f79237,NO
C26_0749,c4014703044207cc,NO
C26_0750,3d09e67aca1ea103,YES
C26_0751,955767e8f5b5265b,NO
C26_0752,b7f4dbcca171997b,NO
C26_0753,897978b0dfd88445,NO
C26_0754,12ac8a2c5d9524d4,NO
C26_0755,5655c11cb0b1ec6d,NO
C26_0756,9ba87a5d4fe64f84,NO
C26_0757,5a35c3474b41cf70,NO
C26_0758,2e86b14ad0526e65,NO
C26_0759,397d08cda76e2458,NO
C26_0760,7971af6f2edb3d41,NO
C26_0761,ddda2c50ac48d93b,NO
C26_0762,f2e55d75a7105e03,NO
C26_0763,51cefe303a63ab83,NO
C26_0764,fc054512b3904c2a,NO
C26_0765,d4f0e50178e2911c,NO
C26_0766,40d509c12ce7ac4b,NO
C26_0767,f2c998c2d6ff4242,NO
C26_0768,b463b99859786e46,NO
C26_0769,ef0d24232977ac3b,NO
C26_0770,79ebd806e317d2c0,NO
C26_0771,ccd1c55882f8fb93,NO
C26_0772,8c4a71f20a26e2f6,NO
C26_0773,fbf08964ae6af9fa,NO
C26_0774,8babf8adacd01f4a,NO
C26_0775,54c442d4004c36a4,NO
C26_0776,d20b285386f9a78c,NO
C26_0777,3495826ed02416a0,NO
C26_0778,ac2dbc87aaa56937,NO
C26_0779,fc06c4fe96b24601,NO
C26_0780,e4af7db3fc450fdc,NO
C26_0781,1e3de614ec696d92,NO
C26_0782,43637cc48ab38b12,NO
C26_0783,350c5f452d00b56e,NO
C26_0784,2c8514f5d8be442b,NO
C26_0785,50091a72e8c697e3,NO
C26_0786,8a65dfd258a59005,NO
C26_0787,df2b18383aa6c419,NO
C26_0788,bcae889d524b0a15,NO
C26_0789,771b77c23cf91bf2,NO
C26_0790,7f0f3cbcd674df95,NO
C26_0791,2cdf5dccb2792e78,NO
C26_0792,4bce40c353c61936,NO
C26_0793,5f44663c3f089610,NO
C26_0794,36fdd3466252a4d0,NO
C26_0795,97d7ed339b83a620,NO
C26_0796,300af498064dde4b,NO
C26_0797,fd46a5d1f2a2334d,NO
C26_0798,10a9c240badfbb1e,NO
C26_0799,7bbf256867623fcc,NO
C26_0800,17a002f070b9ea30,NO
C26_0801,bf45c68db8f9f373,NO
C26_0802,468feeacc2f3fbc2,NO
C26_0803,6b381725264d3aba,NO
C26_0804,308fcfce7da12786,NO
C26_0805,b87f00835944cb86,NO
C26_0806,a3829f3e21f2b73a,NO
C26_0807,c5df5719cd40a344,NO
C26_0808,310246ee0d350995,NO
C26_0809,6036f48f4644b765,NO
C26_0810,fa73caa25dc046e8,NO
C26_0811,d7b18461d7f14f4d,NO
C26_0812,fe7c93a1db4f559b,NO
C26_0813,87cb8067d97b4f8f,NO
C26_0814,a307ea8797411abf,NO
C26_0815,5e8b5079803cad57,NO
C26_0816,f117404ed8f43263,NO
C26_0817,aa70ccbe4c6b8704,NO
C26_0818,22df132fbc4c0157,NO
C26_0819,812913d363447699,NO
C26_0820,f01b4e83c76db8ea,NO
C26_0821,1efcc9709a3c3c12,NO
C26_0822,b94fd17d935c32e7,NO
C26_0823,afe0eb6eebf1892f,NO
C26_0824,c079130170c5bdc9,NO
C26_0825,e5ee309002db512d,NO
C26_0826,cf6617496e945f63,NO
C26_0827,ebcf6d64e5a315c2,NO
C26_0828,8df7e2c30e0940c5,NO
C26_0829,3955c3d7a09155d4,NO
C26_0830,0ee543d8418b7e77,NO
C26_0831,aeca44e297c2fb49,NO
C26_0832,cec475af7d59e91b,NO
C26_0833,3299af062e7faa66,NO
C26_0834,72d97a665381a696,NO
C26_0835,61650a7c2b70b3cc,NO
C26_0836,e0032145eade8130,NO
C26_0837,22e127c76402dd03,NO
C26_0838,a94ad3e0ce312d75,NO
C26_0839,b5d7b7ae9957074f,NO
C26_0840,16919e4333321987,NO
C26_0841,8d11a394184040d5,NO
C26_0842,ab0feb3688edeb3d,NO
C26_0843,0cc1c7824665b988,NO
C26_0844,e3594977ffb21adc,NO
C26_0845,69c1a4351e3e7597,NO
C26_0846,9467878b037f4fb9,NO
C26_0847,bf93b511f090273d,NO
C26_0848,54e4e135733a6d6b,NO
C26_0849,80a266801f064300,NO
C26_0850,037f37c81f9486f9,NO
C26_0851,ea4f1003c8813ae0,NO
C26_0852,b7f0255c69d38a0b,NO
C26_0853,895492afc94b7bb0,NO
C26_0854,9dc4e3b960ec7b12,NO
C26_0855,cbc6ebc425917635,NO
C26_0856,830329b2d1ef5073,NO
C26_0857,0a6dc78851868bbf,NO
C26_0858,4d0787fe92798716,NO
C26_0859,d95bc3c9e87bda62,NO
C26_0860,fa5cfe7bc66e2f9d,NO
C26_0861,ae48bc18a77f3654,NO
C26_0862,dfd634d282851c65,NO
C26_0863,1ea8f25a8fa1ed7a,NO
C26_0864,df39f8f4b4f83ea7,NO
C26_0865,a420dd2ffa38c45b,NO
C26_0866,9bbe4bfde583f4c7,NO
C26_0867,b2c9bbcc2e07befb,NO
C26_0868,3b5ad5d6c1b1cc49,NO
C26_0869,da6b483d7fa76e92,NO
C26_0870,4236287cd2004802,NO
C26_0871,8e1a7c0f27279b64,NO
C26_0872,e00439a9c341e708,NO
C26_0873,67a599c3d0498fed,NO
C26_0874,c9f9aef0d9802571,NO
C26_0875,f8aec0102ea1346b,NO
C26_0876,c14b296af3a1fb52,NO
C26_0877,19f060e3146766fc,NO
C26_0878,b4629c3cc6ff3e2a,NO
C26_0879,0aefdd1c7b6d5937,NO
C26_0880,b6ed9ca1e8f90858,NO
C26_0881,44f1010e95ee7903,NO
C26_0882,278a32f5e29523da,NO
C26_0883,d1157e63d0715e81,NO
C26_0884,af1cd28b2cfd69bc,NO
C26_0885,42aef5120d6235ad,NO
C26_0886,731616d6f74e83b9,NO
C26_0887,d0f88043c0486a03,NO
C26_0888,46dd73dda9f42b74,NO
C26_0889,51e72e36a08e0c4d,NO
C26_0890,3e847753077c69b3,NO
C26_0891,4b12babd2ed700fb,NO
C26_0892,3fd3ad9298ab85f3,NO
C26_0893,156447ac0d16fa26,NO
C26_0894,f2778de5411ecb2b,NO
C26_0895,6a1c0b6b4c501f72,NO
C26_0896,ef2afa33d113fe96,NO
C26_0897,5fa6164e1346a189,NO
C26_0898,5a9367b96053ab71,NO
C26_0899,2a6d6d70272059bb,NO
C26_0900,0a3833b6b8e96c1c,YES
C26_0901,06815f8f0dfdd608,NO
C26_0902,db904cbc9c19529f,NO
C26_0903,60fbdb8ef027cd5c,NO
C26_0904,ba6207032fa0be17,NO
C26_0905,78f68714908aa7fe,NO
C26_0906,fbc50d06556751e2,NO
C26_0907,919c46394a0c5f59,NO
C26_0908,753148684a058a27,NO
C26_0909,493695000f478e3e,NO
C26_0910,2d79558bc4f3b0be,NO
C26_0911,a9cf55c886ca2f42,NO
C26_0912,719ce93aa6fae9ae,NO
C26_0913,6b7de65874298a8b,NO
C26_0914,28fb42a65c0274b4,NO
C26_0915,d3e6c27505492fcd,NO
C26_0916,ce9e18946c08ae39,NO
C26_0917,6c356b4a1df65f93,NO
C26_0918,56b7d7e6da74b208,NO
C26_0919,8e5be624d817efb2,NO
C26_0920,127c25a1255e9c78,NO
C26_0921,82645d848b665d35,NO
C26_0922,2930d7eaeccdae84,NO
C26_0923,27c12a03128462eb,NO
C26_0924,71cba3bdcd2f9726,NO
C26_0925,8ffa5c82097c2c05,NO
C26_0926,f33bfe879d456fbc,NO
C26_0927,5d5b2b29a7798485,NO
C26_0928,b210f24e2a56b31f,NO
C26_0929,3c793d9f8e671f74,NO
C26_0930,78491da34acda5f4,NO
C26_0931,a694cb82fb438c4e,NO
C26_0932,75fedce40fea64dd,NO
C26_0933,6d7af7273231563f,NO
C26_0934,6a09e39eace022a0,NO
C26_0935,b08b522a68b3cf22,NO
C26_0936,300b3719bf6ebca3,NO
C26_0937,0e8fd254ba24cc45,NO
C26_0938,994f5a64d93959a4,NO
C26_0939,450bf51ffcc9be1c,NO
C26_0940,3240fa89fe6f6fa2,NO
C26_0941,31bd622f00cb2e5b,NO
C26_0942,24ee7aa22f086902,NO
C26_0943,cde68a79f84d2de9,NO
C26_0944,c26b8e7c6dfc6ba8,NO
C26_0945,cc416cf973386a97,NO
C26_0946,2b7d55c02d6d94d6,NO
C26_0947,b67b9675681f9465,NO
C26_0948,82778f22e87ec5f4,NO
C26_0949,ef717f654ed2b68a,NO
C26_0950,26a79feed25aed6c,NO
C26_0951,48c27b4e8c9cd5ee,NO
C26_0952,3464634a90503289,NO
C26_0953,9a0f44166abd1c7e,NO
C26_0954,14261abc08c8c7b9,NO
C26_0955,1729c5a1278b5d31,NO
C26_0956,d604f549db383f12,NO
C26_0957,3cfa5991c3fe1f7a,NO
C26_0958,d1c55da980089ee7,NO
C26_0959,99e98d576e6a40e9,NO
C26_0960,51dec3997d72713f,NO
C26_0961,706c2380e8d4e98a,NO
C26_0962,9dddc1ebaf9e7c63,NO
C26_0963,e1198d032b326942,NO
C26_0964,784b64d62184546d,NO
C26_0965,28db30d54037c0e9,NO
C26_0966,d951f66de74746ce,NO
C26_0967,84a7044e6a61d2ce,NO
C26_0968,f9e067bf5e81ff82,NO
C26_0969,51a15c836eb159a2,NO
C26_0970,ab9ffc7f2cee894e,NO
C26_0971,1d2dcb724bb084a6,NO
C26_0972,41db78dbdff21c81,NO
C26_0973,937450fb68b29809,NO
C26_0974,13cc1f24f243c5a4,NO
C26_0975,f002f697b59d82ef,NO
C26_0976,681e222be8cc24f7,NO
C26_0977,1653379b28736be9,NO
C26_0978,39a773f6e4b48923,NO
C26_0979,aac38f12dbe6dd5b,NO
C26_0980,90e2501eded3ed08,NO
C26_0981,6736697d5757f682,NO
C26_0982,f99cbd7aeccd4f9f,NO
C26_0983,0dfa604b58ce00c0,NO
C26_0984,cd9975c0854c4661,NO
C26_0985,004e158bd50ebed9,NO
C26_0986,d4ba83244f99607c,NO
C26_0987,b5d51563ea29a50a,NO
C26_0988,83587fa3cf6337b6,NO
C26_0989,595e60d1107b089e,NO
C26_0990,7d05d4979b6cb5f5,NO
C26_0991,a2b2aeb0052ad54c,NO
C26_0992,4e9eadd2205385df,NO
C26_0993,653c3731d41d7970,NO
C26_0994,020c3e4caebd096f,NO
C26_0995,4a6d9824788f30f8,NO
C26_0996,6320843418e60c2c,NO
C26_0997,4f7038949fe61125,NO
C26_0998,ac2d3d54459b785a,NO
C26_0999,7d7742d370e503f3,NO
C26_1000,6ad2c9b35d31eb5f,NO
C26_1001,0d406a4b6b85dbae,NO
C26_1002,73590a1a87076f8b,NO
C26_1003,4316be4d8f9041a5,NO
C26_1004,517acc693e84f45e,NO
C26_1005,370a907ceb13b451,NO
C26_1006,c43466d806c0cc1b,NO
C26_1007,e5059eb06413ce94,NO
C26_1008,8e132390d9a5e276,NO
C26_1009,406d96f2ee18e1d3,NO
C26_1010,8905d34d6e6cb050,NO
C26_1011,4599073a9ece039e,NO
C26_1012,b2bb78284b5d6495,NO
C26_1013,b4da23bab6f870cd,NO
C26_1014,c7c55ea3b81eac7a,NO
C26_1015,a6935a1b6c3c3ebf,NO
C26_1016,d2bb0764426710bd,NO
C26_1017,f19ff1fd7239b1eb,NO
C26_1018,9e8bc989a33f504d,NO
C26_1019,1e072e37e400877c,NO
C26_1020,b660a43a1f1ff8e8,NO
C26_1021,faea5a4f7183d0b1,NO
C26_1022,bdac156cb881387b,NO
C26_1023,2de8f7191ba1b736,NO
C26_1024,b8d16e31d63cfa7c,NO
C26_1025,b2727c38537dca6f,NO
C26_1026,0d0d9cab6dbca695,NO
C26_1027,414cef697cf8c883,NO
C26_1028,861b9561bfc1e99a,NO
C26_1029,fd4a2947f0bed4b3,NO
C26_1030,2bf5362d739f03e1,NO
C26_1031,647c34d515b6eef1,NO
C26_1032,c5f7ba976942e026,NO
C26_1033,01ed1a060b5bfdd7,NO
C26_1034,1a783cf3340d687f,NO
C26_1035,f591cb275bc631a4,NO
C26_1036,c68ec0b3c8aa095b,NO
C26_1037,94214c3b6cb3a38d,NO
C26_1038,ac3ed6d4dd2b2a02,NO
C26_1039,02feff5dbb6c6c85,NO
C26_1040,1accfb564c1a209c,NO
C26_1041,83e8a1ee05daccbb,NO
C26_1042,26ea34db0499e64a,NO
C26_1043,8a62a7b2e63c1406,NO
C26_1044,269dfb3e543cb3b8,NO
C26_1045,c42ac84cc7f81114,NO
C26_1046,13af7f96ea8c5a10,NO
C26_1047,e273951754fb80a8,NO
C26_1048,ab0ce01382cff3dd,NO
C26_1049,752d6b493ad89a60,NO
C26_1050,5ccc368b4ff618e7,YES
C26_1051,4542d31e000eaf28,NO
C26_1052,44add8ed65479d25,NO
C26_1053,3d40ba79131013ac,NO
C26_1054,70e834e5f9109191,NO
C26_1055,4726748910d47744,NO
C26_1056,8446bf3b05de5b8d,NO
C26_1057,81bb760c1f8266b8,NO
C26_1058,2333664736be02e9,NO
C26_1059,f2e450f8c6c028c7,NO
C26_1060,dd1f4fcd174b58d5,NO
C26_1061,81406cb1f788d90b,NO
C26_1062,06311fb3d67cc342,NO
C26_1063,72164f81e888bfc0,NO
C26_1064,183c8bc4040be880,NO
C26_1065,12930fead0ffeeed,NO
C26_1066,afd99e0ffc339f73,NO
C26_1067,edcd613950358a9a,NO
C26_1068,f3df38fe9433491b,NO
C26_1069,1b6cde0464813b3a,NO
C26_1070,14de9253d39d697e,NO
C26_1071,31f202a6f96b140f,NO
C26_1072,94dcf466d012ed56,NO
C26_1073,5eef771a7908a619,NO
C26_1074,705f010644607c08,NO
C26_1075,b28adb0d94e7eeb6,NO
C26_1076,fb3a7bf338e9e6ab,NO
C26_1077,2cbd583496f4b8be,NO
C26_1078,33c44b0bc31cf262,NO
C26_1079,ac5c40cf1a035824,NO
C26_1080,49d708587e7f6d52,NO
C26_1081,2c64784ddff6faea,NO
C26_1082,d86fcf9906529e53,NO
C26_1083,1adce3efb4c46836,NO
C26_1084,f971ebe0e4e4a8fe,NO
C26_1085,50cab94b5beeb00c,NO
C26_1086,e66baeb2789ace9f,NO
C26_1087,74d67970ae4cd7ec,NO
C26_1088,e1f7043779a3b832,NO
C26_1089,d1c993b6c94a52b3,NO
C26_1090,65e15231d6c2ac6f,NO
C26_1091,5a44d277c1402de0,NO
C26_1092,043a462b168a81df,NO
C26_1093,537548da9f713afe,NO
C26_1094,b1e15a88baae5e3c,NO
C26_1095,5e607f7c7682a432,NO
C26_1096,851358e3dc382b52,NO
C26_1097,3288772b19e44649,NO
C26_1098,818348566eb45ddf,NO
C26_1099,814fe5878d54969e,NO
C26_1100,9003710038173311,NO
C26_1101,c052ea2e47855b0d,NO
C26_1102,91042cfd5719ee1c,NO
C26_1103,96aceb7ae923339f,NO
C26_1104,4323fccc61aa8a00,NO
C26_1105,d6606bd361b836fd,NO
C26_1106,68edfbe30ef75bd2,NO
C26_1107,33e7101e8b898a81,NO
C26_1108,1e0a39da39d84fb1,NO
C26_1109,7fbd4458a6e04f51,NO
C26_1110,def006597b1045bf,NO
C26_1111,937d3dc53d70ddec,NO
C26_1112,4e1415b3a250c478,NO
C26_1113,efd6a531f5d4dd39,NO
C26_1114,f306d9f37da692ed,NO
C26_1115,9742291bcab49c8d,NO
C26_1116,4d3d2e86726f9877,NO
C26_1117,a42b1bdd0a430f15,NO
C26_1118,63f7b8482f3e0f8c,NO
C26_1119,cbcf68319ce76884,NO
C26_1120,02295a74ecc4092a,NO
C26_1121,441473352f80c85b,NO
C26_1122,70d586393144a4fd,NO
C26_1123,b887fe7a1f3e18d4,NO
C26_1124,a4ab07e8739ffb1d,NO
C26_1125,486ab709366ebead,NO
C26_1126,a3fe805c162b6ff1,NO
C26_1127,e0b94fd0925d54be,NO
C26_1128,40a5c3436f059b22,NO
C26_1129,8b3085ff617853b8,NO
C26_1130,bea56d355410642b,NO
C26_1131,36dddcf42168a1c5,NO
C26_1132,5688316578ee105e,NO
C26_1133,e74c8bcf0b854947,NO
C26_1134,2ec44ab85e365631,NO
C26_1135,87a5ebc4c276a9b7,NO
C26_1136,a37655877106c291,NO
C26_1137,c86cfa999449f0ca,NO
C26_1138,ee6d4910773fe928,NO
C26_1139,d020fddce0858f01,NO
C26_1140,9e618479a9d9798a,NO
C26_1141,82ffea136e320b62,NO
C26_1142,83c66d6d058ef949,NO
C26_1143,0c7a4d2a454e4856,NO
C26_1144,a5c022ef5a9b6f2a,NO
C26_1145,636d458080bb73d8,NO
C26_1146,248669aefd69dd4b,NO
C26_1147,2fd5131c09248c47,NO
C26_1148,7920b91d44756ec7,NO
C26_1149,43f6838b5c47fcf8,NO
C26_1150,4ad50c14887ff5cf,NO
C26_1151,cb8831b94e6ac6db,NO
C26_1152,ad787830a195193b,NO
C26_1153,5be34a466a698728,NO
C26_1154,9acc56e92ef0927b,NO
C26_1155,3b83ba86182fa4a6,NO
C26_1156,3a1f120206d5b034,NO
C26_1157,f10662ecb28411ca,NO
C26_1158,9604d30dfbd1c72a,NO
C26_1159,458a831fbd2571e3,NO
C26_1160,b147d245935967b3,NO
C26_1161,c3e5afaaaf2dcce5,NO
C26_1162,88a3d89671c9cdfb,NO
C26_1163,27a3d8219c88038e,NO
C26_1164,c0453cfb720e6c2c,NO
C26_1165,b013d4aa5d4f4aa2,NO
C26_1166,6b5e3a3436b9ec76,NO
C26_1167,f644d89e0c09cc80,NO
C26_1168,650f92d11b1ae22e,NO
C26_1169,fb957901cf6b3268,NO
C26_1170,89334b9cd4a1ee3d,NO
C26_1171,50fc291d22102500,NO
C26_1172,aa3ddd766637f686,NO
C26_1173,629ce567761bc76a,NO
C26_1174,ca667b2936e89010,NO
C26_1175,0f82030ca9623c6e,NO
C26_1176,48789e364c66b27f,NO
C26_1177,52f257ab33181c38,NO
C26_1178,b438f52f58c2fbd6,NO
C26_1179,82f18e6e9fdf7216,NO
C26_1180,8766e3eec292218e,NO
C26_1181,4993a20207bdcc2d,NO
C26_1182,21756b31b6d09ec5,NO
C26_1183,612b87916dbebc05,NO
C26_1184,5a602b5e440bba61,NO
C26_1185,9f08787086137e9a,NO
C26_1186,7824e4e34e8a4157,NO
C26_1187,370d0f21e71b7d0d,NO
C26_1188,14df1ecb8d9f2ba0,NO
C26_1189,371167189547da8d,NO
C26_1190,5f40e2ffbc6c46a3,NO
C26_1191,3b0147c4bc9610a2,NO
C26_1192,1aec42d5db306f7e,NO
C26_1193,e7f5de4662b2664a,NO
C26_1194,0cf6c0b2bd4bc932,NO
C26_1195,2473fafa5649e800,NO
C26_1196,06156b25868fdc04,NO
C26_1197,11aee1e159943e8b,NO
C26_1198,f3528ca0668688cb,NO
C26_1199,b698faa1ffcbac79,NO
C26_1200,a6b1d32c418cf992,YES
C26_1201,4ecb0c0335547cca,NO
C26_1202,38d06bd023d370f8,NO
C26_1203,9e6c3a366dd28a5e,NO
C26_1204,d56e7fe782db049d,NO
C26_1205,63c10c8b9734cea9,NO
C26_1206,eeb83ca2b98c5e67,NO
C26_1207,dd78ec43493b4470,NO
C26_1208,ab16e351b793de5c,NO
C26_1209,fc2ef25ba8d95441,NO
C26_1210,1d1671dc9b896cbb,NO
C26_1211,0cca6cf2286b5cc6,NO
C26_1212,c63d03f8ede3dfd6,NO
C26_1213,1b1de39aaa2136f0,NO
C26_1214,b8def8324fcf5df8,NO
C26_1215,054ed3cea13e6dc1,NO
C26_1216,196c18a2164a2b66,NO
C26_1217,398b04089b42621a,NO
C26_1218,09f75ba703e77ab1,NO
C26_1219,9b29c0fc14a046ae,NO
C26_1220,9cc9195e8a1fc515,NO
C26_1221,352042960f43750c,NO
C26_1222,620246ff010f4bfb,NO
C26_1223,fae35140b6b3b58d,NO
C26_1224,26db4984c5cf1106,NO
C26_1225,f730508afac959ab,NO
C26_1226,1944f0132f840f30,NO
C26_1227,57fc3cd40d29da1e,NO
C26_1228,a5a71905949140d1,NO
C26_1229,10c5aed8246bf011,NO
C26_1230,2c5430dd50c6e27a,NO
C26_1231,8b423b7be171f5f2,NO
C26_1232,0b5bc18c92c5db3d,NO
C26_1233,36f582edcdeea3c6,NO
C26_1234,fcdc413f6332773a,NO
C26_1235,90ce456373e2cb35,NO
C26_1236,494918baabfe32cc,NO
C26_1237,0fa2b00fcd8451c8,NO
C26_1238,1be1063269d79143,NO
C26_1239,ac233219cc578e75,NO
C26_1240,afc2b7f39e32ea8c,NO
C26_1241,b849b9686a961dd2,NO
C26_1242,c34480f94a573405,NO
C26_1243,11c3d4bd93b29039,NO
C26_1244,7a5b5c1764cd8c19,NO
C26_1245,b9256f4983f2e564,NO
C26_1246,5204eb9e92af3d00,NO
C26_1247,7c44f5b231c8f464,NO
C26_1248,74b9077c7356bdb2,NO
C26_1249,607f642ff2aef7e1,NO
C26_1250,42fb2acefd97bc42,NO
C26_1251,342bdcc39a8e4e62,NO
C26_1252,b85e1c38183231c9,NO
C26_1253,4f74470efcc03100,NO
C26_1254,167d029995b613d1,NO
C26_1255,3775f09e100cba2e,NO
C26_1256,ecdf6d1c9c623c6e,NO
C26_1257,4db2e93e5d4ec8b8,NO
C26_1258,ee684fa4ba54d412,NO
C26_1259,63f67ac5f4be7382,NO
C26_1260,1226b0fe2fa98734,NO
C26_1261,02f0d4974069ef4c,NO
C26_1262,087a14747bc3ac48,NO
C26_1263,9688fa7b2882d596,NO
C26_1264,849ba1086c7e11bc,NO
C26_1265,dd0ffe13cdfc4b90,NO
C26_1266,26301a02b72f7f40,NO
C26_1267,bf96c191bacc43c6,NO
C26_1268,4a3442ee0233e23f,NO
C26_1269,7e8617d92d4a92da,NO
C26_1270,9c0a383396d3f95a,NO
C26_1271,4c71b74f24d31e12,NO
C26_1272,bfa7ca221043acf9,NO
C26_1273,da7f680b856e5f55,NO
C26_1274,ee494944b0061193,NO
C26_1275,b10e19f7965568ab,NO
C26_1276,7a80077e2cae34e0,NO
C26_1277,1c482b1e4b8af094,NO
C26_1278,795c14d5dd52143c,NO
C26_1279,04ce00447ac8cad3,NO
C26_1280,b023684bf7a06a58,NO
C26_1281,9d46d709e8636876,NO
C26_1282,fb36d78d4924f939,NO
C26_1283,5317d33b858485fb,NO
C26_1284,2b69592d31a9b19d,NO
C26_1285,fdfc0f946f4e7b74,NO
C26_1286,015137cc3c4abf5e,NO
C26_1287,adba29f1b7d527a7,NO
C26_1288,ecdc0c494a9bc61c,NO
C26_1289,d50c245f2a6d9030,NO
C26_1290,57894f8c10b73d78,NO
C26_1291,c6869d2de57e3116,NO
C26_1292,c5e2224e0f5da000,NO
C26_1293,2fc27dd7a82b2d0d,NO
C26_1294,15d521de2d8db2c9,NO
C26_1295,eb49115b87426b1b,NO
C26_1296,a0aecd979313b030,NO
C26_1297,e8142987c63b2ee0,NO
C26_1298,32379cbc3cf98745,NO
C26_1299,3b958dd6373f7eba,NO
C26_1300,9b513a3019f98e4b,NO
C26_1301,7b12fe13fe516de6,NO
C26_1302,055b2498cf2cdba7,NO
C26_1303,b14d3e76fbf72eb5,NO
C26_1304,9ed848b122f110b0,NO
C26_1305,fcf5014f08068d54,NO
C26_1306,7b6e28cab9687466,NO
C26_1307,f2d015e4dc6edf9b,NO
C26_1308,c677dbe736617444,NO
C26_1309,442c6ec082e512ac,NO
C26_1310,75c056b6485f0f01,NO
C26_1311,9de2cc0e036d5de1,NO
C26_1312,df81284d2545d4fa,NO
C26_1313,a8f7a6465d5a920f,NO
C26_1314,3fd8922a75b72e09,NO
C26_1315,045b6c43a9f4f83d,NO
C26_1316,58d1a281f55354ca,NO
C26_1317,d246d80712aa36d5,NO
C26_1318,83e3f1342ccb7b83,NO
C26_1319,7846503ce52f9fae,NO
C26_1320,2e9966f41eae578c,NO
C26_1321,a9bd1eaf210f369e,NO
C26_1322,10d3e08145bc8277,NO
C26_1323,aef8f43859a90d8e,NO
C26_1324,7da241df3dc6f4a1,NO
C26_1325,7af6636ce1b9e435,NO
C26_1326,ec5663316523b112,NO
C26_1327,63bdaef69a0f559e,NO
C26_1328,c6740fc9afbf3886,NO
C26_1329,a9eaa310253cd70c,NO
C26_1330,77934b04e1552665,NO
C26_1331,cf66cc379473ffc5,NO
C26_1332,dd334687802be69a,NO
C26_1333,a3566a2a37ea3cbf,NO
C26_1334,7e1b9660481bbe38,NO
C26_1335,a17d24ec487f3fb9,NO
C26_1336,6e78aef7f5611abf,NO
C26_1337,7d28294c6297dbb0,NO
C26_1338,03a93e9c1ba723a1,NO
C26_1339,bb899e0afc45cc3a,NO
C26_1340,c6f85d1bdc5d2469,NO
C26_1341,675b2b44bea56e76,NO
C26_1342,57fe96ae498853cc,NO
C26_1343,68042346d1ec6e75,NO
C26_1344,13a6c965213e4d71,NO
C26_1345,380b355edf07e2aa,NO
C26_1346,9b6c3f3bd79b602e,NO
C26_1347,29f2f4413f5e545a,NO
C26_1348,acd38b4e9db7d4e4,NO
C26_1349,17fb4454680431b7,NO
C26_1350,e6083da4aa05c077,YES
C26_1351,be9fcdbf00f4b652,NO
C26_1352,aae38ef6950e32cf,NO
C26_1353,55df373770e145d1,NO
C26_1354,79605e213983eb5a,NO
C26_1355,d6328f310793097a,NO
C26_1356,124644ff87ea5e41,NO
C26_1357,a197d788c2d88d98,NO
C26_1358,f9de471d1433cc88,NO
C26_1359,c50557fdcf2eecbb,NO
C26_1360,4e3a93817c1cf0b1,NO
C26_1361,048d06204deb4e5e,NO
C26_1362,c19dbc6fba93718f,NO
C26_1363,6d23561940ef830d,NO
C26_1364,e1cff15ab4318ae0,NO
C26_1365,6ebbadea45e94100,NO
C26_1366,20096132b460b8c3,NO
C26_1367,6e384b0f3adaba5d,NO
C26_1368,114d458a0769948c,NO
C26_1369,9cbf025e7b30bec6,NO
C26_1370,0e080bb03fc3475c,NO
C26_1371,71df1c9e38ce7a56,NO
C26_1372,ec864c64ad8c625a,NO
C26_1373,fb1666e2fbfc335a,NO
C26_1374,1881507c5db641cd,NO
C26_1375,dc04e4700e1fb30a,NO
C26_1376,4cb705258a1b7e47,NO
C26_1377,846b67398dacd039,NO
C26_1378,8e4eef76a4c5d172,NO
C26_1379,2b7dc9cc9ada9b04,NO
C26_1380,f43c803060a23368,NO
C26_1381,e478461478370bf2,NO
C26_1382,c698ddd14567f382,NO
C26_1383,ddf80e1b6884ed41,NO
C26_1384,ee4a6813dc326ebe,NO
C26_1385,409cae354001b96b,NO
C26_1386,feae17015dba6634,NO
C26_1387,7333aeffb0488b24,NO
C26_1388,b3328cff13f7e6eb,NO
C26_1389,c49c2bf90357f9bf,NO
C26_1390,b662014904f712fa,NO
C26_1391,c0e1e708a941a7ff,NO
C26_1392,17165fe79d915a72,NO
C26_1393,ef036862d930df59,NO
C26_1394,e8c94b582076be39,NO
C26_1395,9a25e46310d01b3d,NO
C26_1396,7e93528fd1b688b7,NO
C26_1397,c4765568557fd126,NO
C26_1398,6bb83f7d0a520620,NO
C26_1399,50201db906343dfb,NO
C26_1400,c30b64fd09da7093,NO
C26_1401,082c5ee276aa855b,NO
C26_1402,663895baf843f16f,NO
C26_1403,90cd9a1610c41645,NO
C26_1404,6341562f6f1df547,NO
C26_1405,c2d09b39bbc98c88,NO
C26_1406,0b6c2f678e85aaf4,NO
C26_1407,eda6cec592134936,NO
C26_1408,b9141da2c6c32eb6,NO
C26_1409,5c902aff14dafa38,NO
C26_1410,cf975a797301685d,NO
C26_1411,2363c6733fc46bc0,NO
C26_1412,04c4a7af507797e9,NO
C26_1413,70d584c370600524,NO
C26_1414,679df4c1eda03e37,NO
C26_1415,46f7a8b1cbbbda4a,NO
C26_1416,92ae5b21f1bb3c2a,NO
C26_1417,5d1bc65b6a10153a,NO
C26_1418,b851be011293a8fd,NO
C26_1419,d58cb5e6b6c54f4b,NO
C26_1420,23dee0e7a56e692a,NO
C26_1421,d208bdec42358d38,NO
C26_1422,65b09c9cf9e5717f,NO
C26_1423,8632259e3d98ef27,NO
C26_1424,44b6624338652903,NO
C26_1425,dc9c1d5515d5cb89,NO
C26_1426,0263f86acc114ed8,NO
C26_1427,2dafc01ce5182d13,NO
C26_1428,39cfd501523c14d2,NO
C26_1429,84601e1a3d448e32,NO
C26_1430,f8970b8771b55439,NO
C26_1431,c881c56f222f22fb,NO
C26_1432,f4ab12f3c04f2c94,NO
C26_1433,6f7bf9882dccdb83,NO
C26_1434,aebdcaddd138abc7,NO
C26_1435,730f1719306ae057,NO
C26_1436,3fa52815f22eaa0a,NO
C26_1437,8616127f996b2ae5,NO
C26_1438,91bc8afa406cf716,NO
C26_1439,b4259e75abf432e0,NO
C26_1440,0c85b60ac62a0740,NO
C26_1441,00d9ca2556758a4a,NO
C26_1442,d4026a34015c3b84,NO
C26_1443,a099885f2abc2dd8,NO
C26_1444,32e6bb609a8c52c7,NO
C26_1445,49bbdc66dea82284,NO
C26_1446,ce57c12c2bda09ee,NO
C26_1447,f87704c4a6028f54,NO
C26_1448,add9ff57cb398fd9,NO
C26_1449,fb011a0e7a14abde,NO
C26_1450,e2bbc56454ed5788,NO
C26_1451,c74742b81fa50e02,NO
C26_1452,0e35e404402ebc34,NO
C26_1453,572ae3ce6e589a4c,NO
C26_1454,30c34dd05f3a5328,NO
C26_1455,48a83096f268c54b,NO
C26_1456,cee4be648301fc67,NO
C26_1457,1bc9f38560450dce,NO
C26_1458,d5b54a2a04cb145c,NO
C26_1459,882163338e877f05,NO
C26_1460,cb429cd960f58fb7,NO
C26_1461,82787b8f47ec425e,NO
C26_1462,eb4f04bb7edf07bb,NO
C26_1463,e3e6fe0dbc7d65ee,NO
C26_1464,f87c93fa7a153846,NO
C26_1465,e1dc17597afecbcb,NO
C26_1466,d72a4402813a042a,NO
C26_1467,5c39f74b2ea80748,NO
C26_1468,83cd979c51ab439d,NO
C26_1469,d5cd4b26daf6dbdf,NO
C26_1470,80e668202bc7fc54,NO
C26_1471,7008e09752b74ffe,NO
C26_1472,b0f32d5cc3c22c8a,NO
C26_1473,fd41aa95686357eb,NO
C26_1474,0b8de50a5fc5013c,NO
C26_1475,f146a815dad8d105,NO
C26_1476,7568a7e8d92bb5b1,NO
C26_1477,f00faccd38921a2a,NO
C26_1478,e645473824b8aaaa,NO
C26_1479,e67884d26411f117,NO
C26_1480,b541e36b9488b234,NO
C26_1481,f91ae5bc2f6077dd,NO
C26_1482,ff9da443dac1449e,NO
C26_1483,515fafeb5a1eb09c,NO
C26_1484,e246cc78d3c4efee,NO
C26_1485,d8e21a498c4418f3,NO
C26_1486,185e5a3ce1d4a2dd,NO
C26_1487,b39c8c7d0516bad5,NO
C26_1488,dddcc7919794e4ef,NO
C26_1489,ae464c003f6c6f57,NO
C26_1490,8288047038b7c92c,NO
C26_1491,88af93bf2bb3c68f,NO
C26_1492,1a71d682be2b7647,NO
C26_1493,59c1a7ca93ea0c40,NO
C26_1494,c1e4b20fa30fb20d,NO
C26_1495,42bd20814113db4c,NO
C26_1496,af7b8ce31e656d3a,NO
C26_1497,7027d1ad024aff4b,NO
C26_1498,c1ed244df62a3964,NO
C26_1499,88e3184550bdfd58,NO
C26_1500,619fa46f728a8131,YES
C26_1501,001a58f992578576,NO
C26_1502,53421b53ecbacda3,NO
C26_1503,874d253bf9a6456d,NO
C26_1504,3f5a397cfb99af42,NO
C26_1505,70ac6278228338c3,NO
C26_1506,a2d49e0d9ef1b3ee,NO
C26_1507,a60d54e0fbd56670,NO
C26_1508,d07e62b25d5da418,NO
C26_1509,9eafcfac443c6802,NO
C26_1510,f2b2a05d6cf60d96,NO
C26_1511,642a666dc2433918,NO
C26_1512,cabdbe665b63a102,NO
C26_1513,57c0a41f8142b5ff,NO
C26_1514,a9a90ee01bbaa1b2,NO
C26_1515,a9840fad9be66c5e,NO
C26_1516,98744a3683265ac9,NO
C26_1517,ca783ae0e8cb9c4d,NO
C26_1518,224355e942f1ad1e,NO
C26_1519,8946a4e30e9c468d,NO
C26_1520,953774a460d400f0,NO
C26_1521,2610229f99b0329d,NO
C26_1522,79959e854aa7104b,NO
C26_1523,098b11749fde03c5,NO
C26_1524,2836ad16517b8b1c,NO
C26_1525,b35f1733e081f4e2,NO
C26_1526,fcc0347bfe76be93,NO
C26_1527,f64f603c7f071300,NO
C26_1528,64c8eb63ae774c17,NO
C26_1529,bfd38bf6c3bbbbcc,NO
C26_1530,253c689a4c4c86b1,NO
C26_1531,822a7ebe15849f91,NO
C26_1532,52e0d5c6fd39030b,NO
C26_1533,ab85ed39191b4366,NO
C26_1534,e18ba517dad9c933,NO
C26_1535,1cc2422c1ddb5e0b,NO
C26_1536,07c8a4601c4169e6,NO
C26_1537,5390066dc94cad98,NO
C26_1538,20fdf968ac1c1fc6,NO
C26_1539,8b65221a0ae08e32,NO
C26_1540,b7faacfc03aef7ce,NO
C26_1541,d512413ccf10cdc4,NO
C26_1542,ae5bbb1101e49ab8,NO
C26_1543,dba1f60da55c605d,NO
C26_1544,b625b15d70a32e21,NO
C26_1545,5d123d492a5fe5e9,NO
C26_1546,38693c00f7de51c6,NO
C26_1547,2d4f0f888a7d0df5,NO
C26_1548,058cf9886caaab7a,NO
C26_1549,733e67c74400d1fb,NO
C26_1550,0644cf8e332b2d3b,NO
C26_1551,9b8960720b06a0be,NO
C26_1552,76b1578ccedd6ae9,NO
C26_1553,9a0f537b95717fae,NO
C26_1554,f093977802c47069,NO
C26_1555,3a6c46483b64de5b,NO
C26_1556,f28a85f6b9b7f305,NO
C26_1557,18152d58a8289611,NO
C26_1558,c5563acc64ef076c,NO
C26_1559,57a8294a3d84e66d,NO
C26_1560,3e567b6d4fc4dcdd,NO
C26_1561,c1c6c4bb78494586,NO
C26_1562,a9cea483797e63b7,NO
C26_1563,856a24ddf2622916,NO
C26_1564,e616e527043f8c04,NO
C26_1565,1cee1a75701dc29d,NO
C26_1566,dcffa86686fc0c67,NO
C26_1567,a0f26fc5d73620d9,NO
C26_1568,e321517f1364aaf3,NO
C26_1569,568dd4cc038c26d1,NO
C26_1570,b9ec190b2110abcd,NO
C26_1571,20ce9a07f2fce232,NO
C26_1572,b8b651747aa16be3,NO
C26_1573,fe22b009ec2ef2a5,NO
C26_1574,37750fabd2afc779,NO
C26_1575,399b7a6cd667629c,NO
C26_1576,3208a9e26a83a2c1,NO
C26_1577,cfbda3cda15e5017,NO
C26_1578,9862696d8cf07551,NO
C26_1579,a07c9621df2b75d3,NO
C26_1580,f5beb6528c57df3d,NO
C26_1581,1d2b50d576b6a42f,NO
C26_1582,78f2dd8a7469f9c3,NO
C26_1583,684a6ea4026c940a,NO
C26_1584,05867f6c2adaa8b8,NO
C26_1585,c0459e88ddbe74ed,NO
C26_1586,dd43407cd9f75ca6,NO
C26_1587,ea3293159a7c9aeb,NO
C26_1588,7acf694227e5ce0c,NO
C26_1589,c49152bb48591af0,NO
C26_1590,53c3650a8b44006e,NO
C26_1591,eef196299052b047,NO
C26_1592,0088259f66c533c5,NO
C26_1593,da86fd09401f35ab,NO
C26_1594,2f00e636b239ee9c,NO
C26_1595,c3cc16574d7c4cc2,NO
C26_1596,c0b390807a809517,NO
C26_1597,7a22e7c64d5110bb,NO
C26_1598,c1ff19da6cdc3854,NO
C26_1599,bebd39de5d65b9ed,NO
C26_1600,ac57ead236d15ec1,NO
C26_1601,45d430bb676c6411,NO
C26_1602,822f10faad44e014,NO
C26_1603,dd619642fce962c7,NO
C26_1604,f67bbf11b0543432,NO
C26_1605,b3b8c560c7b8e239,NO
C26_1606,c36c2a789e4985e6,NO
C26_1607,4ee5d775fa28712d,NO
C26_1608,1920c96b8759146f,NO
C26_1609,f136ea036eaa16f8,NO
C26_1610,720fbfa2f00b8dda,NO
C26_1611,c8cf5978099fcf6f,NO
C26_1612,7864735394ff9bd0,NO
C26_1613,1fc432dbdb7620d9,NO
C26_1614,c13c5c723fb02251,NO
C26_1615,0e31559fd5dcea8e,NO
C26_1616,32a3cb533178fa3a,NO
C26_1617,ea6034fdffe894b2,NO
C26_1618,905e635feec77874,NO
C26_1619,8ed4e359beff92ab,NO
C26_1620,63f60dd8f43d9284,NO
C26_1621,4d684d94189ae2e7,NO
C26_1622,6f97853d78888ff3,NO
C26_1623,9943d468fefc9850,NO
C26_1624,6b3630a27b78d7bd,NO
C26_1625,fa1ecfd43e9af9f7,NO
C26_1626,ff122fd024a337c8,NO
C26_1627,6bbc545b73bbf5db,NO
C26_1628,d6c302ace95e1449,NO
C26_1629,f357cd3186696429,NO
C26_1630,3d1d3886706e724c,NO
C26_1631,5753c4d8e6153cd5,NO
C26_1632,63fde99b70d8018e,NO
C26_1633,0e072d4fc88e8487,NO
C26_1634,7a384e1f5b50a1f1,NO
C26_1635,85e9cc1666c7835c,NO
C26_1636,8f3e0962ceee8ce3,NO
C26_1637,40d2e89acb572293,NO
C26_1638,563cbf69c992b0ae,NO
C26_1639,4dc47542f2ca900a,NO
C26_1640,5523080633715d39,NO
C26_1641,b33d51aefa4768ea,NO
C26_1642,9f748a346a7d0d9e,NO
C26_1643,f580e9cb7fb4495f,NO
C26_1644,30c507112ca625c5,NO
C26_1645,f3aedeb0a291bb10,NO
C26_1646,a7c0dcbc4e6fa502,NO
C26_1647,ba68050b5191544d,NO
C26_1648,faa68808a969ffb5,NO
C26_1649,8f70ec068b223170,NO
C26_1650,a6e521933a3e0ca6,YES
C26_1651,2e45fad687c075b4,NO
C26_1652,5d569d057288aeca,NO
C26_1653,86582e3ea7f733ae,NO
C26_1654,0a86d002e873f5dd,NO
C26_1655,6879032150597528,NO
C26_1656,94607bae03251742,NO
C26_1657,38a8d638dfa428e7,NO
C26_1658,64a6bcc73c822e91,NO
C26_1659,19a9abb20a5a5874,NO
C26_1660,2b3543bb27e0141c,NO
C26_1661,d0532a23283e1da3,NO
C26_1662,d69c6292561bda53,NO
C26_1663,1c875208db1ae2db,NO
C26_1664,1774429f60ad7241,NO
C26_1665,24e83d574ae76a95,NO
C26_1666,fceceffc38d45cb8,NO
C26_1667,d6a753d40ed52bb6,NO
C26_1668,df93705b12c9828a,NO
C26_1669,cb34c8e33365ac73,NO
C26_1670,c7f03c60b6972438,NO
C26_1671,96ec069bcfbfdbab,NO
C26_1672,acdba72619cdf49b,NO
C26_1673,2c89a82e5f5f95a5,NO
C26_1674,e457304306cb1ec0,NO
C26_1675,909e2591f50b56fd,NO
C26_1676,82a16a7ab8247271,NO
C26_1677,8aa1537d4b1a152b,NO
C26_1678,23d980ee38e794f6,NO
C26_1679,8604a695d2190ad9,NO
C26_1680,66fa88b32da65730,NO
C26_1681,97e51051290d25a9,NO
C26_1682,23ff308b50db41df,NO
C26_1683,38a3004ee183532e,NO
C26_1684,24645badfc0c7d66,NO
C26_1685,4d34553c0c3a88e7,NO
C26_1686,5a5f6c0ffa7c9ebe,NO
C26_1687,d94e765ba2b479df,NO
C26_1688,8aef95efa725e1a8,NO
C26_1689,203592811da381ae,NO
C26_1690,4b11e5257ce071a9,NO
C26_1691,a13a69d5c642d5ec,NO
C26_1692,f243f75494296341,NO
C26_1693,9ef2940fd5860098,NO
C26_1694,f7cf54ed063a4e46,NO
C26_1695,d535251ed4e59ee4,NO
C26_1696,8f51c11b14473864,NO
C26_1697,84e88a60d20f7022,NO
C26_1698,8966c03a53cb6ca3,NO
C26_1699,74ef5595b272cd6b,NO
C26_1700,6e83125dd9343bf3,NO
C26_1701,0e0d9f051fcf03e3,NO
C26_1702,fb37d6debf90925b,NO
C26_1703,ca1f3869fd048ae6,NO
C26_1704,383732460a59d0be,NO
C26_1705,4d2b5fb33b075421,NO
C26_1706,d7d2420a65083cc5,NO
C26_1707,b65b140733324ec4,NO
C26_1708,94270e3365ebb64f,NO
C26_1709,421145715dee52e8,NO
C26_1710,07e721c41a2f8265,NO
C26_1711,cd863a09104fc9ee,NO
C26_1712,d1f3f3ffab763ce8,NO
C26_1713,d0e0d5a5326cd1d2,NO
C26_1714,8f066b9ddaf4d173,NO
C26_1715,32f4e868e2abc212,NO
C26_1716,2fc1d041f1508cc8,NO
C26_1717,bb5ac75a1ba78f38,NO
C26_1718,ac167e3e339b1814,NO
C26_1719,229303c6309bb736,NO
C26_1720,63d9da9519aef18f,NO
C26_1721,9c681eff5c2b5a8e,NO
C26_1722,556a0221f6b5b693,NO
C26_1723,ab68ea07fe523980,NO
C26_1724,b535e561ae954fbf,NO
C26_1725,8331098c2d0c4b42,NO
C26_1726,5bad1750957f3f1a,NO
C26_1727,7482f6b6ff0f6f62,NO
C26_1728,c4dface2bc68fcc8,NO
C26_1729,a1a0b0cdbd097def,NO
C26_1730,0b4e15de3ef6d1d5,NO
C26_1731,38be5703a0b08599,NO
C26_1732,8d8adfc4f1e4b3c3,NO
C26_1733,7a5015850c67ab60,NO
C26_1734,58eebaca8facffe2,NO
C26_1735,0e7e7a30b1d7c200,NO
C26_1736,356485dac2d04c1d,NO
C26_1737,732a9ef9a67aa08b,NO
C26_1738,99d00c0753b1db66,NO
C26_1739,a86783893398b978,NO
C26_1740,cfd1b17e0fe3c829,NO
C26_1741,a72ba1e4eae1de77,NO
C26_1742,fddd32ece6e8778a,NO
C26_1743,67d3c91cb0090272,NO
C26_1744,a6ba87d4f250d43d,NO
C26_1745,78f6f2b3d7e70e03,NO
C26_1746,174e9beb98154200,NO
C26_1747,697a24c6dae4f9e3,NO
C26_1748,0c1678bc7ca2d892,NO
C26_1749,c3abe36e7988fa94,NO
C26_1750,273a13b07e4f7336,NO
C26_1751,4f06435117d7834b,NO
C26_1752,da6ba54e8a0815c2,NO
C26_1753,2013efe306c280ea,NO
C26_1754,1d7afb5d0b099ed7,NO
C26_1755,fb8d82466747ff9f,NO
C26_1756,9d1256a7004cc132,NO
C26_1757,c2c4ea9f3f1f664f,NO
C26_1758,787b80c94531ea08,NO
C26_1759,81c335c50db6a830,NO
C26_1760,2fdc084291c2d785,NO
C26_1761,fc774ce311bdc4f2,NO
C26_1762,804290dc06019453,NO
C26_1763,eaf0509056f03af0,NO
C26_1764,2c2d04b215eec3a9,NO
C26_1765,8cebcd5207b081d1,NO
C26_1766,73d8e9a5df723b33,NO
C26_1767,c9c84950c619311c,NO
C26_1768,8d532573f4f0f13f,NO
C26_1769,8cb068aa97bbf51f,NO
C26_1770,6c74062d4088b340,NO
C26_1771,49ef930cb4c7929a,NO
C26_1772,44bb94b7283ebd6b,NO
C26_1773,17081543d94ef506,NO
C26_1774,0df9d05b94b3fd29,NO
C26_1775,af22fa4da63509f0,NO
C26_1776,ad8926d504017a9d,NO
C26_1777,8b6bd5b9b5d997e5,NO
C26_1778,f5205dfe01757d5d,NO
C26_1779,3d4682fa440920df,NO
C26_1780,e07dc249a6d7fa69,NO
C26_1781,7b768e70a40d8e7d,NO
C26_1782,2ceed8493e69ff54,NO
C26_1783,8a7fe5d96f213f05,NO
C26_1784,364d9ee40279d3ec,NO
C26_1785,8b1dd92540cd20eb,NO
C26_1786,e4ba38ecc420d6f8,NO
C26_1787,2e8d0a5c2539722f,NO
C26_1788,1864938c874c5003,NO
C26_1789,fc8eb5a32703039c,NO
C26_1790,d3f7e8a6770b3312,NO
C26_1791,641657b2c362a1ab,NO
C26_1792,8c6e6379c1854d89,NO
C26_1793,28010c50d239d29d,NO
C26_1794,43c2cb8b50f4ebbd,NO
C26_1795,1da5decdf6df35ca,NO
C26_1796,d978b7f7b9d04d65,NO
C26_1797,b433af6ae00f6d8c,NO
C26_1798,5487b2a1c6d61cd0,NO
C26_1799,03f4270f9d6c259a,NO
C26_1800,398d07f0bc093585,YES
C26_1801,2ae33055e42cfca5,NO
C26_1802,a14f0f08370588f8,NO
C26_1803,a3d9c2bf632f94ae,NO
C26_1804,e3e1b1e0fb020ed3,NO
C26_1805,2bafc73429a55d05,NO
C26_1806,2d7a41d9e06dfbc1,NO
C26_1807,64c6a268847720ee,NO
C26_1808,3337e2499222b87b,NO
C26_1809,02b958177f396aed,NO
C26_1810,e3cf89ce07b44eb2,NO
C26_1811,3ffec664dd63877e,NO
C26_1812,d11f9a4ec6e7356c,NO
C26_1813,a60b718ab145526a,NO
C26_1814,4076646ba9d69d75,NO
C26_1815,91f37102804195e0,NO
C26_1816,f68f093bb885f2ef,NO
C26_1817,627c78e71631d46e,NO
C26_1818,70020cd1091ad75c,NO
C26_1819,7d1e8eaef65ec5f2,NO
C26_1820,2e3b6498c949f58b,NO
C26_1821,2e689ef2d84c2296,NO
C26_1822,1118a680f1c6316e,NO
C26_1823,7a622926f6b183ec,NO
C26_1824,ab0dce4521f458d6,NO
C26_1825,4c308230c4620b90,NO
C26_1826,8d3f0907d6f4d10a,NO
C26_1827,beea982f81599758,NO
C26_1828,9d284c2e9484986d,NO
C26_1829,10905c7fb24fdb5f,NO
C26_1830,a956f446d480ede3,NO
C26_1831,e0ec1e862863c075,NO
C26_1832,1072c3238db065b5,NO
C26_1833,472b8ee8f702fad9,NO
C26_1834,ba236940d73bacb6,NO
C26_1835,bce3b16b5d5517ca,NO
C26_1836,90941a6872eec556,NO
C26_1837,642faa8ecd4a9f52,NO
C26_1838,2e2321abc8593f83,NO
C26_1839,b6e4c9fee970efa5,NO
C26_1840,0def2f3a9c171c83,NO
C26_1841,ddb1d3dd97a9cabf,NO
C26_1842,b860316bc97302a0,NO
C26_1843,9357c79666d030ae,NO
C26_1844,9c919f666721dbad,NO
C26_1845,8b407a18f93c000e,NO
C26_1846,92e83ad5e837a872,NO
C26_1847,5fa873557b46fe4f,NO
C26_1848,1aae5bbd295564fe,NO
C26_1849,9c92ed596969ec88,NO
C26_1850,0413c19e8f0c5f6c,NO
C26_1851,bc998db13b029f2a,NO
C26_1852,63bea582070cde76,NO
C26_1853,1e6bf5b6e17ada3d,NO
C26_1854,0c16fb6946073871,NO
C26_1855,97d037ca02f9624b,NO
C26_1856,3db8b9cffaa46df4,NO
C26_1857,31cf49a6864b55e0,NO
C26_1858,ca5c374b198210c2,NO
C26_1859,dd5dcb2e325e9e78,NO
C26_1860,ab1dc62aedc09ff4,NO
C26_1861,bab0a9b4cd390683,NO
C26_1862,386551fa54f775d9,NO
C26_1863,7fe1e11cc339527a,NO
C26_1864,b418376bfa9270a7,NO
C26_1865,a7b233cfd84437c5,NO
C26_1866,ae10b2a576534d00,NO
C26_1867,72bb54b5f30b10f9,NO
C26_1868,e32bb1a689b9b934,NO
C26_1869,17bcfe61b7020621,NO
C26_1870,49964a3f52b19b8c,NO
C26_1871,b7fffc733f88eae7,NO
C26_1872,e5eeef86b1bd6801,NO
C26_1873,7312d960ac857860,NO
C26_1874,a8b97ad0845af761,NO
C26_1875,b301e1e8f5c7dd87,NO
C26_1876,8e77b5e28fb9e172,NO
C26_1877,fa86812d34088dd4,NO
C26_1878,20ca4e3a5cfdc412,NO
C26_1879,cb41b41764d70cc1,NO
C26_1880,263242c9eb87f239,NO
C26_1881,ddc1df6a48cb7587,NO
C26_1882,349126c0b0711e64,NO
C26_1883,ad7aacdd3192c803,NO
C26_1884,8870bd4014dc2388,NO
C26_1885,8e76ed9e6203bc1d,NO
C26_1886,3e5b898a718a7443,NO
C26_1887,02269387b4d6b44f,NO
C26_1888,77c21cbe700a390b,NO
C26_1889,abc20db7ce76f570,NO
C26_1890,cc32f83476495948,NO
C26_1891,55b4be71da858f8b,NO
C26_1892,96e9feb49b9fa41c,NO
C26_1893,d165ea757fa45ae9,NO
C26_1894,81dbe1ffa88e93ae,NO
C26_1895,28d135ab0d300296,NO
C26_1896,ef6f9112f065a353,NO
C26_1897,b07729b829c32e2c,NO
C26_1898,1033af452968e218,NO
C26_1899,f2b131a532e5dfe0,NO
C26_1900,0532532d1191f864,NO
C26_1901,c597115994ae7d0a,NO
C26_1902,bc57f04d08bdc5cb,NO
C26_1903,1f3541923624d7fc,NO
C26_1904,adcb31db7d3cb5f1,NO
C26_1905,0eef94a695b66df7,NO
C26_1906,d49b2f38f17034d8,NO
C26_1907,984b6b3258a448bd,NO
C26_1908,6373fc368a36f5db,NO
C26_1909,36a6184a76d7f829,NO
C26_1910,ad6cd7357aad91bb,NO
C26_1911,fae2a1e592bd03b8,NO
C26_1912,814f8a66c0070a3c,NO
C26_1913,25f5eba01678f196,NO
C26_1914,e8d30e122db8754a,NO
C26_1915,f4a6d6956898c25f,NO
C26_1916,a1c7425fdab5153e,NO
C26_1917,74dcbaa14e0a937d,NO
C26_1918,29282e6e99594a49,NO
C26_1919,691c907569480853,NO
C26_1920,6cd8190a1c7e3576,NO
C26_1921,2f7eed6ddec9e286,NO
C26_1922,5d5d3390b9748304,NO
C26_1923,418a7bf179d31988,NO
C26_1924,8eb7b926fb4621e3,NO
C26_1925,c8658a355650cb6f,NO
C26_1926,80da1abd56753cfc,NO
C26_1927,f0071eb5c580f9e5,NO
C26_1928,48a2e168352c27d9,NO
C26_1929,dce702245377e7e3,NO
C26_1930,bf552a9e1a489c04,NO
C26_1931,cf951595efa603e8,NO
C26_1932,8efd0872551c4730,NO
C26_1933,959b0d106bf6dbc9,NO
C26_1934,686df680ac13da0a,NO
C26_1935,d209a63cab4706b8,NO
C26_1936,9b90321d31d38d67,NO
C26_1937,9eb6a39dbfbbcb99,NO
C26_1938,80aae6395acf92f1,NO
C26_1939,9dbbaff72df59166,NO
C26_1940,66eca6728e49ca12,NO
C26_1941,1366e7b6ecc2441e,NO
C26_1942,5d7fb032d32204d7,NO
C26_1943,ed38e4a01cb9b7cd,NO
C26_1944,ecbd9b81ae08e638,NO
C26_1945,7b9713fe73093d2b,NO
C26_1946,39a632c1d5b164e0,NO
C26_1947,263f0769281d0f40,NO
C26_1948,067f3b4ec4040ecd,NO
C26_1949,69d7923ce72b669a,NO
C26_1950,4111c20ece5e0500,YES
C26_1951,143e5deb5f314a0a,NO
C26_1952,d1d4be96c38e08db,NO
C26_1953,3d990e89f72951ec,NO
C26_1954,f1c3883db18835a5,NO
C26_1955,7b0c1bc14217a860,NO
C26_1956,34db354506a9ab5a,NO
C26_1957,08e70e10700203a5,NO
C26_1958,8c89e3c93d30b2e5,NO
C26_1959,397e690814589a5e,NO
C26_1960,220191c00f982e93,NO
C26_1961,6847ee79c0728df5,NO
C26_1962,3faa75a0ebc1237e,NO
C26_1963,0b7f21e103a3280e,NO
C26_1964,4f26df93d4f6f3a3,NO
C26_1965,02619b29362a5c14,NO
C26_1966,729be2edde574805,NO
C26_1967,3c6c1f77f1a56c44,NO
C26_1968,6fd385c81ec75b96,NO
C26_1969,76e71042a23ccd4f,NO
C26_1970,079f0573bf76ee20,NO
C26_1971,181ff8753f047eb3,NO
C26_1972,138d8844a4bc087f,NO
C26_1973,fec23b788d77889a,NO
C26_1974,1e2cea69b6928191,NO
C26_1975,13b612d9ced761c6,NO
C26_1976,9699ac295e964009,NO
C26_1977,40f53c6a3c67738a,NO
C26_1978,58a5f0701493f5cb,NO
C26_1979,510ff71b78ef1dbe,NO
C26_1980,beaf9c3c47240b0a,NO
C26_1981,94b7bfb7d8c82c13,NO
C26_1982,b736a44cec7b0260,NO
C26_1983,db13e115e416a469,NO
C26_1984,47185f89d449ef44,NO
C26_1985,bec4e9f251b9f074,NO
C26_1986,9821e108ebf14f5a,NO
C26_1987,a883d57f0e59ddaf,NO
C26_1988,2547683810d02ae2,NO
C26_1989,ebfe53c6f31d1224,NO
C26_1990,5a16832e3a0ee892,NO
C26_1991,e90a6483e1dc2122,NO
C26_1992,c4bc4554237dee02,NO
C26_1993,f02b79b79463c454,NO
C26_1994,6b8cb4bc4e0952d1,NO
C26_1995,049efab6d9ab395f,NO
C26_1996,4fb81f804bc4cada,NO
C26_1997,0796bb8a34038a91,NO
C26_1998,4153c75598fc7297,NO
C26_1999,28c542145a4acb47,NO
C26_2000,4f527aabdde4056c,NO
C26_2001,70c5499eb48c7e31,NO
C26_2002,7bd8565947de2ff3,NO
C26_2003,01e0d086f599c1bf,NO
C26_2004,40d5311a184d5aa6,NO
C26_2005,5505da0a95d0fa82,NO
C26_2006,f6b811420a1e30eb,NO
C26_2007,21a1a4fd78b2bc82,NO
C26_2008,d833220b09b80d4a,NO
C26_2009,048fe5d365c850c5,NO
C26_2010,dd6d4113a53532c1,NO
C26_2011,239c4e307563febb,NO
C26_2012,4973b7a5334410cc,NO
C26_2013,fa52b3a2190c0b98,NO
C26_2014,04135b8b78401e71,NO
C26_2015,4080c5c8a716c814,NO
C26_2016,421b90af40784500,NO
C26_2017,cbae415ffe4e871c,NO
C26_2018,ff1d273d390f2d72,NO
C26_2019,8bd0c217253dfc49,NO
C26_2020,0c9eac83053d758b,NO
C26_2021,fc2e8a21084776bc,NO
C26_2022,b9e8c2db65a14636,NO
C26_2023,d77d764d957facc2,NO
C26_2024,23009826b369af7b,NO
C26_2025,43ef2d48b314b075,NO
C26_2026,c6ceda4ab5257d2a,NO
C26_2027,e9ad4f7255ef8182,NO
C26_2028,e7cc25aa8e65804f,NO
C26_2029,682739c82e5c8acb,NO
C26_2030,6639cab56d281a1f,NO
C26_2031,af25cafb848edf9b,NO
C26_2032,150b5f8acfa9177a,NO
C26_2033,514395ca2460968d,NO
C26_2034,87facff168000f00,NO
C26_2035,edb367fe1d782c33,NO
C26_2036,f334b1f58cd32561,NO
C26_2037,bf438252be2d85ab,NO
C26_2038,e9bc083fc5cb6d90,NO
C26_2039,3586e58be0acebf5,NO
C26_2040,79bd88aea507e61b,NO
C26_2041,f03dc76cbef771c0,NO
C26_2042,59e426be8ea6de54,NO
C26_2043,d604515d0145520d,NO
C26_2044,8c22f623f191e4a8,NO
C26_2045,e266dbc9e0e616c8,NO
C26_2046,08a6502d57a8a09f,NO
C26_2047,6c1ab289696e4521,NO
C26_2048,2db59e225cf09291,NO
C26_2049,5e087ac731546847,NO
C26_2050,ab4a167d79420a12,NO
C26_2051,1454bf052464f7c1,NO
C26_2052,e7e46395f1ef778e,NO
C26_2053,e8761f64aabdae0a,NO
C26_2054,48ca92ec05f7b156,NO
C26_2055,a699f42ce108215b,NO
C26_2056,9951120d232c36c4,NO
C26_2057,e7da586164d72331,NO
C26_2058,242dab40c64f8dfb,NO
C26_2059,96d348a2929227d8,NO
C26_2060,2c290af85f844392,NO
C26_2061,248bdd74f23ee114,NO
C26_2062,a21597dd055d260a,NO
C26_2063,5482a1a7dabaf3ed,NO
C26_2064,0098355df91f386e,NO
C26_2065,30b71da5e337714c,NO
C26_2066,8ca8dd89b62cc3f0,NO
C26_2067,34186e732f34fb0f,NO
C26_2068,8aa2091cb68073e9,NO
C26_2069,bfe919befc7fc472,NO
C26_2070,c98435034958cab7,NO
C26_2071,6323c19bb7a18620,NO
C26_2072,429aabd434c0d9b5,NO
C26_2073,92cff4414bbd7c87,NO
C26_2074,4d533295ab698c63,NO
C26_2075,a4d24576b74509aa,NO
C26_2076,29e8abb6dc61b248,NO
C26_2077,c9b62e4de66db121,NO
C26_2078,e80f3f0a069a7796,NO
C26_2079,6a3ee97168b2c89a,NO
C26_2080,9ca362ebb0a7823d,NO
C26_2081,bcd55feab26bc74a,NO
C26_2082,f028a829af37198c,NO
C26_2083,70a9675dc5d45bdf,NO
C26_2084,8246096b3ba35ee2,NO
C26_2085,adc3b9620863e2ee,NO
C26_2086,d89d6f646b681797,NO
C26_2087,26fd2de9acd091df,NO
C26_2088,4b050461d113037b,NO
C26_2089,344a99c3d17b4f25,NO
C26_2090,e01649d9eade825c,NO
C26_2091,7b288b4fe41ba58c,NO
C26_2092,f66881370189c470,NO
C26_2093,3e4d86d787f4492c,NO
C26_2094,fffa1bff86c53b15,NO
C26_2095,430df68787afc448,NO
C26_2096,e3c62f4a8e9c2dc0,NO
C26_2097,21a1b492479365e0,NO
C26_2098,028f887f18a78b04,NO
C26_2099,50b093eecc3e7f7a,NO
C26_2100,eb57472e86aec866,YES
C26_2101,5f21c727a7eada2d,NO
C26_2102,d850a5453a3f8b55,NO
C26_2103,4e4e21a2ce20dbd6,NO
C26_2104,abca6ebf0febc96a,NO
C26_2105,9aceabadddc43ec3,NO
C26_2106,87ab2921c0626f19,NO
C26_2107,6c319447a75b4d49,NO
C26_2108,e6509bc0cb7fe4fe,NO
C26_2109,b91b5186665e91dc,NO
C26_2110,e2b859933503c4b2,NO
C26_2111,5b00e0e156d4e2c6,NO
C26_2112,d926895abd7b0948,NO
C26_2113,849beead98fc0fbc,NO
C26_2114,a052efaf8a409e32,NO
C26_2115,292b4bb763f107ef,NO
C26_2116,7d6217876c35d910,NO
C26_2117,63f24d06075bce27,NO
C26_2118,6a0c5fd49a9a89e8,NO
C26_2119,cf558d6b282e66bf,NO
C26_2120,9dd383c43ba0a96d,NO
C26_2121,059099855146bdd3,NO
C26_2122,1e910810dc07e09d,NO
C26_2123,66bc128bc3747d16,NO
C26_2124,890c1db6d1760dc7,NO
C26_2125,e09ed8699fa46394,NO
C26_2126,5e5aa6267c3adf28,NO
C26_2127,12791ae27984f48d,NO
C26_2128,6a26357f59fa177a,NO
C26_2129,b0cd6a2384329c95,NO
C26_2130,f650b75d590f5759,NO
C26_2131,f736de50c5a86f35,NO
C26_2132,d9db095023aa336e,NO
C26_2133,8dd2960800982974,NO
C26_2134,ffc44399931f6ab2,NO
C26_2135,7f0c2283e01614ba,NO
C26_2136,96240248e67ee662,NO
C26_2137,ddca9823de2df681,NO
C26_2138,69ad5e40c9ef844f,NO
C26_2139,c3f0aca676e9aa75,NO
C26_2140,75155a494744f768,NO
C26_2141,e0a279f643075745,NO
C26_2142,4675da86aac9231c,NO
C26_2143,38ed80b96baf0a89,NO
C26_2144,4929de81c1c0ed08,NO
C26_2145,245f850cfb327363,NO
C26_2146,76951eb781afc980,NO
C26_2147,3c7864c54924cd3e,NO
C26_2148,e120bd7b64884623,NO
C26_2149,345c6fe77dbf6969,NO
C26_2150,bc46b99f326185ae,NO
C26_2151,f582541d3ea2ea88,NO
C26_2152,18f5c2155a406716,NO
C26_2153,b5b0e0ee71e3ea6c,NO
C26_2154,45f2598282fa7a7c,NO
C26_2155,ae69bbcc25c2280d,NO
C26_2156,d5083cccf4fb8059,NO
C26_2157,6cc4605837935351,NO
C26_2158,92be89609af26461,NO
C26_2159,3577d5fd48b30ea5,NO
C26_2160,175e7371a6b4ccfe,NO
C26_2161,247a41bf6c3a8cec,NO
C26_2162,852ab907f5dfe22e,NO
C26_2163,9a4ea09f82e23278,NO
C26_2164,8a40a5a261cd6b98,NO
C26_2165,9024cc7b335afb93,NO
C26_2166,ab1463b57b71ff47,NO
C26_2167,b623541c68d5e432,NO
C26_2168,5a54340c19d4426f,NO
C26_2169,e9530c2653ff47fc,NO
C26_2170,b3706b1f9e90fbf1,NO
C26_2171,0bb1554cdc516a10,NO
C26_2172,bcd4e4d4c397646d,NO
C26_2173,dd84de07fa8ffa9e,NO
C26_2174,fae69bf212b88744,NO
C26_2175,49fc1de34f289d7b,NO
C26_2176,7d672bd9a351e6b7,NO
C26_2177,882a341df570b9d6,NO
C26_2178,2fe7d4f401fc047f,NO
C26_2179,351054024e525013,NO
C26_2180,91f6d2b3e6b72532,NO
C26_2181,221ec34fb10de5d6,NO
C26_2182,9c90be6f37e744dd,NO
C26_2183,f72e685887c349b6,NO
C26_2184,69b93f30994f3201,NO
C26_2185,1f6326dbd1048cdc,NO
C26_2186,9da875431b8fed99,NO
C26_2187,a2b02375be5a8651,NO
C26_2188,09ce610d05fbcb01,NO
C26_2189,c690afd05ac86fdc,NO
C26_2190,cff12afeb8784a5c,NO
C26_2191,451f996ec4968eec,NO
C26_2192,701c3bd54cf76c1b,NO
C26_2193,277046895448b3e5,NO
C26_2194,e93092d3e8d9f4c8,NO
C26_2195,6e36374665ae7708,NO
C26_2196,526573016bca69ab,NO
C26_2197,c0fc444cc0a5cd5e,NO
C26_2198,32ee8f5c3388ed44,NO
C26_2199,b3101333b51e92a5,NO
C26_2200,46ac70d38921e7e0,NO
C26_2201,b25387870f2ad43c,NO
C26_2202,09199b3c0dd57283,NO
C26_2203,9d8c2b829af15976,NO
C26_2204,9558e941c5f4d93f,NO
C26_2205,560939d3d379fdbc,NO
C26_2206,fcf0c59c2c977793,NO
C26_2207,eeb2973fdf3bfe4b,NO
C26_2208,21186f4da82aa3c0,NO
C26_2209,a93e148b4af45bdd,NO
C26_2210,489ab82239892a4c,NO
C26_2211,3550963b9dfefd0a,NO
C26_2212,10e3cfdf05f06a95,NO
C26_2213,84b12d959aa710b9,NO
C26_2214,afdeb6dfd7526928,NO
C26_2215,2d9f48bdd8288c6b,NO
C26_2216,9a63631ec359ee64,NO
C26_2217,217eae0aedab58b8,NO
C26_2218,c6a0bd4b65fb6888,NO
C26_2219,f51f1fdbbe731564,NO
C26_2220,3e65149a82946e60,NO
C26_2221,e4ce4f4cedde5f88,NO
C26_2222,eae84fd823b3ac6b,NO
C26_2223,44d5b1884faa9cca,NO
C26_2224,5c4db092cc09aadc,NO
C26_2225,81f67883ce8c454d,NO
C26_2226,7c63302cd12dba0e,NO
C26_2227,07086f31c75360b0,NO
C26_2228,3d947b4918e3bdd9,NO
C26_2229,b3dc92f3a1584e8d,NO
C26_2230,87e23c8102c034fa,NO
C26_2231,595fc11177f4de00,NO
C26_2232,ae80dd9db64d7bad,NO
C26_2233,90bff6c98bb7a0de,NO
C26_2234,02386d3dc9a5b7c1,NO
C26_2235,d54dcff331b278b8,NO
C26_2236,086619e29a0b5b0e,NO
C26_2237,b16937bc27c1f285,NO
C26_2238,935c42c68abb742d,NO
C26_2239,f5de84843490e271,NO
C26_2240,3098749b8b72e198,NO
C26_2241,8c79013ed6d2be30,NO
C26_2242,bf311bac142c6695,NO
C26_2243,cc2a9d5aca73c44b,NO
C26_2244,5d47a46588030f17,NO
C26_2245,947eee8bddf6b67b,NO
C26_2246,533a30eb03c92674,NO
C26_2247,294988570c0eb502,NO
C26_2248,d57d5107445e8e55,NO
C26_2249,de249d69b0bd373a,NO
C26_2250,314319bf41bba230,YES
C26_2251,905102c220e93445,NO
C26_2252,cdd77b59c2230e50,NO
C26_2253,190609fb38b8c3e7,NO
C26_2254,62df60f3801b6dcf,NO
C26_2255,e5a74af2547bd3fd,NO
C26_2256,a621a1fd2b4a049e,NO
C26_2257,783f401b5bcd364d,NO
C26_2258,afa4a01029d57e80,NO
C26_2259,88ca211c0ad1f10f,NO
C26_2260,69a4cbd8241da1a8,NO
C26_2261,85e13ba580d2d346,NO
C26_2262,5569488feacd9693,NO
C26_2263,c45c52cc7e18ad73,NO
C26_2264,1868564fd28a2952,NO
C26_2265,5eeea005a5848a31,NO
C26_2266,7ba5e4d0862bab22,NO
C26_2267,d9513974a2b65da1,NO
C26_2268,997889600bdc2295,NO
C26_2269,c5b645b9fd11084c,NO
C26_2270,f90bf2bc500bf1b1,NO
C26_2271,3a278df5b4eb3805,NO
C26_2272,8b9d3a6920a7a488,NO
C26_2273,2ef9305fb92c73c1,NO
C26_2274,dbe347faaaeab17f,NO
C26_2275,edddb057169c4b1a,NO
C26_2276,9c679f7c5dd6507e,NO
C26_2277,ac18f3709ce1ebbe,NO
C26_2278,36107884a5c93de6,NO
C26_2279,47ad0c436b7b1ef3,NO
C26_2280,44d87a1b5e6dba05,NO
C26_2281,a71c1893b4633c5f,NO
C26_2282,b7bb927bfef7b1d5,NO
C26_2283,e724e5d67fe3c6d6,NO
C26_2284,191ecdcfe67cfa7b,NO
C26_2285,786815e82949f4bf,NO
C26_2286,c9acaaacb7424cb0,NO
C26_2287,f9ec92cd06fa9bf7,NO
C26_2288,63245ed9280c738d,NO
C26_2289,4b25aac55e28312b,NO
C26_2290,0b862f5e4ef83074,NO
C26_2291,4a5dbb4ed8a66a16,NO
C26_2292,70a9d011df44de5b,NO
C26_2293,fd261e6303d2b5c3,NO
C26_2294,4f93e72720e6af82,NO
C26_2295,bfdf6f06d0f9caaa,NO
C26_2296,06e71cb51cbd996c,NO
C26_2297,e0d386923a20fc29,NO
C26_2298,654a5e5a6e2fd75d,NO
C26_2299,2258952163d2631c,NO
C26_2300,7d26db8a9f28bf56,NO
C26_2301,53e60bf394b1bea1,NO
C26_2302,7f9323550c5f0169,NO
C26_2303,6dc7809df903f83d,NO
C26_2304,2860d49d79e89b4e,NO
C26_2305,017d18dc517a7854,NO
C26_2306,bad18be7ef1b6a8a,NO
C26_2307,9863c82846ac0d83,NO
C26_2308,49bd8957ed3e6b2b,NO
C26_2309,78e668f3ed2dc2d7,NO
C26_2310,77db7179771a205b,NO
C26_2311,a1d4c5e4541574f1,NO
C26_2312,bbf26e4ecc0a7dcd,NO
C26_2313,6f29b6fd72291aa9,NO
C26_2314,913fdd67fffb1b10,NO
C26_2315,07ad5408bb18227c,NO
C26_2316,159c788cfb4457d9,NO
C26_2317,a5b6f073bc49eaa1,NO
C26_2318,ff3e05cd0e756a28,NO
C26_2319,d762b9d141860dba,NO
C26_2320,b91eb87f65f24762,NO
C26_2321,805d6fe99fdcbc5b,NO
C26_2322,c8485759d920452a,NO
C26_2323,a2d7e6eba43fab97,NO
C26_2324,f7f0f081d27e2fbe,NO
C26_2325,470663266134be14,NO
C26_2326,6bdcf59890c6c465,NO
C26_2327,9a288ff52d290307,NO
C26_2328,4bbb4e452e070fcb,NO
C26_2329,2d96c3e24e4ab298,NO
C26_2330,ea47e6289345cd1d,NO
C26_2331,afa6d6452de262cc,NO
C26_2332,978ad31874e7ac79,NO
C26_2333,12c4556253648db0,NO
C26_2334,7beae3788ec8a6f0,NO
C26_2335,96174ae15f29ecf0,NO
C26_2336,d456129d580c9547,NO
C26_2337,5f72e77f89b023b4,NO
C26_2338,471ff1157933fffb,NO
C26_2339,13aa76672889a4cf,NO
C26_2340,33bdc7ff8f8a8028,NO
C26_2341,9fd00f71bb66d61f,NO
C26_2342,91677a7d906d7959,NO
C26_2343,6fc5f1154c213b70,NO
C26_2344,e6a28f55ac770dea,NO
C26_2345,a2353d21b4f75163,NO
C26_2346,3beabca2ef07f928,NO
C26_2347,8942801b42fe6634,NO
C26_2348,7db404755edfb15f,NO
C26_2349,0b87fdd8af21443c,NO
C26_2350,eaf29aee235cf47d,NO
C26_2351,18b4d70e443d3eae,NO
C26_2352,9f6e692e9bba6254,NO
C26_2353,c793599f50012c5c,NO
C26_2354,a17133ab76562cd4,NO
C26_2355,4a3c5d78b82ba9a3,NO
C26_2356,2e019290fbf0d975,NO
C26_2357,9c797e53dc33615e,NO
C26_2358,f4cada82f687f1ce,NO
C26_2359,7ebd7eb09e269bf9,NO
C26_2360,35c0c76f1b29b5c7,NO
C26_2361,621db54525a1c094,NO
C26_2362,240c913cd6a13162,NO
C26_2363,54a9d5c60e15b0c3,NO
C26_2364,fc7e9c2e1deaffc1,NO
C26_2365,e807be1094ceed39,NO
C26_2366,5d20d721db22ca72,NO
C26_2367,b5225fbc26f03c34,NO
C26_2368,ac2ef629cc11be32,NO
C26_2369,2c79d86d34ebf53f,NO
C26_2370,c6e5fc1353fa6ef4,NO
C26_2371,84be9852112073d4,NO
C26_2372,ca98c3df239d9d5e,NO
C26_2373,f3cac286a54b92e6,NO
C26_2374,7b22614b927b49a6,NO
C26_2375,79851cef49feaa3e,NO
C26_2376,e4bab7c380348048,NO
C26_2377,a5959d12424bcc1e,NO
C26_2378,fb4ad69ab90c6c95,NO
C26_2379,48ec852bd09b6449,NO
C26_2380,159c0d789b143a4a,NO
C26_2381,93315e029dc556c8,NO
C26_2382,fb5d7652cb81ae1f,NO
C26_2383,662140283647bd07,NO
C26_2384,730cb6802a7e8cf5,NO
C26_2385,9f0c0ef721af614a,NO
C26_2386,8a8352d195c516f6,NO
C26_2387,65d9004b2a6018de,NO
C26_2388,68fd5efc039f04a8,NO
C26_2389,f77012eb5a448027,NO
C26_2390,e77c99267ccaffce,NO
C26_2391,b408436690ac7690,NO
C26_2392,942dd759ab6e4f5d,NO
C26_2393,84c958e494998b19,NO
C26_2394,faaacb5f835df1d4,NO
C26_2395,5d40521ce63eb36a,NO
C26_2396,4d033d83fda92d25,NO
C26_2397,a0d0b32d51169188,NO
C26_2398,9b09dd62982c83da,NO
C26_2399,06e51a0fec7e7491,NO
C26_2400,4fe8315d94cfdf48,YES
C26_2401,fbe5955c66517b67,NO
C26_2402,ad981f17d8c70eeb,NO
C26_2403,7f2e1135d0b0fd19,NO
C26_2404,a6e7b1124868e122,NO
C26_2405,008d93c42825799e,NO
C26_2406,0afffdabc33c2115,NO
C26_2407,33c1844b8cb1bab3,NO
C26_2408,682f3cc023fd3393,NO
C26_2409,b0ede791e92ccb6d,NO
C26_2410,d99478d185a2287b,NO
C26_2411,e6be74c3664c362d,NO
C26_2412,34bf9e19428f8165,NO
C26_2413,abab74b34070c456,NO
C26_2414,174358da46537c09,NO
C26_2415,200c484dc4e6913a,NO
C26_2416,250e7119dedf7a91,NO
C26_2417,9c48c92b4e9bb2b7,NO
C26_2418,f18a8945775da6da,NO
C26_2419,37ef35062fd09acc,NO
C26_2420,c3aaeb0fff468239,NO
C26_2421,5f9fe2d2eed4550c,NO
C26_2422,be4a49ec20301523,NO
C26_2423,ba94ed49c890b2c5,NO
C26_2424,7b3ef5f5f4863e8c,NO
C26_2425,026f12d9fbf2ed70,NO
C26_2426,cd406e1435c469f5,NO
C26_2427,2eb017926a203318,NO
C26_2428,061a162cefbd6277,NO
C26_2429,47c6fbd830e1758c,NO
C26_2430,d6e54d0e91789476,NO
C26_2431,739b42c08263b32e,NO
C26_2432,65be07e41406b5eb,NO
C26_2433,17eca852cd727240,NO
C26_2434,ea3972712445f2b4,NO
C26_2435,b94c96132325829d,NO
C26_2436,6232cc6241b41f44,NO
C26_2437,fbeda3ec8263ad58,NO
C26_2438,b6bcf0cdb3f6ee6d,NO
C26_2439,7c55854f7322fa8e,NO
C26_2440,777694b762b298c7,NO
C26_2441,ba9170934df464bd,NO
C26_2442,6783443fc270c087,NO
C26_2443,67fa5a5c232b0661,NO
C26_2444,e20444959c90c3ca,NO
C26_2445,d0a48d9cf5034301,NO
C26_2446,7e5e89b4ffe66d4b,NO
C26_2447,5fc1a8b55a2facd3,NO
C26_2448,c86e835fe26dc69f,NO
C26_2449,59f6cfcec1b81e40,NO
C26_2450,30f6561aa3ad0a1d,NO
C26_2451,7d3e1c61db01ab24,NO
C26_2452,842286df454de0f8,NO
C26_2453,e1d5531683e77a02,NO
C26_2454,bfe55bd53907f448,NO
C26_2455,b858b1e712527eb8,NO
C26_2456,4eb6f152e8df224f,NO
C26_2457,fe4288d6733cd3ea,NO
C26_2458,33b4cf13d516db89,NO
C26_2459,75c94fa25fd7c71e,NO
C26_2460,497d3c400974496c,NO
C26_2461,a8b0d559468caea2,NO
C26_2462,5aac801c7e305abf,NO
C26_2463,0460a26aaf67d508,NO
C26_2464,7a8581d8e04baa15,NO
C26_2465,f31cba13565ea94b,NO
C26_2466,bc28337c0dfe299c,NO
C26_2467,264748b3b20e4340,NO
C26_2468,a111d47a8dc12b09,NO
C26_2469,70a044c274d52819,NO
C26_2470,5a5f6a2b878eaa32,NO
C26_2471,65a6795263a6584c,NO
C26_2472,705708304725f79f,NO
C26_2473,8ff0adbe9968b246,NO
C26_2474,1ac1e02e96bc5f52,NO
C26_2475,928b2a7b0eaea707,NO
C26_2476,568dc0d41da8d089,NO
C26_2477,7a777fcc88d4e7a2,NO
C26_2478,c64f4fac25ac12de,NO
C26_2479,fb38cba670536e00,NO
C26_2480,f830f93db15e229a,NO
C26_2481,bcc3cc2d02240247,NO
C26_2482,f2595faa0398434e,NO
C26_2483,6c1432ee9cff3594,NO
C26_2484,20091b43e2306d49,NO
C26_2485,969a4647a286d955,NO
C26_2486,e02bcd5df48e2708,NO
C26_2487,86528101c1a09b4c,NO
C26_2488,1c8b87baa039d279,NO
C26_2489,378bb2e1cdd993ff,NO
C26_2490,97769c7a71977e95,NO
C26_2491,4e46ab3fcb3825c2,NO
C26_2492,3fdffa517814f303,NO
C26_2493,ed94734c69ad9266,NO
C26_2494,4e95bc1409925676,NO
C26_2495,0531d14820c5c450,NO
C26_2496,115de0c1b4551866,NO
C26_2497,5bc76dcecb73ede6,NO
C26_2498,895e2b9e76d00fad,NO
C26_2499,cf28568a78c169f3,NO
C26_2500,0f32fc6f397ec890,NO
C26_2501,27adcda5f3882e6a,NO
C26_2502,a6843e7ce66d3eb2,NO
C26_2503,b1e276100d55f583,NO
C26_2504,4d4e9c2b19b2da77,NO
C26_2505,e788a087c7d1b1fa,NO
C26_2506,b3f28b588d1c9d9a,NO
C26_2507,a85ee4d67d197470,NO
C26_2508,7d47c870f1891009,NO
C26_2509,87ce86b68e89b84d,NO
C26_2510,165ddddcb03de177,NO
C26_2511,2cbdb123d85f1ed8,NO
C26_2512,c6ca5c91827c2f7a,NO
C26_2513,9a71459133d1f1fd,NO
C26_2514,fcb161f655e1647c,NO
C26_2515,b37c7edc000f0518,NO
C26_2516,736844fac32029ac,NO
C26_2517,ec1a002909c8a1c8,NO
C26_2518,78664cfa7d3648ef,NO
C26_2519,ea42bbbaa90ae492,NO
C26_2520,44222cee6eb1cae6,NO
C26_2521,5f08bb72f5762669,NO
C26_2522,e4fa20c41f582ff4,NO
C26_2523,81d4db807091d816,NO
C26_2524,60ee1b2051aaf675,NO
C26_2525,9e84fcb05e0fc0fd,NO
C26_2526,dceae3202eb465b1,NO
C26_2527,45eafeb405678e43,NO
C26_2528,ba12c49e9d061758,NO
C26_2529,1c417806843486e4,NO
C26_2530,f1c75530d82793a7,NO
C26_2531,adef2e7f425c2896,NO
C26_2532,03e839ae5465db07,NO
C26_2533,1378d629c9ae2113,NO
C26_2534,4f48e31ece48eacb,NO
C26_2535,9da8d9a30727550b,NO
C26_2536,42619cd28369ecaf,NO
C26_2537,0cb8912fe1813c00,NO
C26_2538,18b9339535f91783,NO
C26_2539,bfff055d572ef451,NO
C26_2540,58ae35428daedd62,NO
C26_2541,99e26b2e25c1c475,NO
C26_2542,f3a09e3bd1626390,NO
C26_2543,e600330ac3d55aad,NO
C26_2544,19ba69e55dafc3ae,NO
C26_2545,b02b43cfaa83617e,NO
C26_2546,7638f67ac2cf851e,NO
C26_2547,15fda7206151a304,NO
C26_2548,94b0c834301025ce,NO
C26_2549,1d3db7bad3fa1420,NO
C26_2550,39dd38ae1f8cc5af,YES
C26_2551,fd8be4e688ac6153,NO
C26_2552,c1b9f3147d55c131,NO
C26_2553,026534a7d7541b4e,NO
C26_2554,8a33eedef6d59798,NO
C26_2555,cba11e36b1221848,NO
C26_2556,ff8a0a4c24fc8c12,NO
C26_2557,07b058723c69cba7,NO
C26_2558,0fb24ee5b621cec9,NO
C26_2559,8dfaaf17ba7625ac,NO
C26_2560,192c7947c14141d1,NO
C26_2561,c3b7563d86aead17,NO
C26_2562,893c29c1b21a4be8,NO
C26_2563,9164a25e08abbac7,NO
C26_2564,e56cb27bff7ea5a4,NO
C26_2565,24a9f678f8364c59,NO
C26_2566,848468c5bac19e04,NO
C26_2567,7d769f01cf6f36d5,NO
C26_2568,8d080ff4081921f9,NO
C26_2569,4be82b99f096c146,NO
C26_2570,60869d7fcca81613,NO
C26_2571,a741e215c27f788a,NO
C26_2572,3f6f6717c0b85ea9,NO
C26_2573,05d206186a2229ae,NO
C26_2574,d38b8205f9c5e630,NO
C26_2575,67ee1f690a91e053,NO
C26_2576,4e5bfad5328dada8,NO
C26_2577,a52e077da466b6b4,NO
C26_2578,f0273a8083510e96,NO
C26_2579,ce1ec1d7a70aa485,NO
C26_2580,c800da4125213e71,NO
C26_2581,a022075cb11d2638,NO
C26_2582,ed507cd6c1e67a26,NO
C26_2583,6fbe61cfbf086348,NO
C26_2584,716cc8174f018dd9,NO
C26_2585,b47825f36625fa8e,NO
C26_2586,c028a6605d87ab42,NO
C26_2587,88849731a84231c3,NO
C26_2588,993b064ef4332b4d,NO
C26_2589,fec6d30f0b46fa3e,NO
C26_2590,0d990fdafeaa34ac,NO
C26_2591,abce35085e97522e,NO
C26_2592,e4bcdd8553013640,NO
C26_2593,f6834ab706a3c0ec,NO
C26_2594,b9f74ce8538b3507,NO
C26_2595,f468743abfc66b19,NO
C26_2596,55c6c242306cdcf8,NO
C26_2597,81a3130bad5abfb3,NO
C26_2598,7fa8c4f6434695bd,NO
C26_2599,f039dc1fe566c227,NO
C26_2600,58644b6bc675113e,NO
C26_2601,216450b7348a3a19,NO
C26_2602,7ff075cfc8f02878,NO
C26_2603,f6af7bf51d0541f5,NO
C26_2604,893fde339bd06c80,NO
C26_2605,f31edbf8ce3f981d,NO
C26_2606,6d9839046ea6c849,NO
C26_2607,889417a4ca2d52e1,NO
C26_2608,f8f13cb688c85e91,NO
C26_2609,c75691d8cbedf257,NO
C26_2610,c65aeb8026be14f8,NO
C26_2611,d2e5f67522735faa,NO
C26_2612,5e4ef69f75dae4bb,NO
C26_2613,b84ff8656aca68fc,NO
C26_2614,68a221cc7f802a7b,NO
C26_2615,caf98016d3c534a9,NO
C26_2616,ca44d4d424401462,NO
C26_2617,b310ad1b6e767687,NO
C26_2618,fe9de5533210c265,NO
C26_2619,e7e7243f937ae1b3,NO
C26_2620,8f851f648bc33bba,NO
C26_2621,e337690df46f129c,NO
C26_2622,7b2357a92ee87e90,NO
C26_2623,e3ce397c5b2c874f,NO
C26_2624,07ae66c1c94740f0,NO
C26_2625,6d7769e6184d9875,NO
C26_2626,9d94dab235ec15b4,NO
C26_2627,dd8a5d11d2cce624,NO
C26_2628,8f276a128a111d34,NO
C26_2629,c624ccba69f115d2,NO
C26_2630,0413857c6502df8d,NO
C26_2631,17333fa93ddf42c2,NO
C26_2632,fbd3f7166e6f2595,NO
C26_2633,078e80c78e404a30,NO
C26_2634,04e716309d104f21,NO
C26_2635,3c78bb1fcb83cd9e,NO
C26_2636,3557fb11bd013a67,NO
C26_2637,ab0095eb7d0d1156,NO
C26_2638,32bd58a55db5c481,NO
C26_2639,3199871d2b3607b1,NO
C26_2640,ecb732aa10bea8fb,NO
C26_2641,9f0b172c29fb0453,NO
C26_2642,fc0e7bd17c27b455,NO
C26_2643,531f7a5de6f23b85,NO
C26_2644,d6b1a4ad403fc7a0,NO
C26_2645,964a78f7b0316ccd,NO
C26_2646,2826e81c14861cc8,NO
C26_2647,4013d4f31ebbb163,NO
C26_2648,58acd18a2322f470,NO
C26_2649,f12eee93c4d0e4dc,NO
C26_2650,3db8cdc19b2ccd51,NO
C26_2651,bd9afb50e0204870,NO
C26_2652,e515e744645d6510,NO
C26_2653,bb4630b2b884abaf,NO
C26_2654,f1831fc8571df456,NO
C26_2655,cebbacafc0dff23a,NO
C26_2656,9702d425a8fd7c75,NO
C26_2657,0943e8657d6c4e36,NO
C26_2658,ab53e76f252ce68d,NO
C26_2659,3b4d76a01ed487fe,NO
C26_2660,022dc041296c725e,NO
C26_2661,6b46aff46743007a,NO
C26_2662,05f3463d5aa559a1,NO
C26_2663,b87a7eec36dd8021,NO
C26_2664,5c7ba393a0aedb16,NO
C26_2665,6ad23b5c75d87d93,NO
C26_2666,c58f37e90bad1607,NO
C26_2667,d8504fc7bc24f026,NO
C26_2668,aa9ed0002ce4a443,NO
C26_2669,784d9334ecd01faf,NO
C26_2670,7711cff68d77a247,NO
C26_2671,e8f246201f37d257,NO
C26_2672,a7b21f69130d2c4b,NO
C26_2673,482ff2b04f2af4a7,NO
C26_2674,0b0c77a192275d91,NO
C26_2675,b4c01467f384d87d,NO
C26_2676,5f39003f13b6453c,NO
C26_2677,87c6a4cf6919b94a,NO
C26_2678,6964daa6103fea37,NO
C26_2679,4c4a47f55d5648ce,NO
C26_2680,6ef87202c9d1c9b5,NO
C26_2681,1a090594545b8f19,NO
C26_2682,748eb9981c55b2f7,NO
C26_2683,6ab87962847559bf,NO
C26_2684,af891589e0a45a77,NO
C26_2685,23305d0ca611eff4,NO
C26_2686,9512e22e052ed14c,NO
C26_2687,9f5fa9c600acb73b,NO
C26_2688,855582a53ff309f5,NO
C26_2689,1c2445f8b465c605,NO
C26_2690,3261242a5453cf0c,NO
C26_2691,8dc78c0249eaac7b,NO
C26_2692,76ff15425ce79fb9,NO
C26_2693,2997e58df66b44bd,NO
C26_2694,559124d53ac49796,NO
C26_2695,fae09a43b029b07c,NO
C26_2696,150884a298de6864,NO
C26_2697,1573f59c466faa17,NO
C26_2698,d685274be68f884a,NO
C26_2699,f2e8da306d8a27d4,NO
C26_2700,1dd9ac65d1609111,YES
C26_2701,be0064baa95f7a46,NO
C26_2702,86da30e37c0416b5,NO
C26_2703,175547f676c92088,NO
C26_2704,5f8fc4b313a46681,NO
C26_2705,2e34613333ac925a,NO
C26_2706,9e806ef079bbeced,NO
C26_2707,3c0bcdd00d291152,NO
C26_2708,a68c2dc9f5377d12,NO
C26_2709,e5d65423f5a7b05a,NO
C26_2710,20b6e9334131344a,NO
C26_2711,b24a9f3ff525265b,NO
C26_2712,2a41f9ad9b4e21fa,NO
C26_2713,7ccefd4146251ff8,NO
C26_2714,128d00107e76fd79,NO
C26_2715,eec5c45d3057d6de,NO
C26_2716,58cf470eacad90f6,NO
C26_2717,e514c819ad33224f,NO
C26_2718,1a30d339f7e37a13,NO
C26_2719,7b539522f970cb1c,NO
C26_2720,7c1f896dc310de11,NO
C26_2721,a9b49999b2185179,NO
C26_2722,ba525e5a318a0f00,NO
C26_2723,d78ab994f8d89315,NO
C26_2724,17bf7b37e9d886d3,NO
C26_2725,bd3575269b136bce,NO
C26_2726,a83f0fe586d81518,NO
C26_2727,1a658e9122eeefb5,NO
C26_2728,d9a5d41825c9d442,NO
C26_2729,3f96b42c59fa2a3e,NO
C26_2730,887fac00388394a6,NO
C26_2731,9e22d105ecb55093,NO
C26_2732,7730dea099644063,NO
C26_2733,6fa21faf214df419,NO
C26_2734,faec0dbf29fe78b5,NO
C26_2735,112094ae97af1f1b,NO
C26_2736,734f1cadc1fdb064,NO
C26_2737,c7cd90583382362c,NO
C26_2738,65f1b2b1ffad7d85,NO
C26_2739,05b6b429b8a6e7e7,NO
C26_2740,1824409111716b97,NO
C26_2741,55c68c41e54c384d,NO
C26_2742,978ac79b7e1d2f91,NO
C26_2743,4f18d7a59b483059,NO
C26_2744,c4510d6dd17dc150,NO
C26_2745,8c6d8241533ea509,NO
C26_2746,feafc13963d5b5a7,NO
C26_2747,87e8526f5380d060,NO
C26_2748,b12b08992b288a62,NO
C26_2749,6310d56f2af7f175,NO
C26_2750,744891848c61f2f0,NO
C26_2751,2d823cfc5021349d,NO
C26_2752,0abcfbaf7d1fe35b,NO
C26_2753,8c081dd7666d2881,NO
C26_2754,e998ac183d0adcbf,NO
C26_2755,86398a47add18ccd,NO
C26_2756,62d2bd91014cb45c,NO
C26_2757,6b77bb8b87bf1934,NO
C26_2758,939e5dd65b95d9cc,NO
C26_2759,e6440c7b2c179bec,NO
C26_2760,ffb79132baf6be31,NO
C26_2761,c1d1b463b5b6ac68,NO
C26_2762,2a419c77e4658c68,NO
C26_2763,e3ace59267678ec7,NO
C26_2764,d3301c33aaaacd76,NO
C26_2765,e50b9bb676aa6f1d,NO
C26_2766,76f5cd383f080c64,NO
C26_2767,fddd8f83eb7671ea,NO
C26_2768,bd801128f87a6343,NO
C26_2769,0a7df5ad02c2d0e6,NO
C26_2770,70f14f4a35a06d7e,NO
C26_2771,0dd69ba031601a07,NO
C26_2772,5df1c2280332ee1f,NO
C26_2773,ad2a6ba3a78191d0,NO
C26_2774,2143e17a4d1e84ad,NO
C26_2775,733530f59a188ba3,NO
C26_2776,168219a726dc354f,NO
C26_2777,1da1511c1d68c4fb,NO
C26_2778,8eb3dddbad1745d7,NO
C26_2779,cf24301cf8ac2935,NO
C26_2780,0963a7320a6ca2b0,NO
C26_2781,e3aba29f26103526,NO
C26_2782,3d743b4c4a981701,NO
C26_2783,e0abbc9534c7456c,NO
C26_2784,842cd0c5557cd7f2,NO
C26_2785,9b19c3f625901951,NO
C26_2786,89c68ce0b780967b,NO
C26_2787,780e09cbf9f5dbc8,NO
C26_2788,56aa2ff9914f133c,NO
C26_2789,da679432f9d979d7,NO
C26_2790,ad5723a75a1a4da5,NO
C26_2791,7a3c10c4e433ea2b,NO
C26_2792,5dc195b226003ade,NO
C26_2793,70bcaae4ce09780e,NO
C26_2794,a8d33e171fb60d9c,NO
C26_2795,eec45ce62dbf22a5,NO
C26_2796,2bf694f7044c3989,NO
C26_2797,565c9eb9545e4b8a,NO
C26_2798,0b8b60b481abd195,NO
C26_2799,83e4ea50b59265d8,NO
C26_2800,14bcb34245be9baa,NO
C26_2801,f738dedbf0bc1c3a,NO
C26_2802,981e9e195c314a5b,NO
C26_2803,56d8fafce7c2c266,NO
C26_2804,8c390222eb827e15,NO
C26_2805,845a99aa475e7859,NO
C26_2806,6d2f2c4d1384d6ed,NO
C26_2807,93e304604b6ff567,NO
C26_2808,d0b953892411cf9a,NO
C26_2809,866034784c4dec14,NO
C26_2810,4f0f1f8b947847ea,NO
C26_2811,628d52e1734f8c04,NO
C26_2812,b4a48bd9a216ee95,NO
C26_2813,e69a048d21ae6f64,NO
C26_2814,765b3c087d4c7178,NO
C26_2815,b58b54b8821c4cef,NO
C26_2816,2b5413f8f7a73cc4,NO
C26_2817,021d94f4ab784c1f,NO
C26_2818,8b2ce5e79ebffe83,NO
C26_2819,fc4b99b617cd93e5,NO
C26_2820,cd4dc56b8e796d42,NO
C26_2821,6f9ed7238b1ee13c,NO
C26_2822,cdf0dc490aa5a7dd,NO
C26_2823,1d2bf7e591784808,NO
C26_2824,1fedb78ef5a0cf82,NO
C26_2825,8ad00a1f82af03b8,NO
C26_2826,13ad36ebe36aa88b,NO
C26_2827,3c74dbb0f37f6477,NO
C26_2828,c5b976608f4e88a1,NO
C26_2829,96d81d18394b6c9d,NO
C26_2830,df46034c5368b0d6,NO
C26_2831,4362af48cf1415a6,NO
C26_2832,b7914f1ebc8e56bb,NO
C26_2833,0653a24862c9d313,NO
C26_2834,600dec66e1164e3f,NO
C26_2835,3704d10349bb3915,NO
C26_2836,066dec5bd70f8caa,NO
C26_2837,f3067c3ea374b2da,NO
C26_2838,87a281478ca3c47b,NO
C26_2839,ad9b699947f36ecb,NO
C26_2840,5e39a071d150c545,NO
C26_2841,9f8b152868bff203,NO
C26_2842,caba288cfbeff5ae,NO
C26_2843,79aa2c2e9e98dca4,NO
C26_2844,6d4e20fd002c5b9a,NO
C26_2845,8311bd1c98db58ee,NO
C26_2846,42a070deaa9cf340,NO
C26_2847,5a82c9a4117761fd,NO
C26_2848,56c43ee35deab5f9,NO
C26_2849,a4a0d48407578e2e,NO
C26_2850,48ab349457dfb29a,YES
C26_2851,f652f3aadba44f21,NO
C26_2852,dfe8f34272fd935a,NO
C26_2853,05094d7cce7403fe,NO
C26_2854,98df732fafa1308b,NO
C26_2855,df9218ba71e38cfb,NO
C26_2856,9543992ebe32172e,NO
C26_2857,f4f1a3dea44c8e9a,NO
C26_2858,f7154bec402d8727,NO
C26_2859,c9806fbc77a18dbe,NO
C26_2860,97d08075c50330a4,NO
C26_2861,b23a798a4ba93018,NO
C26_2862,b4960b671c4e792f,NO
C26_2863,212a6febecc228fb,NO
C26_2864,ec0b278159dd2370,NO
C26_2865,9f5f660109b9980e,NO
C26_2866,102799b6e42462c6,NO
C26_2867,122a3caca662e10e,NO
C26_2868,dd3e8dc76d7de8b5,NO
C26_2869,981d3f86e570f89d,NO
C26_2870,cd816b5baf410fcb,NO
C26_2871,06a523689a5a7f38,NO
C26_2872,c98998fb44ce9fad,NO
C26_2873,61e32c23c3b2faf0,NO
C26_2874,dc2bf0559a6fd825,NO
C26_2875,4506acd8fa844ff8,NO
C26_2876,1991607ac66816d4,NO
C26_2877,38e6b31a4a23a4ff,NO
C26_2878,85b2e9883e6b85ba,NO
C26_2879,9095e8f0ac1d397f,NO
C26_2880,f0f24e3a068eafde,NO
C26_2881,b98d0bc025647e24,NO
C26_2882,5ad002937ec40fa5,NO
C26_2883,fa4cd7088e3b6e2e,NO
C26_2884,0700b9bdca4dc562,NO
C26_2885,df028b4f87ff588a,NO
C26_2886,7ac02de20b100885,NO
C26_2887,d75edcb7584aff80,NO
C26_2888,64b4506161da6a71,NO
C26_2889,05d875fd9ca4aeda,NO
C26_2890,e37c0c70cff49498,NO
C26_2891,14c5fe3d432f9ecb,NO
C26_2892,24807ada97b8fa2a,NO
C26_2893,380d0ba74df09359,NO
C26_2894,c325fcf67e121b17,NO
C26_2895,b90e9cd83b3e2777,NO
C26_2896,304b0717874e2630,NO
C26_2897,8553305d8c866805,NO
C26_2898,7696b70ca89ac0ba,NO
C26_2899,ca3c932c2973de22,NO
C26_2900,f06b2c4e488d0c1e,NO
C26_2901,576bbe9c04fbd8bf,NO
C26_2902,a614e3c387f237e6,NO
C26_2903,b701723a2c783b9e,NO
C26_2904,b1d84f8cc4d212d1,NO
C26_2905,19e439b5aade62c8,NO
C26_2906,a627fb993b955290,NO
C26_2907,af0795fdec9f258a,NO
C26_2908,7f44828c9ca218da,NO
C26_2909,cb861a7bebc5fa42,NO
C26_2910,83ed0f84bd7a36ad,NO
C26_2911,1a2bfec2f0ac03e3,NO
C26_2912,3742fd88fccb4129,NO
C26_2913,cf6b42e9a6dcc3c4,NO
C26_2914,e6ad872b0d5ebc88,NO
C26_2915,88f9c46fb44c279a,NO
C26_2916,2b224bd233b8b540,NO
C26_2917,8d8e9cd35405bd43,NO
C26_2918,9018b8de5599ade9,NO
C26_2919,6613e764816ca142,NO
C26_2920,bd1b52da04aa151a,NO
C26_2921,b5401511324dc60b,NO
C26_2922,ef14d5201a44a0ee,NO
C26_2923,e9f765c69fdc7355,NO
C26_2924,5b31994068ca5af0,NO
C26_2925,4f06f1b82bfb70af,NO
C26_2926,a5a67cf1b17db40a,NO
C26_2927,071628e60c4f807d,NO
C26_2928,2b44b12d354f7058,NO
C26_2929,74e112197310e575,NO
C26_2930,df6805ec42244700,NO
C26_2931,4487a802b175caac,NO
C26_2932,da0d7c97f0d61eb4,NO
C26_2933,6d61ef9d349c1efb,NO
C26_2934,002dc96e2d2a0537,NO
C26_2935,db1382320e58689e,NO
C26_2936,920fdb1196910c57,NO
C26_2937,a51afa9b86983083,NO
C26_2938,65da5dd75e487111,NO
C26_2939,60585f6395d067f1,NO
C26_2940,93330ae4971d63a7,NO
C26_2941,b83b9c080b6263aa,NO
C26_2942,9636ea2a9458aacb,NO
C26_2943,865d49d8604f8b6f,NO
C26_2944,b685a4a0a05d7d57,NO
C26_2945,9fb16305ffe1bc78,NO
C26_2946,3af71ddecbfa281e,NO
C26_2947,75bf7ab58b42106d,NO
C26_2948,e7cd8bebe4d88aaf,NO
C26_2949,75005ee297b8cf01,NO
C26_2950,c8acc002e37951b3,NO
C26_2951,64529a682ff0e4f8,NO
C26_2952,123e8bd5083db8a3,NO
C26_2953,bdec5c5ea2ab028f,NO
C26_2954,9a2f2df2ef2d548b,NO
C26_2955,e0754d9f17cf0e37,NO
C26_2956,102e20bef8349b7a,NO
C26_2957,c5eb513c5eaf71ad,NO
C26_2958,266ca685b7984347,NO
C26_2959,9275c38857ec4a4b,NO
C26_2960,41c723365ea1d612,NO
C26_2961,c666f9a5a2056497,NO
C26_2962,d820b584d48691c7,NO
C26_2963,a2620ca0c2593dd4,NO
C26_2964,5a54fbf667e72c4c,NO
C26_2965,260b78eb0a041085,NO
C26_2966,0177eb4a349e156c,NO
C26_2967,10bb1c49c080468b,NO
C26_2968,dbe092f3958b26c2,NO
C26_2969,f2f27fb209764eaf,NO
C26_2970,9ba208100f721184,NO
C26_2971,886e2c35cf4f4b3c,NO
C26_2972,b89c114fec43b957,NO
C26_2973,ab316432d1ad0339,NO
C26_2974,559e760e5d44310b,NO
C26_2975,a0633893489a645d,NO
C26_2976,c47b13c45360f77f,NO
C26_2977,7914b38ccf13ac8f,NO
C26_2978,d7c9f25cc14ddd1c,NO
C26_2979,3ddffe7285256351,NO
C26_2980,634fcb64054f1dfb,NO
C26_2981,5990cf025776b27b,NO
C26_2982,13dc16b1f1e56e6a,NO
C26_2983,0c001433d631e600,NO
C26_2984,451633a8951fe720,NO
C26_2985,fc8099aa2d89e8c6,NO
C26_2986,60e80832b89afdc7,NO
C26_2987,8e77a2f4fe2e9c7b,NO
C26_2988,2e4286a3218655a8,NO
C26_2989,721d4325290ad57e,NO
C26_2990,9ac2869dbd554284,NO
C26_2991,1a6bf20f36107fc4,NO
C26_2992,8b94a2a2316abebc,NO
C26_2993,8c297c2382662376,NO
C26_2994,7258f4279da87151,NO
C26_2995,9b1f951b0f4f004c,NO
C26_2996,dc88cd3710f17677,NO
C26_2997,0e65b9c0793f5421,NO
C26_2998,014b7594fc403812,NO
C26_2999,95e8c46cb6025ac0,NO
C26_3000,34d3a9cfd4bd28cf,YES
