trade_id,source,setup_time,entry_time,exit_time,side,entry_price,stop_loss,take_profit,exit_price,net_pnl,R,MFE_1,MFE_2,MFE_3,MFE_6,MFE_12,MFE_24,MAE_1,MAE_2,MAE_3,MAE_6,MAE_12,MAE_24,time_to_MFE,time_to_MAE,reached_0_5R,reached_1R,immediate_failure,funding_drag,chop_state,retest_quality,trade_classification
0,Variant C Core,2020-01-10 08:00,2020-01-10 09:00,2020-01-10 14:00,Long,7701.9903,7565.5499,7951.3752,7947.3995,167.1585,1.649,0.010778,0.019778,0.025257,0.050118,0.05687,0.056254,0.004154,-0.008172,-0.013805,-0.031422,-0.039472,-0.045874,12.0,1.0,1,1,0,0.0,trending,confirmed,elite_winner
1,Variant C Core,2020-01-14 03:00,2020-01-14 04:00,2020-01-14 14:00,Long,8465.3262,8346.32,8641.3955,8637.0748,127.9909,1.2808,0.010002,0.00676,0.009412,0.007994,0.028667,0.033038,-0.000285,-0.001098,-0.00419,-0.001261,-0.006459,-0.013128,24.0,,1,1,0,1.8521,trending,confirmed,weak_winner
2,Variant C Core,2020-01-15 00:00,2020-01-15 01:00,2020-01-17 06:00,Short,8788.0793,9000.9515,8561.1485,9005.452,-107.2242,-1.0203,0.001488,0.006562,0.02408,0.018803,0.001865,0.018898,0.006022,0.004201,-0.004902,-0.010936,0.015148,-0.001245,3.0,12.0,1,1,0,-5.0793,trending,confirmed,funding_loser
3,Variant C Core,2020-01-17 22:00,2020-01-17 23:00,2020-01-19 01:00,Short,8948.5396,9108.3264,8779.6736,9112.8806,-108.7074,-1.027,0.010075,0.004638,0.004866,0.013756,0.009,0.003078,0.00507,0.005192,0.000759,-0.007631,-0.005871,0.002175,6.0,2.0,1,0,0,-6.7021,trending,confirmed,funding_loser
4,Variant C Core,2020-01-19 08:00,2020-01-19 09:00,2020-01-19 11:00,Short,9117.8087,9238.2432,8990.6368,8995.1321,86.8566,0.8767,0.007689,0.06721,0.059827,0.0565,0.051251,0.051671,-0.003301,-0.00759,-0.045295,-0.050818,-0.039141,-0.048127,2.0,,1,1,0,0.0,trending,confirmed,weak_winner
5,Variant C Core,2020-01-19 12:00,2020-01-19 13:00,2020-01-23 12:00,Short,8650.0414,8822.168,8400.725,8404.9253,146.0559,1.3082,0.003233,0.005479,0.003685,0.001641,0.000785,0.014333,0.001729,0.000511,0.004081,0.001756,0.00571,0.000228,24.0,12.0,1,1,0,-12.0227,trending,confirmed,weak_winner
6,Variant C Core,2020-01-24 15:00,2020-01-24 16:00,2020-01-25 00:00,Short,8513.505,8643.5334,8374.8866,8379.074,95.4995,0.909,0.007459,0.004758,0.003698,0.008986,0.026954,0.02132,-0.002878,-0.000864,0.00163,0.000645,-0.021633,-0.017796,12.0,3.0,1,1,0,-3.4661,trending,confirmed,weak_winner
10,Variant C Core,2020-01-30 23:00,2020-01-31 00:00,2020-01-31 05:00,Short,9530.4209,9693.3657,9357.9743,9362.6533,47.1361,0.9176,0.008019,0.012615,0.009289,0.021216,0.028899,0.018152,-0.001885,-0.003903,-0.004451,-0.01379,-0.01998,-0.012936,12.0,,1,1,0,-1.5616,trending,confirmed,weak_winner
11,Variant C Core,2020-02-02 10:00,2020-02-02 11:00,2020-02-03 00:00,Short,9439.2298,9553.2892,9316.7108,9321.3692,96.7907,0.8781,0.002829,0.003309,0.006466,0.002882,0.012102,0.014326,0.00537,0.000381,0.00326,0.002284,-0.000994,-0.004142,24.0,1.0,1,1,0,-10.3513,trending,confirmed,weak_winner
12,Variant C Core,2020-02-05 16:00,2020-02-05 17:00,2020-02-05 18:00,Short,9583.0735,9704.0244,9452.5956,9708.8764,-120.2391,-1.0372,0.001004,-0.008027,-0.009261,-0.001866,-0.005836,-0.016898,0.02254,0.01759,0.01445,0.011073,0.0094,0.024928,1.0,24.0,0,0,1,0.0,trending,unconfirmed,whipsaw_loser
13,Variant C Core,2020-02-05 23:00,2020-02-06 00:00,2020-02-06 12:00,Short,9634.8252,9776.8752,9483.1248,9781.7636,-100.2363,-1.0322,0.00787,0.005915,0.005483,0.001843,-0.007387,-0.013199,0.001283,0.001284,0.001367,0.006627,0.022125,0.02044,1.0,12.0,1,0,0,-16.3646,trending,confirmed,funding_loser
14,Variant C Core,2020-02-06 17:00,2020-02-06 18:00,2020-02-09 00:00,Short,9786.4767,9956.9689,9606.2911,9961.9473,-95.2826,-1.0276,0.006435,0.004228,0.004197,0.002501,0.003727,-0.000252,-0.000363,0.001555,0.002434,0.004627,0.00128,0.003221,1.0,6.0,1,0,0,-18.2803,trending,confirmed,funding_loser
15,Variant C Core,2020-02-09 05:00,2020-02-09 06:00,2020-02-10 05:00,Short,10114.2041,10233.5831,9984.8369,9989.8293,54.7729,0.8825,0.000904,0.00091,0.002699,-0.00148,0.004271,0.027111,0.006934,0.004726,0.003492,0.004676,-0.000274,-0.007874,24.0,1.0,1,1,0,-12.4406,trending,confirmed,weak_winner
16,Variant C Core,2020-02-11 15:00,2020-02-11 16:00,2020-02-11 16:00,Short,10209.9998,10371.6774,10037.1026,10376.8632,-110.69,-1.0302,-0.005183,-0.002155,-6.5e-05,0.000349,-0.006366,-0.009981,0.012273,0.013222,0.009089,0.003756,0.010269,0.01763,6.0,24.0,0,0,1,-3.1053,trending,unconfirmed,whipsaw_loser
17,Variant C Core,2020-03-08 16:00,2020-03-08 17:00,2020-03-08 23:00,Short,8290.4822,8451.8721,8055.6221,8059.6499,129.979,1.3116,0.002373,0.003037,0.002832,0.035315,0.074499,0.069422,0.00402,0.002113,0.001846,-0.004883,-0.038234,-0.059041,12.0,1.0,1,1,0,0.0,trending,confirmed,weak_winner
19,Variant C Core,2020-03-12 23:00,2020-03-13 00:00,2020-03-13 02:00,Short,4764.6599,5427.2203,3844.4135,3846.3357,141.908,1.369,0.17098,0.23986,0.020472,0.002027,-0.122095,-0.129837,-0.019126,0.097293,0.160622,0.08927,0.18709,0.16942,2.0,12.0,1,1,0,0.1195,trending,confirmed,weak_winner
20,Variant C Core,2020-03-13 18:00,2020-03-13 19:00,2020-03-15 21:00,Long,4963.9311,4052.4216,5880.3384,5877.3982,105.3643,0.9913,0.109864,0.128158,0.130584,0.11036,0.110007,0.103942,-0.05181,-0.07435,-0.095128,-0.069201,-0.087326,-0.0812,3.0,,1,0,0,-2.2107,trending,confirmed,weak_winner
21,Variant C Core,2020-03-15 21:00,2020-03-15 22:00,2020-03-15 22:00,Long,5900.6934,5590.9847,6337.3818,5588.1892,-109.4249,-1.0089,-0.076671,-0.091469,-0.100506,-0.102751,-0.183389,-0.143118,0.099526,0.122984,0.116841,0.114968,0.252017,0.179163,,12.0,0,0,1,0.0,trending,unconfirmed,whipsaw_loser
22,Variant C Core,2020-03-16 07:00,2020-03-16 08:00,2020-03-16 14:00,Short,4785.4807,5113.2657,4326.2804,5115.8223,-108.52,-1.0077,-0.001592,0.077706,0.076619,0.005768,-0.006169,-0.09576,0.025278,0.006915,-0.039177,0.069284,0.052107,0.136772,2.0,24.0,1,1,0,0.5597,trending,confirmed,failed_continuation_loser
23,Variant C Core,2020-03-18 10:00,2020-03-18 11:00,2020-03-18 13:00,Long,5073.2217,4804.8699,5348.2301,5345.556,99.6931,0.9774,0.012489,0.059879,0.062441,0.034721,0.065398,0.109398,0.003972,0.016404,-0.039263,-0.011783,-0.048052,-0.092205,24.0,2.0,1,1,0,0.0,trending,confirmed,weak_winner
24,Variant C Core,2020-03-19 11:00,2020-03-19 12:00,2020-03-19 15:00,Long,5614.8795,5413.6356,5897.6111,5894.6623,138.2342,1.3253,0.047217,0.046293,0.055232,0.126065,0.115073,0.190807,-0.016296,-0.022106,-0.03254,-0.089623,-0.096818,-0.162981,24.0,,1,1,0,0.0,trending,confirmed,weak_winner
25,Variant C Core,2020-03-20 08:00,2020-03-20 09:00,2020-03-20 18:00,Long,6591.1023,6309.8052,6989.6227,6306.6503,-110.7006,-1.011,0.048535,0.043314,0.014434,0.007596,-0.045102,-0.069631,-0.009148,0.004719,0.00927,0.009422,0.104854,0.106826,1.0,24.0,1,1,0,0.2456,trending,confirmed,failed_continuation_loser
26,Variant C Core,2020-03-23 12:00,2020-03-23 13:00,2020-03-24 08:00,Long,6317.8758,6035.6754,6717.3797,6714.021,140.0223,1.3511,0.001919,-0.00943,0.009833,-0.001563,0.052191,0.072196,0.020495,0.02683,0.014699,0.013156,-0.029302,-0.049403,24.0,2.0,1,1,0,0.7074,trending,confirmed,weak_winner
28,Variant C Core,2020-03-30 00:00,2020-03-30 01:00,2020-03-30 05:00,Long,5891.3028,5740.7521,6047.8079,6044.784,99.0894,0.9433,0.021472,0.018958,0.024901,0.074465,0.076236,0.105188,-0.007122,-0.013353,-0.015735,-0.053102,-0.068568,-0.092174,24.0,,1,1,0,0.0,trending,confirmed,weak_winner
29,Variant C Core,2020-04-01 12:00,2020-04-01 13:00,2020-04-01 20:00,Long,6211.782,6080.9675,6348.3725,6345.1983,100.5035,0.9282,0.006957,0.006153,0.00227,-0.000686,0.068292,0.074088,0.003265,-3.7e-05,0.011556,0.008336,-0.053277,-0.065097,24.0,3.0,1,1,0,-2.4585,trending,confirmed,weak_winner
30,Variant C Core,2020-04-01 23:00,2020-04-02 00:00,2020-04-02 16:00,Long,6637.8555,6475.3251,6872.3224,6868.8862,143.6911,1.3264,-0.00028,-0.003513,-0.003969,0.000957,0.01361,0.026348,0.014331,0.011729,0.009748,0.007812,0.001635,-0.013576,24.0,1.0,1,1,0,-0.2805,trending,confirmed,weak_winner
32,Variant C Core,2020-04-10 07:00,2020-04-10 08:00,2020-04-12 16:00,Short,6923.0161,7059.0169,6725.9177,7062.5464,-119.3327,-1.0247,0.010402,0.003743,0.004558,0.013291,0.00718,0.009306,0.002538,0.003753,0.002027,-0.001832,-0.001158,-0.004278,6.0,2.0,1,1,0,-4.4306,trending,confirmed,failed_continuation_loser
34,Variant C Core,2020-04-23 16:00,2020-04-23 17:00,2020-04-27 00:00,Long,7501.1913,7331.1283,7746.2974,7742.4242,141.6355,1.3162,0.009392,0.005707,0.008205,0.008193,0.006056,0.001868,-0.001177,-0.001205,-0.002473,0.009357,0.001843,0.001092,1.0,6.0,1,0,0,4.7671,trending,confirmed,weak_winner
35,Variant C Core,2020-04-29 13:00,2020-04-29 14:00,2020-04-29 16:00,Long,8291.3004,8161.8509,8481.1237,8476.8832,143.3301,1.287,0.009151,0.06486,0.084107,0.076999,0.083433,0.073294,0.001242,-0.003764,-0.03482,-0.049353,-0.064008,-0.059356,3.0,1.0,1,1,0,0.7126,trending,confirmed,weak_winner
37,Variant C Core,2020-05-06 16:00,2020-05-06 17:00,2020-05-06 23:00,Short,9277.3681,9472.9154,9072.6046,9077.1409,105.9603,0.9323,0.007695,0.005449,0.007262,0.023969,0.004886,-0.03801,-0.000597,0.001469,-0.002422,0.013757,0.004202,0.067061,6.0,24.0,1,1,0,0.0,trending,confirmed,weak_winner
41,Variant C Core,2020-05-21 16:00,2020-05-21 17:00,2020-05-23 03:00,Short,9084.7757,9284.7437,8795.6577,9289.386,-125.8314,-1.0222,0.030004,0.02977,0.008757,0.006029,0.014162,-0.008831,-0.008232,0.001149,-0.000746,0.004696,-0.001441,0.019219,1.0,24.0,1,1,0,-1.1109,trending,confirmed,failed_continuation_loser
42,Variant C Core,2020-06-01 23:00,2020-06-02 00:00,2020-06-02 14:00,Long,10227.2625,10028.1448,10516.2789,10023.1307,-130.5677,-1.024,-0.004621,-0.007556,-0.009662,-0.008636,-0.008337,-0.067688,0.013128,0.01257,0.016648,0.013587,0.011146,0.071832,,24.0,0,0,0,3.9611,chop,unconfirmed,toxic_loser
44,Variant C Core,2020-06-11 16:00,2020-06-11 17:00,2020-06-11 17:00,Short,9095.7867,9271.7732,8820.8389,9276.4091,-59.5029,-1.025,-0.020582,-0.018196,-0.014602,-0.017438,-0.026629,-0.021267,0.032327,0.026298,0.027861,0.025989,0.032214,0.035297,,24.0,0,0,1,0.0,trending,unconfirmed,whipsaw_loser
45,Variant C Core,2020-07-18 18:00,2020-07-18 19:00,2020-07-19 10:00,Short,9188.8797,9222.2901,9118.1199,9122.679,147.2928,1.3388,0.003116,0.002599,0.002649,0.003001,0.003735,0.00423,-0.000908,-0.00151,-0.001186,-0.00115,-0.003252,-0.002272,24.0,,1,1,0,-5.4294,trending,confirmed,weak_winner
46,Variant C Core,2020-07-26 16:00,2020-07-26 17:00,2020-07-27 01:00,Short,9911.6017,10071.7855,9741.5945,10076.8214,-124.365,-1.0296,0.002716,0.005711,0.006215,0.000517,-0.030359,-0.076516,0.003209,0.001718,-0.000363,0.003314,0.043015,0.109532,3.0,24.0,0,0,0,-3.2272,chop,unconfirmed,toxic_loser
47,Variant C Core,2020-07-27 06:00,2020-07-27 07:00,2020-07-27 16:00,Short,10294.0838,10488.7334,10089.1666,10493.9777,-116.2985,-1.0256,0.016038,0.012383,0.006453,0.005199,-0.042832,-0.054489,-0.009431,-0.001732,0.000575,0.010192,0.054775,0.070847,1.0,24.0,1,0,0,-7.9956,trending,confirmed,funding_loser
49,Variant C Core,2020-07-28 15:00,2020-07-28 16:00,2020-08-01 05:00,Short,11170.6595,11542.9425,10787.1975,11548.714,-94.7767,-1.0151,0.022583,0.028258,0.026378,0.027023,0.020616,0.000149,-0.010433,-0.017177,-0.01413,-0.011607,-0.0127,0.010511,2.0,24.0,1,0,0,-24.6305,trending,confirmed,funding_loser
50,Variant C Core,2020-08-01 10:00,2020-08-01 11:00,2020-08-01 19:00,Short,11643.7321,11873.9452,11401.9348,11879.8822,-120.9937,-1.0245,0.000307,0.011915,0.011056,-0.000194,-0.009315,0.06255,0.005677,0.002945,-0.002121,0.009547,0.01622,-0.031045,24.0,12.0,1,1,0,-1.6933,trending,confirmed,failed_continuation_loser
51,Variant C Core,2020-08-02 00:00,2020-08-02 01:00,2020-08-02 04:00,Short,11802.2905,12038.3213,11554.4387,12044.3405,-121.2677,-1.0243,-0.008691,-0.007008,0.111189,0.045693,0.068826,0.057857,0.015057,0.019971,0.029821,-0.035782,-0.056026,-0.052173,3.0,3.0,1,1,0,0.0,trending,confirmed,failed_continuation_loser
53,Variant C Core,2020-09-02 13:00,2020-09-02 14:00,2020-09-03 12:00,Short,11353.342,11549.4871,11067.3446,11072.8783,73.4849,1.2971,0.009484,0.009451,0.005375,0.003647,-0.003786,0.046535,0.000498,0.00133,0.001176,0.003956,0.007798,-0.037288,24.0,12.0,1,1,0,-3.442,trending,confirmed,weak_winner
54,Variant C Core,2020-09-03 23:00,2020-09-04 00:00,2020-09-04 09:00,Short,10146.4363,10484.0112,9664.7867,10489.2532,-115.6938,-1.0151,-0.007743,-0.001928,-0.009271,-0.007836,-0.023258,-0.029425,0.017106,0.013897,0.01428,0.015135,0.032356,0.041535,,24.0,1,0,0,-1.1364,trending,confirmed,failed_continuation_loser
55,Variant C Core,2020-09-21 15:00,2020-09-21 16:00,2020-09-23 20:00,Short,10420.8104,10583.0722,10183.0236,10188.1151,141.5908,1.2873,0.005548,0.004575,-0.001107,-0.004215,-0.002305,-0.002609,0.00069,0.002188,0.007407,0.010428,0.006021,0.006287,1.0,6.0,0,0,0,-3.5129,chop,unconfirmed,weak_winner
56,Variant C Core,2020-10-12 13:00,2020-10-12 14:00,2020-10-12 21:00,Long,11486.2023,11341.0926,11718.3611,11712.5019,147.9814,1.3716,0.009907,0.008124,0.007286,0.007971,0.002003,-0.008027,0.001473,-0.003813,-0.003768,-0.003839,0.002366,0.015514,1.0,24.0,1,1,0,0.8463,trending,confirmed,weak_winner
57,Variant C Core,2020-10-13 13:00,2020-10-13 14:00,2020-10-14 13:00,Short,11356.6453,11511.7542,11109.5688,11517.51,-125.4883,-1.0346,-0.001264,0.001556,0.000583,-0.002599,-0.005217,0.000337,0.005846,0.003818,0.004073,0.006018,0.008047,0.01576,2.0,24.0,0,0,0,-2.3812,chop,unconfirmed,toxic_loser
58,Variant C Core,2020-10-21 14:00,2020-10-21 15:00,2020-10-21 22:00,Long,12731.5557,12507.4375,13059.444,13052.9143,141.1378,1.3029,0.014771,0.009687,0.004402,0.020679,0.006476,0.019494,0.001693,0.001065,0.001457,-0.002162,0.001179,-0.013395,6.0,1.0,1,1,0,0.6105,trending,confirmed,weak_winner
59,Variant C Core,2020-10-28 14:00,2020-10-28 15:00,2020-10-29 14:00,Short,13071.9589,13355.0412,12663.2877,13361.7188,-123.8495,-1.0225,0.003133,0.00581,-0.004292,-0.001388,-0.007245,-0.021691,0.010736,0.010864,0.012473,0.010122,0.015201,0.030455,2.0,24.0,0,0,0,1.2345,chop,unconfirmed,toxic_loser
60,Variant C Core,2020-11-05 12:00,2020-11-05 13:00,2020-11-05 16:00,Long,14859.0261,14565.831,15283.9763,15276.3343,142.4445,1.3063,0.003947,0.021601,0.034155,0.017562,0.075723,0.058885,0.004915,0.000433,-0.014589,-0.002795,-0.060366,-0.039683,12.0,1.0,1,1,0,0.557,trending,confirmed,weak_winner
61,Variant C Core,2020-11-05 22:00,2020-11-05 23:00,2020-11-07 16:00,Long,15539.6448,15136.8518,16115.9337,15129.2833,-127.5798,-1.0181,0.028016,0.028608,0.022417,0.011579,0.007015,0.00974,0.009179,-0.013923,-0.000664,0.002487,0.006764,0.000298,2.0,1.0,1,1,0,6.521,trending,confirmed,failed_continuation_loser
62,Variant C Core,2020-11-07 19:00,2020-11-07 20:00,2020-11-08 01:00,Short,14662.0474,15070.3116,14077.5572,15077.8468,-118.714,-1.0178,-0.005795,-0.000542,-0.008693,-0.021685,-0.016297,-0.0457,0.018207,0.013423,0.017593,0.031575,0.022353,0.05295,,24.0,1,0,0,-0.3963,trending,confirmed,failed_continuation_loser
63,Variant C Core,2020-11-17 16:00,2020-11-17 17:00,2020-11-18 04:00,Long,17661.1212,17338.6011,18130.2523,18121.1872,140.1227,1.3004,0.011073,0.006232,0.004019,0.003612,0.041836,0.015394,0.003742,0.00884,0.002012,0.002826,0.025258,-0.003084,12.0,12.0,1,1,0,0.586,trending,confirmed,weak_winner
64,Variant C Core,2020-11-18 09:00,2020-11-18 10:00,2020-11-18 15:00,Short,18131.5134,18755.397,17489.443,17498.1877,104.9121,0.9583,0.006245,0.0083,0.018835,0.026038,0.023499,0.041746,0.007528,0.007614,-0.000635,-0.00629,-0.014498,-0.024808,24.0,2.0,1,1,0,0.0,trending,confirmed,weak_winner
65,Variant C Core,2020-11-20 04:00,2020-11-20 05:00,2020-11-20 14:00,Short,18218.3001,18611.2036,17804.0964,18620.5092,-120.4339,-1.0226,0.007866,0.006493,0.003154,-0.002838,-0.018536,-0.018816,-0.001279,0.012059,0.007042,0.008744,0.027538,0.025849,1.0,12.0,0,0,0,-1.8604,chop,unconfirmed,toxic_loser
67,Variant C Core,2020-11-23 10:00,2020-11-23 11:00,2020-11-23 13:00,Short,18789.1704,19175.8153,18383.0847,18392.2762,101.682,0.9327,0.014645,0.022634,0.014107,0.023319,0.028701,-0.004615,-0.006076,-0.005331,-0.003058,-0.015853,-0.017849,0.016543,12.0,24.0,1,1,0,0.0,trending,confirmed,weak_winner
68,Variant C Core,2020-11-24 09:00,2020-11-24 10:00,2020-11-25 13:00,Short,19042.8238,19473.8664,18592.6936,19483.6033,-112.1122,-1.0216,0.008766,0.002391,-0.003286,-0.004946,0.008739,-0.006728,0.003003,0.012455,0.015238,0.020857,0.00536,0.017005,1.0,6.0,1,0,0,-11.1236,trending,confirmed,funding_loser
69,Variant C Core,2020-11-26 03:00,2020-11-26 04:00,2020-11-26 08:00,Short,17938.921,18522.2873,17107.3788,17115.9324,149.919,1.3389,0.013319,0.005902,0.023576,0.04875,0.07488,0.048939,0.000239,0.005061,0.001763,-0.034726,-0.049154,-0.041525,12.0,2.0,1,1,0,-1.1797,trending,confirmed,weak_winner
71,Variant C Core,2020-12-01 13:00,2020-12-01 14:00,2020-12-01 15:00,Short,18774.4557,19470.0409,17786.0155,19479.7759,-118.3631,-1.0136,-0.021601,-0.009084,0.008014,-0.005196,0.006363,-0.004024,0.038645,0.029933,0.017234,0.020695,0.004765,0.021881,3.0,1.0,1,0,1,0.0,trending,confirmed,whipsaw_loser
72,Variant C Core,2020-12-01 18:00,2020-12-01 19:00,2020-12-03 15:00,Short,18758.74,19567.413,17523.8055,19577.1967,-114.9508,-1.0118,-0.006038,-0.009823,-0.003799,0.002704,-0.004232,-0.011262,0.02155,0.025439,0.021924,0.011748,0.021113,0.020538,6.0,2.0,1,0,0,-1.3318,trending,confirmed,failed_continuation_loser
73,Variant C Core,2021-01-02 13:00,2021-01-02 14:00,2021-01-02 16:00,Long,31594.8735,30897.5277,32615.0966,32598.789,142.8541,1.3338,0.008804,0.048482,0.044473,0.04911,0.042199,0.082889,0.010206,-0.003911,-0.026492,0.025158,-0.031521,-0.061913,24.0,6.0,1,1,0,0.9784,trending,confirmed,weak_winner
74,Variant C Core,2021-01-02 19:00,2021-01-02 20:00,2021-01-02 20:00,Short,33131.9989,34192.8207,32037.9993,32054.0183,104.3882,0.9552,0.078595,0.050291,0.044706,0.016335,-0.020162,0.010715,-0.035736,-0.024399,-0.025803,-0.006152,0.048651,0.023558,1.0,12.0,1,1,0,0.0,trending,confirmed,weak_winner
75,Variant C Core,2021-01-03 01:00,2021-01-03 02:00,2021-01-03 05:00,Short,32627.2947,34013.3544,31208.9256,34030.361,-118.4771,-1.012,0.005089,0.00476,-0.016782,-0.035942,-0.028311,-0.011883,0.004825,0.021538,0.048815,0.064873,0.048624,0.031274,1.0,6.0,0,0,0,0.0,chop,unconfirmed,toxic_loser
77,Variant C Core,2021-01-04 07:00,2021-01-04 08:00,2021-01-04 10:00,Short,32203.4713,33677.7846,29949.7731,29964.748,85.0516,1.4647,0.056002,0.136739,0.085502,0.024839,0.029918,0.042339,0.001375,-0.026757,-0.039545,-0.002126,-0.010542,-0.020295,2.0,1.0,1,1,0,-2.8738,trending,confirmed,weak_winner
78,Variant C Core,2021-01-04 10:00,2021-01-04 11:00,2021-01-04 15:00,Short,30294.5643,32151.6322,27679.3881,32167.708,-116.5289,-1.0085,-0.005873,-0.010742,-0.036608,-0.012118,-0.029888,-0.033618,0.037865,0.037335,0.060751,0.041507,0.058777,0.050503,,3.0,0,0,0,0.0,chop,unconfirmed,toxic_loser
80,Variant C Core,2021-01-05 21:00,2021-01-05 22:00,2021-01-06 04:00,Short,33759.8261,35347.4524,32142.1276,35365.1261,-114.6953,-1.0109,0.001224,0.011948,0.00604,-0.012245,-0.004152,-0.05833,0.017721,0.011978,0.008891,0.064835,0.024887,0.079336,2.0,24.0,0,0,0,-1.484,chop,unconfirmed,toxic_loser
81,Variant C Core,2021-01-06 11:00,2021-01-06 12:00,2021-01-06 23:00,Short,35012.1772,36678.7802,33310.5398,36697.1195,-111.3429,-1.0108,0.018913,0.025668,0.024054,0.001584,-0.042494,-0.072735,0.005237,-0.010344,-0.004517,0.006793,0.069342,0.092391,2.0,24.0,1,0,0,-3.3731,trending,confirmed,failed_continuation_loser
82,Variant C Core,2021-01-07 04:00,2021-01-07 05:00,2021-01-07 16:00,Short,37555.2177,39167.6785,35912.3215,39187.2623,-106.1465,-1.0119,0.021377,0.021414,0.032428,0.01215,-0.04261,-0.010241,-0.00147,-0.004799,-0.002961,0.013308,0.062422,0.031766,3.0,12.0,1,0,0,-7.1917,trending,confirmed,funding_loser
83,Variant C Core,2021-01-07 21:00,2021-01-07 22:00,2021-01-08 02:00,Short,39830.791,41810.3569,37786.0231,37804.9161,53.9272,0.9835,0.030147,0.024592,0.04973,0.041278,0.014357,0.001184,-0.001983,-0.000302,-0.018399,-0.021275,0.035896,0.026305,3.0,12.0,1,1,0,-2.2375,trending,confirmed,weak_winner
84,Variant C Core,2021-01-08 13:00,2021-01-08 14:00,2021-01-08 20:00,Short,41395.0537,43577.7425,39156.7975,39176.3759,107.3642,0.979,0.040311,0.023584,0.011124,0.060503,0.044693,0.015064,0.017646,0.007121,0.005902,-0.020414,-0.018688,0.003499,6.0,1.0,1,1,0,-2.6407,trending,confirmed,weak_winner
85,Variant C Core,2021-01-09 06:00,2021-01-09 07:00,2021-01-09 11:00,Short,39037.4985,41058.0248,35957.9127,41078.5539,-111.2233,-1.01,-0.007499,-0.029856,-0.028626,-0.043842,-0.038573,-0.043202,0.033186,0.046775,0.045149,0.05911,0.049772,0.053346,,6.0,0,0,0,-1.3256,chop,unconfirmed,toxic_loser
86,Variant C Core,2021-01-10 18:00,2021-01-10 19:00,2021-01-10 20:00,Short,38202.7646,39743.7443,36013.5556,36031.5624,145.5094,1.3508,0.076821,0.016362,0.008005,0.038028,0.146659,0.181473,-0.008763,0.001775,0.022963,-0.008407,-0.090406,-0.14273,24.0,3.0,1,1,0,0.0,trending,confirmed,weak_winner
87,Variant C Core,2021-01-11 03:00,2021-01-11 04:00,2021-01-11 14:00,Short,35487.1517,37658.4829,32438.8493,32455.0687,149.6946,1.3579,0.027141,0.079441,0.081358,0.006967,0.141999,0.026583,0.012948,-0.015477,-0.020801,0.025723,-0.089736,-0.002907,12.0,6.0,1,1,0,-1.4876,trending,confirmed,weak_winner
89,Variant C Core,2021-01-13 00:00,2021-01-13 01:00,2021-01-13 07:00,Short,32584.2517,34690.7763,29600.7318,34708.1217,-114.0269,-1.0081,0.000529,-0.012851,-0.016817,-0.034971,-0.046825,-0.147794,0.03013,0.056645,0.041642,0.080276,0.069162,0.161454,1.0,24.0,0,0,0,0.0,chop,unconfirmed,toxic_loser
90,Variant C Core,2021-01-13 18:00,2021-01-13 19:00,2021-01-13 22:00,Short,35794.8591,37630.5714,33923.3686,37649.3867,-112.134,-1.0101,0.000912,-0.010534,-0.031992,-0.044843,-0.054269,-0.100158,0.020051,0.047329,0.058253,0.057278,0.080183,0.116585,1.0,24.0,0,0,0,0.0,chop,unconfirmed,toxic_loser
91,Variant C Core,2021-01-14 03:00,2021-01-14 04:00,2021-01-14 08:00,Short,37125.8888,38754.6308,35451.3692,38774.0081,-110.6317,-1.0116,-0.005584,-0.009269,-0.016471,-0.022467,-0.056971,-0.034588,0.019503,0.028597,0.041457,0.039079,0.079081,0.046702,,12.0,0,0,0,-1.956,chop,unconfirmed,toxic_loser
92,Variant C Core,2021-02-01 08:00,2021-02-01 09:00,2021-02-01 15:00,Long,34492.6728,33396.0003,36061.7369,33379.3023,-113.3028,-1.0148,0.003024,-0.001432,3.7e-05,-0.023909,-0.017476,0.035582,0.013231,0.014283,0.025648,0.038255,0.026108,-0.006293,24.0,6.0,1,1,0,0.0,trending,confirmed,failed_continuation_loser
94,Variant C Core,2021-02-02 14:00,2021-02-02 15:00,2021-02-02 19:00,Short,34862.4276,35841.1887,33848.7913,35859.1093,-53.3354,-1.0177,0.007526,0.00202,0.000529,-0.021193,-0.030148,-0.049341,0.011463,0.00665,0.014932,0.031196,0.048407,0.060636,1.0,24.0,0,0,0,-2.2096,chop,unconfirmed,toxic_loser
95,Variant C Core,2021-03-01 00:00,2021-03-01 01:00,2021-03-01 15:00,Long,46223.1306,44541.7517,48613.6326,48589.3258,138.5805,1.3428,0.013262,0.007191,0.010317,0.00495,0.048147,0.069018,0.002481,2.4e-05,0.005607,0.007626,-0.033716,-0.067885,24.0,6.0,1,1,0,0.4798,trending,confirmed,weak_winner
97,Variant C Core,2021-03-03 16:00,2021-03-03 17:00,2021-03-04 03:00,Short,51126.8758,52628.6516,49574.0684,49598.8555,49.6946,0.9511,0.00035,0.016408,0.01316,0.015755,0.039916,0.054657,0.010129,0.002888,0.001557,-0.000692,-0.027302,-0.022606,24.0,1.0,1,1,0,-0.1748,trending,confirmed,weak_winner
99,Variant C Core,2021-03-05 20:00,2021-03-05 21:00,2021-03-06 12:00,Long,49154.6961,47726.7593,51196.7893,47702.896,-112.9079,-1.0162,0.00551,0.000543,0.000393,-0.006682,-0.00687,-0.0083,0.009026,0.010837,0.009474,0.014641,0.017359,0.017561,1.0,24.0,0,0,0,0.7071,chop,unconfirmed,toxic_loser
100,Variant C Core,2021-03-09 00:00,2021-03-09 01:00,2021-03-09 01:00,Short,52109.6576,53368.4423,50798.9377,53395.1265,-113.5477,-1.0204,-0.022843,-0.026681,-0.027396,-0.025606,-0.031072,-0.046605,0.03359,0.039893,0.038349,0.035221,0.052488,0.072546,,24.0,0,0,1,0.0,trending,unconfirmed,whipsaw_loser
102,Variant C Core,2021-03-10 09:00,2021-03-10 10:00,2021-03-10 16:00,Short,55310.0548,56773.0083,53791.9517,56801.3948,-107.75,-1.0187,0.013199,0.007418,0.002098,-0.015228,-0.022944,0.014664,-0.004611,0.005082,0.020392,0.034127,0.036285,0.006541,24.0,12.0,1,0,0,-1.8726,trending,confirmed,failed_continuation_loser
103,Variant C Core,2021-03-10 21:00,2021-03-10 22:00,2021-03-11 01:00,Short,57032.0751,58642.6634,55362.4566,55390.1379,48.4661,0.9505,0.02001,0.025724,0.03102,0.023164,0.044415,-0.008638,8e-06,-0.007493,-0.01722,-0.013527,-0.02385,0.020478,12.0,24.0,1,1,0,-1.643,trending,confirmed,weak_winner
104,Variant C Core,2021-03-11 13:00,2021-03-11 14:00,2021-03-12 13:00,Short,57031.1742,58616.8496,55388.5904,55416.2847,105.3873,0.9484,0.019834,0.010517,0.012084,0.007385,0.00437,0.0279,0.002943,0.001557,0.002016,0.011727,0.002814,-0.013224,24.0,6.0,1,1,0,-10.3318,trending,confirmed,weak_winner
105,Variant C Core,2021-03-13 09:00,2021-03-13 10:00,2021-03-13 10:00,Short,57736.9793,59039.478,56376.782,59068.9977,-112.3507,-1.0217,-0.031108,-0.02541,-0.031575,-0.030709,-0.053952,-0.043108,0.046123,0.048183,0.04285,0.038812,0.063426,0.057743,,12.0,0,0,1,0.0,trending,unconfirmed,whipsaw_loser
107,Variant C Core,2021-04-02 04:00,2021-04-02 05:00,2021-04-02 19:00,Short,59685.7261,60753.6082,58558.1718,58587.4508,101.3914,0.9212,0.00467,0.002845,0.003112,0.002927,0.008897,0.004482,0.001158,0.002363,0.001159,0.001244,-0.005536,-0.000599,12.0,2.0,1,1,0,-11.3823,trending,confirmed,weak_winner
108,Variant C Core,2021-04-05 14:00,2021-04-05 15:00,2021-04-06 14:00,Short,59292.1329,60191.1835,58335.5565,58364.7243,98.23,0.906,0.006243,0.010237,0.00808,0.012184,0.010508,0.027257,0.000548,-0.00206,-0.002819,-0.005178,-0.004616,-0.020106,24.0,1.0,1,1,0,-8.9909,trending,confirmed,weak_winner
110,Variant C Core,2021-04-11 01:00,2021-04-11 02:00,2021-04-11 06:00,Short,60720.3597,61878.4357,59507.9443,59537.6983,93.2397,0.9206,0.006881,0.014169,0.017959,0.016375,0.023326,0.017254,0.00159,-0.004962,-0.010217,-0.007791,-0.016267,-0.011758,12.0,1.0,1,1,0,0.0,trending,confirmed,weak_winner
111,Variant C Core,2021-04-12 06:00,2021-04-12 07:00,2021-04-12 09:00,Short,60960.3995,61934.9208,59924.9792,59954.9417,98.0112,0.9122,0.004829,0.020561,0.023957,0.00998,0.016556,0.004928,0.000457,0.00065,-0.009513,-0.004764,-0.010472,0.005243,3.0,24.0,1,1,0,-5.9387,trending,confirmed,weak_winner
112,Variant C Core,2021-04-13 07:00,2021-04-13 08:00,2021-04-13 08:00,Short,61163.7026,62142.901,60123.439,62173.9724,-113.7355,-1.0299,-0.020673,-0.023528,-0.024417,-0.025036,-0.029403,-0.036918,0.037838,0.033811,0.03362,0.03221,0.035494,0.057504,,24.0,0,0,1,-5.4018,trending,unconfirmed,funding_loser
113,Variant C Core,2021-04-13 13:00,2021-04-13 14:00,2021-04-14 04:00,Short,62903.0402,64095.6454,61647.6346,64127.6933,-104.2738,-1.0255,0.001378,-0.002609,-0.003632,-0.000939,-0.004301,0.004404,0.014244,0.015054,0.008803,0.006862,0.00995,0.015378,24.0,24.0,0,0,0,-11.5806,chop,unconfirmed,funding_loser
115,Variant C Core,2021-04-14 17:00,2021-04-14 18:00,2021-04-17 17:00,Short,62400.4381,64070.088,59818.143,59848.052,180.8611,1.4377,0.015968,0.006898,-0.000666,-0.006067,-0.006717,-0.003428,0.003023,0.00277,0.008002,0.017283,0.01589,0.00889,1.0,6.0,1,0,0,-32.0749,trending,confirmed,weak_winner
116,Variant C Core,2021-04-18 03:00,2021-04-18 04:00,2021-04-19 02:00,Short,54876.822,57126.1465,51687.3954,57154.7096,-109.5017,-1.0124,0.001695,-0.008726,-0.016159,0.005919,-0.0068,-0.033388,0.017865,0.028786,0.030661,0.00932,0.02019,0.041393,6.0,24.0,1,0,0,-2.6777,trending,confirmed,failed_continuation_loser
117,Variant C Core,2021-04-22 22:00,2021-04-22 23:00,2021-04-23 02:00,Short,51671.4198,53382.9809,49237.946,49262.565,70.8106,1.3369,0.007408,0.041442,0.060502,0.062612,0.045713,0.022751,0.009301,0.001939,-0.003774,-0.032347,-0.026715,-0.010006,6.0,1.0,1,1,0,-0.1583,trending,confirmed,weak_winner
118,Variant C Core,2021-04-26 02:00,2021-04-26 03:00,2021-04-26 17:00,Long,51955.3926,50372.2273,54216.3621,54189.2539,138.2541,1.3343,0.015413,0.012022,0.021877,0.031173,0.033776,0.035792,-0.001776,-0.002783,-0.009135,-0.006352,-0.024713,-0.025691,24.0,,1,1,0,0.6948,trending,confirmed,weak_winner
121,Variant C Core,2021-05-03 01:00,2021-05-03 02:00,2021-05-03 20:00,Short,58129.071,59177.5879,57022.4121,57050.9233,102.5761,0.9218,0.005348,0.006521,0.004809,-0.009374,0.008011,0.045523,0.00328,-0.000228,0.000503,0.015956,0.002166,-0.035766,24.0,6.0,1,1,0,-4.3031,trending,confirmed,weak_winner
122,Variant C Core,2021-05-04 01:00,2021-05-04 02:00,2021-05-04 15:00,Short,55749.4938,57086.0665,53826.6271,53853.5404,146.3056,1.3218,0.008031,0.008978,-0.000906,0.003019,0.022413,0.018674,0.004489,0.003597,0.010867,0.005418,-0.001997,-0.005143,12.0,3.0,1,1,0,-2.2986,trending,confirmed,weak_winner
123,Variant C Core,2021-05-05 14:00,2021-05-05 15:00,2021-05-06 19:00,Short,57011.0541,58610.0865,55355.0335,55382.711,112.3948,0.9489,-0.005103,-0.004747,-0.001949,0.004185,0.005274,0.002948,0.016294,0.012786,0.009944,0.001039,0.00158,0.007533,12.0,1.0,0,0,0,-8.748,chop,unconfirmed,weak_winner
125,Variant C Core,2021-05-08 13:00,2021-05-08 14:00,2021-05-08 15:00,Short,58961.2023,60268.1928,57599.4872,57628.287,101.7796,0.9327,0.024275,0.022056,0.012741,0.00252,0.006584,0.029619,0.001037,-0.006517,0.002529,0.010681,0.004845,-0.024277,24.0,6.0,1,1,0,0.0,trending,confirmed,weak_winner
126,Variant C Core,2021-05-10 00:00,2021-05-10 01:00,2021-05-10 10:00,Short,58942.5837,60133.4203,57692.9197,57721.7661,107.4327,0.9298,0.00363,-0.001029,-0.0028,0.00889,0.024069,0.064588,0.004048,0.010209,0.01207,0.001816,-0.015869,-0.0518,24.0,3.0,1,1,0,-4.9,trending,confirmed,weak_winner
127,Variant C Core,2021-05-10 19:00,2021-05-10 20:00,2021-05-10 20:00,Short,55856.0002,57274.8914,53818.763,53845.6724,149.338,1.3254,0.014322,0.007609,0.00554,0.022897,0.011315,-0.011714,-0.000452,0.007602,0.007555,0.002556,0.001038,0.018422,6.0,24.0,1,1,0,0.0,trending,confirmed,weak_winner
129,Variant C Core,2021-05-16 18:00,2021-05-16 19:00,2021-05-17 03:00,Short,45422.9776,47072.8148,43077.3866,43098.9253,158.5853,1.3442,0.034277,0.033088,0.005318,0.01978,0.027796,0.041564,0.009823,0.004245,0.018817,0.004955,-0.003295,-0.02187,24.0,3.0,1,1,0,-1.1832,trending,confirmed,weak_winner
130,Variant C Core,2021-05-17 16:00,2021-05-17 17:00,2021-05-17 20:00,Short,42651.3087,44776.1916,39649.1066,44798.5797,-123.1334,-1.0103,0.006642,-0.020719,-0.034063,0.002954,-0.056767,-0.015389,0.026599,0.041693,0.05495,0.028868,0.067282,0.028091,1.0,12.0,0,0,0,0.0,chop,unconfirmed,toxic_loser
131,Variant C Core,2021-05-19 01:00,2021-05-19 02:00,2021-05-19 11:00,Short,40896.1553,42696.5721,38346.8304,38366.0039,157.8185,1.3519,0.018783,0.055049,0.044868,0.024847,0.20237,0.099101,0.00474,-0.000227,-0.022231,-0.001055,-0.080158,-0.063728,12.0,1.0,1,1,0,-0.2595,trending,confirmed,weak_winner
132,Variant C Core,2021-05-19 23:00,2021-05-20 00:00,2021-05-20 12:00,Long,36670.7925,32208.7155,41169.5645,41148.9797,117.5101,0.9873,0.023081,0.044154,0.052609,0.097634,0.144334,0.1527,0.031429,-0.004704,-0.032001,-0.069044,-0.092709,-0.103353,24.0,1.0,1,1,0,-0.7671,trending,confirmed,weak_winner
133,Variant C Core,2021-05-21 14:00,2021-05-21 15:00,2021-05-21 21:00,Short,37826.789,40510.1844,34041.2539,34058.2745,165.9568,1.371,0.046707,0.032232,0.038727,0.117028,0.034779,0.020007,-0.000398,-0.012357,-0.012644,-0.032432,-0.003352,0.024591,6.0,24.0,1,1,0,0.0165,trending,confirmed,weak_winner
134,Variant C Core,2021-05-23 08:00,2021-05-23 09:00,2021-05-23 16:00,Short,34367.1328,36192.3601,31788.491,31804.3852,165.5671,1.3597,0.007453,-0.004989,0.03978,0.03978,0.023336,-0.05216,0.041768,0.041291,0.040752,-0.010954,0.001507,0.06506,3.0,24.0,1,1,0,0.0234,trending,confirmed,weak_winner
135,Variant C Core,2021-05-24 19:00,2021-05-24 20:00,2021-05-25 10:00,Long,39544.1163,37589.1023,42305.9101,37570.3078,-128.1484,-1.0094,-0.006488,-0.016913,-0.016697,-0.015881,-0.010655,-0.043972,0.031446,0.0402,0.033627,0.03928,0.038316,0.057927,,24.0,0,0,0,0.4841,chop,unconfirmed,toxic_loser
136,Variant C Core,2021-05-26 06:00,2021-05-26 07:00,2021-05-26 13:00,Long,40526.7327,39034.9542,42647.0397,39015.4368,-128.5732,-1.0127,0.00921,-0.002168,-0.004657,-0.009751,-0.046735,-0.052277,0.019906,0.01135,0.023854,0.04199,0.064815,0.061325,1.0,12.0,0,0,0,0.326,chop,unconfirmed,toxic_loser
137,Variant C Core,2021-05-28 05:00,2021-05-28 06:00,2021-05-28 11:00,Short,36996.2593,38239.4141,35225.4627,35243.0754,161.5933,1.3407,0.012145,0.038957,0.04481,0.04886,0.039092,0.013414,0.009754,0.007237,-0.020185,-0.002821,-0.016825,0.002402,6.0,1.0,1,1,0,-0.3546,trending,confirmed,weak_winner
140,Variant C Core,2021-06-07 21:00,2021-06-07 22:00,2021-06-08 02:00,Short,34122.6886,35088.8126,32740.0986,32756.4687,159.5207,1.3318,0.02704,0.023143,0.016779,0.043159,0.043055,0.023005,0.001407,-0.001791,-0.004475,-0.029254,-0.027818,-0.009931,6.0,1.0,1,1,0,-0.4108,trending,confirmed,weak_winner
141,Variant C Core,2021-06-09 06:00,2021-06-09 07:00,2021-06-09 15:00,Long,34154.811,32976.1372,35832.8011,35814.8847,161.9072,1.3405,0.003958,0.00654,0.015933,0.02976,0.066438,0.082984,0.010886,0.005997,0.007453,-0.017719,-0.043777,-0.072323,24.0,1.0,1,1,0,0.3484,trending,confirmed,weak_winner
142,Variant C Core,2021-06-12 04:00,2021-06-12 05:00,2021-06-13 16:00,Short,35250.3151,36286.8565,33768.7133,36304.9999,-131.1281,-1.0169,0.004529,0.001278,0.004264,-0.003211,-0.003676,0.012388,0.003755,0.00985,0.004779,0.012715,0.015594,-0.001427,24.0,12.0,1,0,0,-1.0337,trending,confirmed,failed_continuation_loser
144,Variant C Core,2021-06-16 16:00,2021-06-16 17:00,2021-06-17 17:00,Long,38649.8115,37665.4761,40425.5243,37646.6434,-134.7289,-1.0184,0.027172,0.011323,0.006233,-0.001682,0.005588,-0.002065,0.009827,0.000413,0.005791,0.014096,0.000513,0.026878,1.0,24.0,1,1,0,1.439,trending,confirmed,failed_continuation_loser
145,Variant C Core,2021-06-18 19:00,2021-06-18 20:00,2021-06-19 01:00,Short,35322.7875,36279.4246,33952.0147,36297.5643,-130.8793,-1.0183,-0.00077,0.000426,-0.001167,-0.002186,-0.006995,-0.010679,0.010679,0.008777,0.017256,0.025114,0.017757,0.024333,2.0,6.0,1,0,0,-0.4495,trending,confirmed,failed_continuation_loser
146,Variant C Core,2021-06-21 06:00,2021-06-21 07:00,2021-06-22 12:00,Short,32757.8251,33975.7501,31027.1443,31042.6579,162.0533,1.3453,0.001643,0.021553,0.017029,0.026187,0.015502,0.006344,0.019543,0.024335,0.015025,0.011923,0.002199,0.003828,6.0,2.0,1,1,0,-0.2825,trending,confirmed,weak_winner
147,Variant C Core,2021-06-22 18:00,2021-06-22 19:00,2021-06-26 07:00,Long,32944.2228,30963.9221,35955.8168,30948.4402,-124.4452,-1.0077,0.000175,-0.0011,-0.007413,0.043582,0.037217,0.018388,0.019555,0.024779,0.020858,-0.017271,-0.026128,0.002708,6.0,2.0,1,0,0,-1.6618,trending,confirmed,failed_continuation_loser
148,Variant C Core,2021-06-27 02:00,2021-06-27 03:00,2021-06-27 23:00,Long,33042.6243,31887.6491,34686.3541,34669.0109,163.2542,1.3411,0.008394,0.007759,0.00452,0.003219,0.00612,0.044965,0.005444,0.008205,0.006982,0.019085,0.005527,-0.038227,24.0,6.0,1,1,0,-2.6167,trending,confirmed,weak_winner
149,Variant C Core,2021-07-05 11:00,2021-07-05 12:00,2021-07-05 18:00,Short,33379.9466,34005.6416,32471.1827,34022.6445,-135.5725,-1.0258,-0.00123,-0.004415,-0.002044,-0.00896,-0.006703,-0.011386,0.010199,0.009468,0.011383,0.024037,0.02292,0.030953,,24.0,1,0,0,-0.6441,trending,confirmed,failed_continuation_loser
150,Variant C Core,2021-07-21 09:00,2021-07-21 10:00,2021-07-21 16:00,Long,31276.1925,30706.0073,32105.5921,32089.5393,157.9387,1.3002,0.011829,0.014996,0.008914,0.036002,0.02787,0.022407,-0.000761,-0.0043,-0.004951,-0.017507,-0.016108,-0.015789,6.0,,1,1,0,-2.5866,trending,confirmed,weak_winner
151,Variant C Core,2021-07-26 00:00,2021-07-26 01:00,2021-07-26 01:00,Long,36718.0452,35986.1641,37778.3943,37759.5051,158.8501,1.3071,0.049782,0.045426,0.051096,0.058105,0.05218,0.020737,-0.030485,-0.033824,-0.038497,-0.028867,-0.03219,-0.000881,6.0,,1,1,0,0.0,trending,confirmed,weak_winner
152,Variant C Core,2021-07-27 22:00,2021-07-27 23:00,2021-07-28 11:00,Long,39127.4334,37934.755,40830.7452,40810.3299,165.3657,1.3344,0.0108,0.018825,0.028344,0.027166,0.045149,0.027349,0.005879,0.006794,-0.011908,-0.012163,-0.023952,-0.011082,12.0,2.0,1,1,0,-0.1666,trending,confirmed,weak_winner
153,Variant C Core,2021-07-30 20:00,2021-07-30 21:00,2021-07-30 23:00,Long,40669.1901,39731.5439,42016.1246,41995.1166,163.6425,1.3136,0.019933,0.040508,0.04487,0.036952,0.032557,0.032969,-0.00745,-0.015522,-0.023773,-0.025691,-0.022039,-0.020019,3.0,,1,1,0,0.0,trending,confirmed,weak_winner
154,Variant C Core,2021-08-02 00:00,2021-08-02 01:00,2021-08-03 05:00,Short,39548.3088,40512.3108,38162.3828,38181.464,169.9266,1.3227,0.002344,-0.003244,-0.001585,-0.011421,0.010625,0.01922,0.008311,0.00915,0.007653,0.0228,0.002824,-0.005777,24.0,6.0,1,0,0,-1.5533,trending,confirmed,weak_winner
155,Variant C Core,2021-08-05 11:00,2021-08-05 12:00,2021-08-05 14:00,Short,38022.985,38692.3684,37047.9328,38711.7146,-144.4933,-1.0273,0.009809,0.004275,-0.012932,-0.060664,-0.050943,-0.059412,0.003419,0.02701,0.035419,0.078006,0.079419,0.080223,1.0,24.0,1,1,1,0.0,trending,confirmed,whipsaw_loser
158,Variant C Core,2021-08-09 11:00,2021-08-09 12:00,2021-08-10 16:00,Long,45907.8462,44810.1484,47487.2845,44787.7433,-140.4785,-1.0196,-5.9e-05,0.011679,0.003051,0.012528,0.019434,0.0015,0.013685,0.011046,0.005929,0.001775,0.004157,0.015354,12.0,24.0,1,0,0,2.0947,trending,confirmed,failed_continuation_loser
160,Variant C Core,2021-08-23 09:00,2021-08-23 10:00,2021-08-23 15:00,Short,50355.1048,51099.7537,49557.5463,49582.3251,109.8559,0.9088,0.003657,0.002632,0.004666,0.018769,0.018372,0.021617,0.002877,0.002575,-0.000826,-0.011282,-0.012434,-0.009259,24.0,1.0,1,1,0,0.0,trending,confirmed,weak_winner
161,Variant C Core,2021-08-28 08:00,2021-08-28 09:00,2021-08-29 00:00,Short,48977.929,49639.9968,48266.9032,49664.8168,-142.0779,-1.0349,0.0022,0.006214,0.008737,0.009226,0.005675,0.013398,0.000487,-0.000911,0.000451,-0.002816,0.000451,-0.007512,24.0,1.0,1,1,0,-2.9908,trending,confirmed,failed_continuation_loser
165,Variant C Core,2021-09-07 14:00,2021-09-07 15:00,2021-09-07 15:00,Short,47391.0437,48621.8954,45543.632,45566.4038,166.1079,1.3905,0.023022,0.016692,0.030535,0.027117,0.024357,0.034139,0.003286,0.003122,-0.000154,-0.008831,-0.005572,-0.01966,24.0,1.0,1,1,0,0.0,trending,confirmed,weak_winner
166,Variant C Core,2021-09-20 07:00,2021-09-20 08:00,2021-09-20 11:00,Short,44848.1033,45789.3289,43487.3743,43509.118,163.9364,1.3125,0.001857,0.013686,0.036749,0.025578,0.036511,0.040625,0.007824,0.010076,-0.004692,-0.016185,-0.019549,-0.030951,24.0,2.0,1,1,0,-0.5855,trending,confirmed,weak_winner
167,Variant C Core,2021-09-21 00:00,2021-09-21 01:00,2021-09-21 07:00,Short,41694.7531,43285.5559,39435.5845,43307.1987,-133.367,-1.0133,-0.019317,-0.020903,-0.014144,-0.024524,-0.027036,0.021382,0.033793,0.030106,0.028296,0.039219,0.039044,0.015691,24.0,6.0,1,1,0,0.0,trending,confirmed,failed_continuation_loser
168,Variant C Core,2021-09-21 22:00,2021-09-21 23:00,2021-09-22 01:00,Short,40539.5991,42276.4648,38078.9605,42297.6031,-131.1963,-1.0119,-0.000293,-0.006503,-0.033151,-0.0319,-0.032029,-0.071358,0.023147,0.044633,0.042678,0.0415,0.04093,0.077044,,24.0,0,0,1,-0.2909,trending,unconfirmed,whipsaw_loser
169,Variant C Core,2021-09-24 11:00,2021-09-24 12:00,2021-09-24 20:00,Short,41530.7893,42776.4437,39751.1938,42797.8319,-132.2122,-1.0166,0.017158,-0.0046,-0.001378,-0.009117,-0.024038,-0.017944,0.010576,0.026724,0.022133,0.018493,0.033884,0.026163,1.0,12.0,1,0,0,-0.1634,trending,confirmed,failed_continuation_loser
172,Variant C Core,2021-10-15 09:00,2021-10-15 10:00,2021-10-15 16:00,Short,59429.6703,60670.3508,58129.6292,60700.6859,-135.5064,-1.0233,0.003517,0.003679,0.003027,-0.010279,-0.031007,-0.033323,0.002524,0.003137,0.017673,0.036519,0.036677,0.039363,2.0,24.0,0,0,0,-2.1818,chop,unconfirmed,toxic_loser
173,Variant C Core,2021-10-15 17:00,2021-10-15 18:00,2021-10-15 20:00,Long,61769.3688,60529.672,63565.0372,63533.2547,160.5082,1.3077,-0.001042,0.036074,0.014185,0.000504,0.00961,-0.007831,0.007593,0.007599,0.015584,0.009204,-0.00239,0.01967,2.0,24.0,1,1,0,0.0,trending,confirmed,weak_winner
174,Variant C Core,2021-10-16 01:00,2021-10-16 02:00,2021-10-17 20:00,Short,61452.9916,63017.899,59826.821,59856.7345,125.6647,0.9438,0.001095,-0.002182,-0.00497,-0.001497,0.010625,0.008999,0.00531,0.012722,0.01613,0.011153,-0.002171,-0.003303,12.0,3.0,1,0,0,-8.27,trending,confirmed,weak_winner
175,Variant C Core,2021-10-18 01:00,2021-10-18 02:00,2021-10-18 09:00,Short,62175.9138,63472.1032,60817.6568,60848.0656,117.8528,0.9318,0.004391,0.002102,-0.001765,0.010523,0.008961,0.007459,0.00268,0.00456,0.006664,0.005681,0.001192,-0.003245,6.0,3.0,1,1,0,-2.2819,trending,confirmed,weak_winner
176,B Rescue,2021-10-18 13:00,2021-10-18 14:00,2021-10-19 19:00,Long,61792.0727,60181.1052,64364.0673,64331.8852,85.2504,1.4362,0.006833,0.010291,0.004983,-0.002416,0.002946,0.015049,0.001134,0.0048,0.001002,0.010468,0.001293,0.007963,24.0,6.0,1,0,0,1.2749,trending,confirmed,weak_winner
177,Variant C Core,2021-10-20 17:00,2021-10-20 18:00,2021-10-21 01:00,Short,66493.427,67732.1511,65188.2489,65220.843,121.0716,0.9242,0.002759,0.01147,0.012805,0.012384,0.03428,0.059138,0.00457,9e-05,-0.004879,-0.005777,-0.021175,-0.048119,24.0,1.0,1,1,0,-4.6465,trending,confirmed,weak_winner
178,Variant C Core,2021-10-21 08:00,2021-10-21 09:00,2021-10-21 11:00,Short,65963.5977,67330.395,64530.945,64563.2104,119.2171,0.9315,0.003693,0.028252,0.023642,0.060088,0.056722,0.041869,0.005202,0.001867,-0.009757,-0.030526,-0.043821,-0.032857,6.0,1.0,1,1,0,0.0,trending,confirmed,weak_winner
180,Variant C Core,2021-10-25 00:00,2021-10-25 01:00,2021-10-25 11:00,Short,61897.1353,63083.6032,60648.7768,63115.145,-144.6254,-1.0253,0.003237,0.000357,0.000451,-0.001423,-0.012108,-0.014008,0.002612,0.006325,0.005604,0.017056,0.024652,0.02081,1.0,12.0,0,0,0,-3.3695,chop,unconfirmed,toxic_loser
181,Variant C Core,2021-10-28 19:00,2021-10-28 20:00,2021-11-01 04:00,Long,61316.8218,59568.2621,64016.4069,59538.4779,-154.2006,-1.0165,0.002172,-0.005606,-0.007852,0.00801,-0.004433,0.02383,0.013321,0.014313,0.015538,-0.001552,0.014182,-0.016075,24.0,3.0,1,1,0,12.7239,trending,confirmed,failed_continuation_loser
182,Variant C Core,2021-11-01 07:00,2021-11-01 08:00,2021-11-01 17:00,Short,62288.7265,63677.4078,60837.9322,60868.3512,124.1381,0.9361,0.006906,0.005379,0.007043,0.015071,0.027272,0.013982,0.000502,0.001277,0.004091,-0.003858,-0.012665,-0.007011,12.0,3.0,1,1,0,-3.6802,trending,confirmed,weak_winner
183,Variant C Core,2021-11-02 09:00,2021-11-02 10:00,2021-11-03 13:00,Short,63187.0239,64422.4668,61888.3932,61919.3374,127.1964,0.9276,0.003361,0.003234,0.001726,-0.007682,0.002881,0.00032,0.003956,0.00271,0.005539,0.018009,0.000997,0.00457,1.0,6.0,0,0,0,-8.2643,chop,unconfirmed,weak_winner
184,Variant C Core,2021-11-06 23:00,2021-11-07 00:00,2021-11-07 01:00,Short,61541.9805,62275.0364,60747.5636,62306.1739,-151.7887,-1.0392,-0.004843,-0.004371,-0.00663,-0.004503,-0.003868,-0.028708,0.014335,0.010748,0.011523,0.009572,0.010367,0.058172,,24.0,0,0,1,-4.0686,trending,unconfirmed,whipsaw_loser
186,Variant C Core,2021-11-08 01:00,2021-11-08 02:00,2021-11-08 07:00,Long,65099.1357,64170.4544,66467.6711,66434.4373,163.3564,1.278,0.003408,0.004811,0.009822,0.019626,0.008011,0.04284,0.000578,-0.000167,-0.000831,-0.008717,-0.002095,-0.033822,24.0,1.0,1,1,0,0.0,trending,confirmed,weak_winner
187,Variant C Core,2021-11-08 08:00,2021-11-08 09:00,2021-11-08 23:00,Short,66334.4682,67401.0302,65201.6098,67434.7308,-144.6748,-1.0297,0.008404,0.00771,0.008349,0.01528,0.005687,-0.02403,-0.001532,-0.002871,-0.002032,0.004157,0.002194,0.029631,6.0,24.0,1,1,0,-3.901,trending,confirmed,failed_continuation_loser
189,Variant C Core,2021-11-10 13:00,2021-11-10 14:00,2021-11-10 19:00,Short,68071.4034,69335.7178,66736.8822,66770.2507,122.5452,0.9256,-0.002832,-0.004812,-0.006678,0.046551,0.05765,0.0532,0.007031,0.011315,0.010981,-0.014434,-0.048058,-0.036987,12.0,2.0,1,1,0,-4.7132,trending,confirmed,weak_winner
190,Variant C Core,2021-11-10 19:00,2021-11-10 20:00,2021-11-10 21:00,Short,66773.4067,68160.3441,64609.6589,64641.9637,187.7639,1.4204,0.065489,0.042922,0.036642,0.039331,0.032324,0.029479,-0.00854,-0.021446,-0.023845,-0.029554,-0.019437,-0.022732,1.0,,1,1,0,0.0,trending,confirmed,weak_winner
191,Variant C Core,2021-11-10 21:00,2021-11-10 22:00,2021-11-15 00:00,Short,64345.7815,66165.7351,61741.3096,66198.818,-65.6467,-1.0176,0.000296,0.002039,-0.001309,-0.00132,-0.012032,-0.008924,0.012983,0.011154,0.012325,0.007699,0.017024,0.015831,2.0,12.0,0,0,0,-7.2165,chop,unconfirmed,funding_loser
192,Variant C Core,2021-11-16 03:00,2021-11-16 04:00,2021-11-16 10:00,Short,60974.1132,62245.2035,59136.0324,59165.6004,87.2616,1.312,0.003376,0.011323,0.008858,0.042263,0.00986,0.038931,0.008295,0.00122,0.00154,-0.010704,-0.000319,-0.023549,6.0,1.0,1,1,0,-1.1174,trending,confirmed,weak_winner
193,Variant C Core,2021-11-26 09:00,2021-11-26 10:00,2021-11-28 18:00,Short,54931.1763,56080.9133,53252.222,53278.8482,182.356,1.3261,0.022264,0.026054,0.01677,0.015978,0.020192,0.011455,-0.001115,-0.009233,-0.00455,-0.005727,-0.008931,-9.4e-05,2.0,,1,1,0,-5.8812,trending,confirmed,weak_winner
194,Variant C Core,2021-11-29 01:00,2021-11-29 02:00,2021-11-30 05:00,Long,57664.4778,56475.9021,59384.3454,56447.6642,-153.1765,-1.0227,-0.003191,0.000332,-0.004354,-0.000161,-0.003596,-0.001812,0.007684,0.006789,0.007779,0.007343,0.011966,0.006824,2.0,12.0,1,1,0,3.7834,trending,confirmed,failed_continuation_loser
196,Variant C Core,2021-11-30 23:00,2021-12-01 00:00,2021-12-01 14:00,Short,57006.5496,58565.8323,54588.7515,58595.1153,-140.5863,-1.0181,0.000971,0.002501,-0.000329,0.005202,-0.000469,0.004851,0.010567,0.007141,0.008033,0.002158,0.007066,0.003824,6.0,1.0,0,0,0,-2.0001,chop,unconfirmed,toxic_loser
198,Variant C Core,2021-12-04 04:00,2021-12-04 05:00,2021-12-04 05:00,Short,50298.3481,52091.476,47761.1944,47785.075,177.4488,1.3361,0.070374,0.073925,0.066536,0.083422,0.050562,0.029057,-0.04596,-0.054314,-0.048223,-0.05823,-0.038975,-0.017443,6.0,,1,1,0,0.0,trending,confirmed,weak_winner
199,Variant C Core,2021-12-06 22:00,2021-12-06 23:00,2021-12-08 10:00,Long,50704.4448,49363.1304,52627.9284,49338.4488,-147.3291,-1.0177,0.000839,0.01569,0.00279,0.00945,0.015296,0.000333,0.007537,0.007371,0.003561,-0.001885,-0.010399,0.011369,2.0,24.0,1,0,0,2.2117,trending,confirmed,failed_continuation_loser
200,Variant C Core,2021-12-09 19:00,2021-12-09 20:00,2021-12-10 00:00,Short,47643.2957,48713.7167,46099.7546,48738.0736,-145.2658,-1.0218,0.001574,-0.000176,0.002956,-0.013238,0.000395,-0.00917,0.010425,0.017301,0.012714,0.023982,0.010947,0.017544,3.0,6.0,0,0,0,-0.5821,chop,unconfirmed,toxic_loser
201,Variant C Core,2021-12-26 11:00,2021-12-26 12:00,2021-12-26 21:00,Long,49704.4458,49040.3669,50935.0705,50909.6029,212.0472,1.6186,0.005453,0.00494,0.011553,0.01393,0.025533,0.029691,-0.001232,-0.000382,-0.003522,-0.008534,-0.017269,-0.017655,24.0,,1,1,0,0.965,trending,confirmed,elite_winner
202,Variant C Core,2021-12-31 20:00,2021-12-31 21:00,2022-01-01 01:00,Short,45896.1503,46816.4325,44553.7427,46839.8407,-147.3904,-1.0242,-0.007041,-0.005048,-0.00685,-0.018524,-0.022308,-0.02977,0.014429,0.013334,0.018162,0.021611,0.028409,0.035677,,24.0,0,0,0,-0.6602,chop,unconfirmed,toxic_loser
203,Variant C Core,2022-01-05 20:00,2022-01-05 21:00,2022-01-05 22:00,Short,43980.5366,45071.9185,42412.2287,42433.4348,175.8863,1.324,0.038893,0.01752,0.016497,0.02682,0.036259,0.021006,-0.004434,-0.007038,-0.005265,-0.015474,-0.020348,-0.016987,1.0,,1,1,0,0.0,trending,confirmed,weak_winner
204,Variant C Core,2022-01-20 23:00,2022-01-21 00:00,2022-01-21 02:00,Short,40682.3417,41485.5171,39517.4857,39537.2444,175.6141,1.3089,0.023851,0.041107,0.061018,0.053244,0.074582,0.111978,0.005919,-0.010296,-0.0185,-0.043422,-0.043309,-0.094995,24.0,1.0,1,1,0,-0.668,trending,confirmed,weak_winner
205,Variant C Core,2022-01-21 21:00,2022-01-21 22:00,2022-01-22 09:00,Short,36653.5169,37993.0216,34747.1627,34764.5363,183.8835,1.3461,0.023542,0.014369,0.013955,0.012999,0.073759,0.052969,0.004056,0.00448,-0.00146,-0.006596,-0.019735,-0.03484,12.0,2.0,1,1,0,-0.2651,trending,confirmed,weak_winner
206,Variant C Core,2022-01-24 10:00,2022-01-24 11:00,2022-01-24 15:00,Short,33287.0538,34313.546,31821.7056,34330.7027,-147.4118,-1.0162,0.010126,0.013015,0.00622,-0.025654,-0.092059,-0.08766,0.01599,0.014413,0.025098,0.066481,0.104429,0.099116,2.0,12.0,0,0,0,0.0,chop,unconfirmed,toxic_loser
207,Variant C Core,2022-01-24 17:00,2022-01-24 18:00,2022-01-26 04:00,Long,35313.4512,33787.0267,37647.385,37628.5613,198.1786,1.4597,0.028786,0.062711,0.053727,0.038347,0.02292,0.063647,-0.009226,-0.017648,-0.039629,-0.019527,-0.014448,-0.050343,24.0,,1,1,0,0.871,trending,confirmed,weak_winner
209,Variant C Core,2022-02-07 17:00,2022-02-07 18:00,2022-02-08 06:00,Long,44165.8899,43358.5466,45340.1141,45317.4441,181.702,1.3004,0.007112,0.00617,0.001904,-0.005341,0.032471,-0.021032,0.004958,0.008853,0.009417,0.013945,-0.008172,0.030178,12.0,24.0,1,1,0,-0.7183,trending,confirmed,weak_winner
210,Variant C Core,2022-02-08 16:00,2022-02-08 17:00,2022-02-08 20:00,Short,43030.7878,44116.8316,41347.9026,44138.89,-154.8861,-1.0195,0.004595,0.008531,0.002357,-0.02222,-0.001864,-0.021416,0.004792,0.002399,0.030634,0.029263,0.016171,0.029495,2.0,3.0,0,0,0,0.0,chop,unconfirmed,toxic_loser
212,Variant C Core,2022-02-17 15:00,2022-02-17 16:00,2022-02-17 18:00,Short,41928.6868,42656.1771,40868.1484,40888.5825,179.5404,1.2974,0.007839,0.029042,0.023967,0.036846,0.034861,0.059785,0.001336,-0.001536,-0.015831,-0.028374,-0.02795,-0.035751,24.0,1.0,1,1,0,-0.7826,trending,confirmed,weak_winner
213,Variant C Core,2022-02-21 21:00,2022-02-21 22:00,2022-02-22 14:00,Short,37047.5105,38168.3691,35447.4984,38187.4533,-151.3174,-1.0165,0.006681,0.006179,0.005331,0.013858,-0.000397,-0.018584,0.0164,0.007193,0.010848,-0.006956,0.022147,0.024576,6.0,24.0,1,0,0,0.0466,trending,confirmed,failed_continuation_loser
214,Variant C Core,2022-02-24 02:00,2022-02-24 03:00,2022-02-24 04:00,Short,35907.1713,36837.209,34589.9597,34607.2547,183.1678,1.3087,0.038933,0.044656,0.036944,0.018023,0.015108,-0.072042,-0.020304,-0.023017,-0.022814,-0.003842,0.006097,0.086134,2.0,24.0,1,1,0,0.0,trending,confirmed,weak_winner
215,Variant C Core,2022-02-24 19:00,2022-02-24 20:00,2022-02-24 20:00,Long,37253.6091,36046.0119,38975.4779,38955.9902,187.5073,1.3375,0.03907,0.032958,0.03095,0.041483,0.033833,0.054931,-0.024529,-0.013021,-0.016291,-0.032249,-0.023748,-0.035739,24.0,,1,1,0,0.0,trending,confirmed,weak_winner
216,Variant C Core,2022-02-28 15:00,2022-02-28 16:00,2022-02-28 22:00,Long,40772.3868,39602.5283,42445.9552,42424.7322,189.3742,1.3311,0.017576,0.017041,0.015006,0.087525,0.064485,0.082117,0.001194,-0.005892,-0.005583,-0.020323,-0.056161,-0.059592,6.0,1.0,1,1,0,-0.4414,trending,confirmed,weak_winner
217,Variant C Core,2022-03-04 21:00,2022-03-04 22:00,2022-03-07 00:00,Short,39403.4641,40346.7808,38041.7877,38060.8086,192.4507,1.3263,0.015023,0.01763,0.021721,0.017797,0.01647,0.003463,-0.004286,-0.005765,-0.008341,-0.008011,-0.006367,0.001625,3.0,24.0,1,0,0,-1.3764,trending,confirmed,weak_winner
218,Variant C Core,2022-03-09 03:00,2022-03-09 04:00,2022-03-10 04:00,Long,41177.781,40141.9709,42665.9016,40121.8999,-160.7436,-1.0186,0.012731,0.011468,0.015111,0.025553,0.033373,-0.00822,-0.003488,-0.005928,-0.008158,-0.018753,-0.022884,0.044388,12.0,24.0,1,1,0,1.7645,trending,confirmed,failed_continuation_loser
220,Variant C Core,2022-03-20 16:00,2022-03-20 17:00,2022-03-21 02:00,Long,41269.689,40745.3588,42244.2221,40724.9861,-171.2225,-1.036,-0.000845,0.003342,0.009603,0.004066,-0.007957,-0.005156,0.008117,0.003198,0.001662,0.003077,0.011139,0.013075,3.0,24.0,1,0,0,1.1199,trending,confirmed,failed_continuation_loser
221,Variant C Core,2022-03-27 23:00,2022-03-28 00:00,2022-03-28 15:00,Long,46797.4557,46083.7333,47844.5038,47820.5816,182.8803,1.2836,0.004961,0.003003,0.005337,0.007038,0.012393,0.017256,0.002593,0.000835,-0.000704,0.000903,-0.006467,-0.005236,24.0,1.0,1,1,0,1.8665,trending,confirmed,weak_winner
222,Variant C Core,2022-03-31 18:00,2022-03-31 19:00,2022-03-31 23:00,Long,45923.9301,45204.3222,47246.4111,45181.7201,-165.8272,-1.0295,-0.002919,-0.001562,-0.002374,-0.008373,-0.018285,0.009931,0.009087,0.006224,0.006037,0.023143,0.025127,-0.004073,24.0,12.0,1,1,0,0.0,trending,confirmed,failed_continuation_loser
223,Variant C Core,2022-04-01 02:00,2022-04-01 03:00,2022-04-01 08:00,Short,44416.4721,45148.0462,43347.6692,45170.6202,-162.908,-1.0291,-0.002574,-0.00313,-0.002993,-0.01235,-0.037613,-0.043532,0.007914,0.008117,0.00897,0.018071,0.051412,0.048879,,12.0,0,0,0,-0.6652,chop,unconfirmed,toxic_loser
224,Variant C Core,2022-04-11 21:00,2022-04-11 22:00,2022-04-12 08:00,Short,39388.1488,40227.4097,38175.331,40247.5234,-159.006,-1.0229,0.00138,0.001476,0.000435,-0.005379,-0.016956,-0.003718,0.010946,0.011129,0.008128,0.014011,0.022061,0.014264,2.0,12.0,0,0,0,0.9114,chop,unconfirmed,toxic_loser
226,Variant C Core,2022-05-05 15:00,2022-05-05 16:00,2022-05-05 19:00,Short,36904.9681,37732.2822,35711.5636,35729.4194,185.2,1.3176,0.004465,0.032155,0.041105,0.019644,0.017482,0.027028,0.006802,-0.002023,-0.014404,-0.011659,-0.012065,-0.018165,3.0,1.0,1,1,0,-0.6173,trending,confirmed,weak_winner
227,Variant C Core,2022-05-08 03:00,2022-05-08 04:00,2022-05-09 02:00,Short,34492.9585,35136.7191,33557.6179,33574.3967,186.1546,1.3036,0.005104,0.001385,-0.002306,-0.000569,0.005588,0.028376,-0.000352,0.013471,0.011925,0.009191,0.001517,-0.018846,24.0,2.0,1,1,0,-1.2866,trending,confirmed,weak_winner
228,Variant C Core,2022-05-09 14:00,2022-05-09 15:00,2022-05-09 17:00,Short,32470.8384,33282.3601,31304.9332,31320.5857,191.2631,1.3245,0.027404,0.049372,0.066855,0.052377,0.057277,0.049917,0.003956,-0.01758,-0.031439,-0.028904,-0.040228,-0.029036,3.0,1.0,1,1,0,-0.5676,trending,confirmed,weak_winner
229,Variant C Core,2022-05-11 10:00,2022-05-11 11:00,2022-05-11 12:00,Long,31819.149,30421.0211,33955.9683,30405.8106,-153.5805,-1.0106,-0.001356,0.002214,0.007818,-0.043425,-0.085456,-0.080145,0.088599,0.084884,0.034606,0.076405,0.10117,0.110441,3.0,24.0,0,0,1,0.0,trending,unconfirmed,whipsaw_loser
230,Variant C Core,2022-05-11 12:00,2022-05-11 13:00,2022-05-11 13:00,Short,29309.28,30805.875,27205.4013,30821.278,-152.3928,-1.0101,-0.048064,-0.050121,-0.03039,0.005213,0.007891,0.048465,0.094121,0.086342,0.062118,0.025,0.023239,-0.014476,24.0,1.0,1,1,1,0.0,trending,confirmed,whipsaw_loser
231,Variant C Core,2022-05-11 15:00,2022-05-11 16:00,2022-05-11 21:00,Short,30986.8559,32984.2103,27951.9346,27965.9106,105.8628,1.4741,0.051598,0.040719,0.059069,0.080126,0.128395,0.06693,-0.017732,-0.02378,-0.030492,-0.052995,-0.081649,-0.033145,12.0,,1,1,0,-0.0768,trending,confirmed,weak_winner
232,Variant C Core,2022-05-13 00:00,2022-05-13 01:00,2022-05-30 21:00,Long,29509.461,27765.7862,32162.0707,32145.9896,204.4841,1.4702,0.024919,0.043598,0.037237,0.033323,0.046312,0.009842,0.00335,-0.016823,-0.024881,-0.021808,-0.02782,0.005404,12.0,24.0,1,0,0,8.3314,trending,confirmed,weak_winner
233,Variant C Core,2022-06-01 17:00,2022-06-01 18:00,2022-06-01 20:00,Short,30178.3482,30764.3647,29328.2491,29342.9132,190.0225,1.3069,0.00591,0.029105,0.020414,0.020288,0.012852,0.007613,0.00533,-0.0009,-0.013866,-0.011931,-0.007003,0.004594,2.0,1.0,1,1,0,0.0,trending,confirmed,weak_winner
234,Variant C Core,2022-06-06 03:00,2022-06-06 04:00,2022-06-07 00:00,Long,31219.3494,30783.5289,31862.0432,30768.1372,-172.378,-1.033,0.001738,0.008154,0.005146,0.010027,0.01055,-0.052062,0.00284,0.002228,0.0012,-0.005031,0.000332,0.057171,12.0,24.0,1,1,0,2.7034,trending,confirmed,failed_continuation_loser
235,Variant C Core,2022-06-07 01:00,2022-06-07 02:00,2022-06-07 18:00,Short,29570.541,30190.4646,28664.5269,30205.5599,-159.7998,-1.0232,0.008638,0.004601,0.006761,0.001016,0.002788,-0.04665,0.002684,0.000793,0.001531,0.005054,0.016214,0.056457,1.0,24.0,1,0,0,-0.4266,trending,confirmed,failed_continuation_loser
237,Variant C Core,2022-06-08 03:00,2022-06-08 04:00,2022-06-11 11:00,Short,30020.991,30945.5553,28596.6671,28610.9654,212.081,1.4457,-0.005963,-0.01067,-0.009297,-0.009993,-0.006029,-0.006536,0.020952,0.022268,0.020203,0.016862,0.017175,0.008974,,2.0,0,0,0,-3.851,chop,unconfirmed,weak_winner
238,Variant C Core,2022-06-13 01:00,2022-06-13 02:00,2022-06-13 07:00,Short,25771.4457,26525.4581,24693.7582,24706.105,193.6534,1.3332,0.035204,0.016105,0.023408,0.063762,0.124624,0.192013,-0.004375,0.018239,0.002439,-0.032483,-0.079058,-0.156043,24.0,2.0,1,1,0,0.0,trending,confirmed,weak_winner
239,Variant C Core,2022-06-14 00:00,2022-06-14 01:00,2022-06-14 05:00,Short,21748.1264,22927.1497,20091.6588,22938.6133,-155.0281,-1.0095,0.042538,0.020141,-0.000334,-0.018938,-0.009742,-0.000422,8.6e-05,0.023858,0.032365,0.059995,0.038214,0.024916,1.0,6.0,1,0,0,0.0,trending,confirmed,failed_continuation_loser
240,Variant C Core,2022-06-15 07:00,2022-06-15 08:00,2022-06-15 13:00,Short,20717.7971,21731.0731,19285.8706,21741.9387,-153.5255,-1.0105,0.02981,0.02549,0.015817,-0.016126,-0.034318,-0.042244,-0.014567,0.006178,0.026938,0.050208,0.058148,0.056275,1.0,12.0,1,0,0,0.0619,trending,confirmed,failed_continuation_loser
241,Variant C Core,2022-06-15 21:00,2022-06-15 22:00,2022-06-16 20:00,Long,22186.2915,20706.302,24434.2971,20695.9488,-148.4221,-1.0069,0.021739,0.027247,0.036676,0.007537,-0.036928,-0.067253,-0.010133,-0.012697,-0.00709,0.007035,0.06014,0.083668,3.0,24.0,1,0,0,-0.2091,trending,confirmed,failed_continuation_loser
242,Variant C Core,2022-06-18 08:00,2022-06-18 09:00,2022-06-18 19:00,Short,19006.988,19684.0185,18044.241,18053.2631,191.9363,1.343,-0.006514,-0.011186,-0.005677,0.005418,0.065944,0.023307,0.027491,0.023981,0.014274,0.00603,-0.00626,0.015416,12.0,1.0,1,1,0,-0.1813,trending,confirmed,weak_winner
243,Variant C Core,2022-06-19 10:00,2022-06-19 11:00,2022-06-21 06:00,Long,19878.5016,18953.1673,21186.8565,21176.263,195.9517,1.3519,0.002978,-0.01401,-0.01887,-0.014418,0.041472,0.053902,0.030606,0.03861,0.036899,0.025218,-0.026234,-0.039741,24.0,2.0,1,1,0,0.2521,trending,confirmed,weak_winner
244,Variant C Core,2022-07-01 00:00,2022-07-01 01:00,2022-07-01 04:00,Long,20278.8009,19613.4887,21226.9713,19603.6819,-156.1277,-1.0143,0.013605,0.001243,-0.026151,-0.030224,-0.030219,-0.048844,0.000927,0.029997,0.045762,0.047098,0.053593,0.056631,1.0,24.0,0,0,0,0.0,chop,unconfirmed,toxic_loser
245,Variant C Core,2022-07-07 19:00,2022-07-07 20:00,2022-07-08 01:00,Long,21786.9912,21342.9371,22429.554,22418.3392,188.0223,1.3084,-0.002882,-0.001698,-0.003295,0.017061,0.001244,0.01198,0.010786,0.009638,0.010552,-0.003672,0.016799,0.001138,6.0,12.0,1,1,0,0.6948,trending,confirmed,weak_winner
246,Variant C Core,2022-07-13 17:00,2022-07-13 18:00,2022-07-14 19:00,Long,19865.3148,19259.1706,20799.4942,20789.0944,211.6617,1.4439,-0.00058,-0.006182,0.003961,0.028602,0.013686,0.045863,0.012299,0.014589,0.011257,-0.014497,-0.001444,-0.037824,24.0,2.0,1,1,0,0.1123,trending,confirmed,weak_winner
247,Variant C Core,2022-07-18 06:00,2022-07-18 07:00,2022-07-18 19:00,Long,22179.1986,21710.3442,22854.5164,21699.489,-165.4376,-1.0221,0.01556,0.009734,0.008152,0.006213,-0.013535,-0.013648,0.001136,-0.00133,0.002218,0.004833,0.035777,0.022404,1.0,12.0,1,1,0,1.4071,trending,confirmed,failed_continuation_loser
250,Variant C Core,2022-07-21 02:00,2022-07-21 03:00,2022-07-22 09:00,Short,22700.2776,23490.8503,21486.2246,23502.5957,-155.8648,-1.0144,0.002832,-0.00456,-0.00219,-0.006886,0.008091,-0.006596,0.009767,0.012631,0.011234,0.014173,-0.001334,0.014745,12.0,24.0,0,0,0,-1.7051,chop,unconfirmed,toxic_loser
253,Variant C Core,2022-08-11 22:00,2022-08-11 23:00,2022-08-12 23:00,Short,23891.1673,24386.1119,23118.8321,24398.305,-160.9704,-1.0235,0.005909,0.002225,0.004532,-0.001006,0.013861,-0.012383,0.004388,0.003982,0.008239,0.006774,-0.00372,0.022922,12.0,24.0,1,0,0,-0.5383,trending,confirmed,failed_continuation_loser
254,Variant C Core,2022-08-15 06:00,2022-08-15 07:00,2022-08-17 13:00,Short,24131.3072,24595.7187,23404.9219,23416.6244,102.3081,1.4136,0.011235,0.006357,0.000953,0.008512,0.007472,0.008707,-0.002955,0.002237,0.006858,0.002217,0.000642,-0.003191,1.0,3.0,1,0,0,-0.1982,trending,confirmed,weak_winner
255,Variant C Core,2022-08-19 06:00,2022-08-19 07:00,2022-08-19 11:00,Short,21909.888,22343.3592,21281.5955,21292.2363,190.0962,1.3083,0.011268,0.011862,0.016773,0.024148,0.035458,0.029977,-0.000177,-0.004194,-0.006841,-0.016079,-0.021081,-0.024692,12.0,,1,1,0,-0.1526,trending,confirmed,weak_winner
256,Variant C Core,2022-08-29 17:00,2022-08-29 18:00,2022-08-30 14:00,Short,20277.0568,20579.1821,19720.4063,19730.2665,241.034,1.6333,0.010192,0.010246,0.007933,0.00491,-0.004431,0.030185,-0.004244,-0.004392,-0.002774,0.000264,0.007577,-0.023483,24.0,12.0,1,1,0,0.4891,trending,confirmed,elite_winner
257,Variant C Core,2022-09-06 19:00,2022-09-06 20:00,2022-09-07 19:00,Short,18822.5037,19182.6818,18299.5531,19192.2731,-167.032,-1.0253,-0.004914,-0.002497,0.002896,0.017134,0.00323,-0.008367,0.012968,0.008835,0.004521,-0.00025,0.001355,0.033338,6.0,24.0,1,0,0,0.1838,trending,confirmed,failed_continuation_loser
258,Variant C Core,2022-09-09 05:00,2022-09-09 06:00,2022-09-09 10:00,Long,20516.1633,20152.8352,21045.0012,21034.4787,189.858,1.2968,0.011398,0.022998,0.013084,0.038157,0.035491,0.051464,-0.003112,-0.004988,-0.005359,-0.019533,-0.029286,-0.045741,24.0,,1,1,0,0.8249,trending,confirmed,weak_winner
259,Variant C Core,2022-09-13 12:00,2022-09-13 13:00,2022-09-13 18:00,Short,21407.9866,22005.6104,20484.5844,20494.8267,217.4486,1.4406,0.025831,0.031717,0.03494,0.064345,0.057641,0.057683,-0.006959,-0.0159,-0.024056,-0.049887,-0.051382,-0.048005,6.0,,1,1,0,-0.5185,trending,confirmed,weak_winner
260,Variant C Core,2022-09-13 18:00,2022-09-13 19:00,2022-09-16 13:00,Short,20250.3301,20819.1842,19436.0553,19445.7733,204.0572,1.3314,0.001389,0.020263,0.009399,0.003769,0.006209,0.027028,0.007806,-0.00051,0.000339,0.002848,0.003317,-0.012954,24.0,1.0,1,1,0,-1.1244,trending,confirmed,weak_winner
261,Variant C Core,2022-09-19 02:00,2022-09-19 03:00,2022-09-19 06:00,Short,18764.3456,19099.6597,18276.0672,18285.2052,199.3902,1.3003,0.000391,0.025727,0.029276,0.021549,-0.014941,-0.020467,0.005306,0.003174,-0.010895,-0.01599,0.030699,0.037276,3.0,24.0,1,1,0,0.0,trending,confirmed,weak_winner
262,Variant C Core,2022-09-21 19:00,2022-09-21 20:00,2022-09-27 01:00,Short,18999.7808,19724.8004,17888.5494,19734.6628,-164.6373,-1.0133,0.03631,0.048184,0.031057,0.028026,0.005394,-0.012306,-0.004399,-0.026862,-0.022926,-0.012231,0.014706,0.018417,2.0,24.0,1,1,0,-1.1346,trending,confirmed,failed_continuation_loser
263,Variant C Core,2022-09-27 05:00,2022-09-27 06:00,2022-09-27 16:00,Long,20189.4903,19809.7447,20741.0657,19799.8399,-172.8405,-1.0248,0.00429,0.001462,0.001016,0.009188,-0.051596,-0.065316,0.001471,0.004596,0.005225,-0.000605,0.068748,0.075113,6.0,24.0,0,0,0,0.9765,chop,unconfirmed,toxic_loser
264,Variant C Core,2022-09-27 17:00,2022-09-27 18:00,2022-09-28 14:00,Short,18956.4375,19421.6423,18287.5357,19431.3531,-166.101,-1.0201,4.9e-05,0.000577,0.00236,-0.005474,0.014952,-0.016879,0.011213,0.007283,0.00597,0.014341,-0.004518,0.035574,12.0,24.0,1,1,0,-0.4631,trending,confirmed,failed_continuation_loser
265,Variant C Core,2022-10-13 16:00,2022-10-13 17:00,2022-10-14 01:00,Long,19067.913,18648.5743,19720.8885,19711.0281,214.9532,1.4233,0.022587,0.02029,0.022031,0.019178,0.040664,0.015738,-0.003398,-0.01267,-0.014615,-0.014794,-0.033695,-0.011144,12.0,,1,1,0,0.2714,trending,confirmed,weak_winner
266,Variant C Core,2022-10-25 19:00,2022-10-25 20:00,2022-10-25 20:00,Long,20256.5232,20016.9243,20613.8495,20006.9159,-179.5343,-1.0385,0.000705,-0.001541,-0.006759,-0.000816,0.02683,0.030019,0.00831,0.014115,0.011281,0.004696,-0.000665,-0.02133,24.0,2.0,1,1,1,0.0,trending,confirmed,whipsaw_loser
267,Variant C Core,2022-10-28 02:00,2022-10-28 03:00,2022-10-29 02:00,Long,20204.3754,19897.889,20768.5692,20758.1849,246.5811,1.6332,0.004584,0.003891,0.004723,0.000892,0.016141,0.030599,-0.001521,-0.000397,-0.002001,0.003132,-0.009801,-0.02356,24.0,6.0,1,1,0,0.9397,trending,confirmed,elite_winner
268,Variant C Core,2022-11-08 05:00,2022-11-08 06:00,2022-11-08 16:00,Short,19700.7811,20073.508,19159.4999,20083.5448,-171.1187,-1.0256,-0.000366,0.002456,0.00075,0.003512,0.069428,0.07227,0.007067,0.004412,0.004234,0.001864,-0.008588,-0.063778,24.0,1.0,1,1,0,-0.4611,trending,confirmed,failed_continuation_loser
269,Variant C Core,2022-11-09 15:00,2022-11-09 16:00,2022-11-09 21:00,Short,17105.3883,17907.2945,15974.9354,15982.9229,207.0087,1.3497,0.022121,0.041062,0.031142,0.096039,0.053824,-0.018995,0.005823,-0.006161,-0.00657,-0.061553,-0.036736,0.05154,6.0,24.0,1,1,0,-0.237,trending,confirmed,weak_winner
270,Variant C Core,2022-11-10 01:00,2022-11-10 02:00,2022-11-10 13:00,Long,16106.7771,15123.6248,17106.1752,17097.6221,153.422,0.9754,0.027934,0.022986,0.041052,0.051731,0.101158,0.077087,-0.003782,-0.004838,-0.022352,-0.021831,-0.079185,-0.056686,12.0,,1,1,0,-2.9449,trending,confirmed,weak_winner
272,Variant C Core,2022-11-18 02:00,2022-11-18 03:00,2022-11-20 11:00,Short,16916.1993,17153.6112,16477.9054,16486.1444,252.9285,1.6246,0.009169,0.008495,0.011007,0.011935,0.018692,0.018397,-0.003541,-0.004623,-0.006024,-0.009234,-0.012402,-0.015914,12.0,,1,1,0,-1.5989,trending,confirmed,elite_winner
273,Variant C Core,2022-12-15 01:00,2022-12-15 02:00,2022-12-16 08:00,Short,17640.4228,17941.9404,17166.0894,17174.6725,222.5641,1.4042,-0.003485,-0.002414,-0.002935,0.00135,0.013947,0.014837,0.006365,0.004902,0.005446,0.003712,-0.005551,-0.012501,24.0,1.0,1,1,0,-2.6821,trending,confirmed,weak_winner
274,Variant C Core,2022-12-20 15:00,2022-12-20 16:00,2022-12-28 21:00,Short,16919.2023,17137.5908,16514.1911,16522.4482,271.2492,1.6144,0.008582,0.009197,0.005337,0.004516,0.008683,0.0086,-0.004238,-0.003286,-0.000568,-0.000869,-0.005278,-0.003582,2.0,,1,1,0,-13.9844,trending,confirmed,elite_winner
276,Variant C Core,2023-01-12 20:00,2023-01-12 21:00,2023-01-13 21:00,Long,19032.6483,18648.905,19588.443,19578.6488,103.4117,1.3082,-0.005498,-0.006581,-0.007931,-0.008131,-0.005504,0.045824,0.013711,0.010264,0.0169,0.011204,0.010437,-0.017567,24.0,3.0,1,1,0,1.173,trending,confirmed,weak_winner
278,Variant C Core,2023-01-14 09:00,2023-01-14 10:00,2023-01-14 14:00,Short,20552.6321,21107.575,19977.225,21118.1287,-173.4787,-1.0183,0.002916,-0.001624,-0.012094,-0.009895,-0.015724,-0.007414,0.010635,0.021183,0.022244,0.015909,0.02418,0.011063,1.0,12.0,1,0,0,0.0,trending,confirmed,failed_continuation_loser
279,Variant C Core,2023-01-20 21:00,2023-01-20 22:00,2023-01-21 00:00,Long,22298.7789,21953.197,22805.3209,22793.9182,200.5572,1.2852,0.020235,0.023034,0.014177,0.015392,0.046246,0.040568,-0.012006,-0.005526,-0.011154,-0.009526,-0.01149,-0.017993,12.0,,1,1,0,1.0151,trending,confirmed,weak_winner
280,Variant C Core,2023-01-25 02:00,2023-01-25 03:00,2023-01-25 21:00,Long,22534.7427,22154.4321,23231.2439,23219.6282,262.239,1.644,0.00539,0.008749,0.008869,0.007617,0.00334,0.030666,-0.003584,-0.002896,-0.004223,-0.001343,0.00921,-0.024977,24.0,12.0,1,1,0,1.8712,trending,confirmed,elite_winner
281,Variant C Core,2023-02-12 19:00,2023-02-12 20:00,2023-02-12 22:00,Short,21994.0721,22158.2963,21676.5064,21687.3447,246.9538,1.5293,0.013611,0.017099,0.012679,0.017644,0.013871,0.020077,-0.001222,-0.008269,-0.007746,-0.010879,-0.005864,-0.015189,24.0,,1,1,0,0.0,trending,confirmed,elite_winner
283,Variant C Core,2023-02-16 23:00,2023-02-17 00:00,2023-02-17 14:00,Short,23538.3148,24136.6026,22611.5961,24148.6709,-179.8116,-1.0194,-0.004838,-0.009214,-0.009537,-0.00313,-0.009928,-0.04284,0.013581,0.013573,0.016415,0.009248,0.016029,0.053567,,24.0,0,0,0,-2.1611,chop,unconfirmed,toxic_loser
285,Variant C Core,2023-03-03 02:00,2023-03-03 03:00,2023-03-08 22:00,Short,22346.7244,22763.7832,21740.9011,21751.7716,216.8299,1.3033,0.005044,0.001142,0.001321,0.000619,0.005984,0.001549,0.00144,0.002339,0.002026,0.005695,0.00276,-0.000216,12.0,6.0,1,0,0,-4.3613,trending,confirmed,weak_winner
287,Variant C Core,2023-03-11 01:00,2023-03-11 02:00,2023-03-11 07:00,Long,20561.418,20066.8644,21328.9533,20056.831,-183.0448,-1.0195,-0.003605,-0.007851,-0.006649,-0.017577,-0.017821,-0.006829,0.012252,0.014659,0.012714,0.039342,0.024167,0.012797,,6.0,0,0,0,0.0,chop,unconfirmed,toxic_loser
288,Variant C Core,2023-03-12 21:00,2023-03-12 22:00,2023-03-12 22:00,Long,21252.2265,20843.9956,21844.4728,21833.5506,215.2993,1.3039,0.043844,0.063324,0.057301,0.056266,0.043185,0.141048,-0.016364,-0.02841,-0.0463,-0.045246,-0.02602,-0.133834,24.0,,1,1,0,0.0,trending,confirmed,weak_winner
289,Variant C Core,2023-03-13 14:00,2023-03-13 15:00,2023-03-13 15:00,Long,23461.1154,22810.7414,24392.5648,24380.3685,223.1913,1.3293,0.03293,0.031272,0.037888,0.033412,0.040633,0.107773,-0.013464,-0.016081,-0.023161,-0.025335,-0.032346,-0.098839,24.0,,1,1,0,0.0,trending,confirmed,weak_winner
290,Variant C Core,2023-03-14 12:00,2023-03-14 13:00,2023-03-14 18:00,Long,25857.0171,25132.9431,26893.6901,25120.3766,-184.6487,-1.0168,0.010515,0.005128,0.006524,-0.027007,-0.029741,-0.026957,0.007329,0.002979,0.005608,0.063233,0.045814,0.043308,1.0,6.0,1,0,0,0.6055,trending,confirmed,failed_continuation_loser
291,Variant C Core,2023-03-15 16:00,2023-03-15 17:00,2023-03-16 10:00,Short,24129.0049,24952.5762,22863.6357,24965.0525,-179.0456,-1.0147,-0.000891,-0.001338,-0.004613,-0.003879,-0.004376,-0.019727,0.016772,0.014936,0.012814,0.01293,0.014153,0.027933,,24.0,0,0,0,-1.5991,chop,unconfirmed,toxic_loser
292,Variant C Core,2023-03-17 10:00,2023-03-17 11:00,2023-03-17 22:00,Long,26681.3919,26105.7342,27513.1858,27499.4292,217.4959,1.3137,0.009318,0.00274,-0.002207,-0.000554,0.038038,0.02956,0.012233,0.011296,0.021041,0.011468,-0.021311,-0.023372,12.0,3.0,1,1,0,0.7546,trending,confirmed,weak_winner
293,Variant C Core,2023-04-10 22:00,2023-04-10 23:00,2023-04-11 00:00,Long,29565.2052,29192.1822,30118.8748,30103.8153,209.8154,1.2643,0.019905,0.027897,0.031314,0.019374,0.018738,0.023751,-0.000294,-0.005777,-0.014284,-0.006321,-0.016059,-0.019638,3.0,,1,1,0,0.8034,trending,confirmed,weak_winner
294,Variant C Core,2023-04-19 08:00,2023-04-19 09:00,2023-04-20 12:00,Short,29162.6335,29650.8003,28393.7996,28407.9965,240.5417,1.4025,0.003344,-0.001878,0.000125,0.005062,0.012435,0.01215,0.003397,0.005718,0.00471,0.008643,0.002358,-0.009061,12.0,6.0,1,1,0,-0.8352,trending,confirmed,weak_winner
296,Variant C Core,2023-04-26 19:00,2023-04-26 20:00,2023-04-26 21:00,Short,27885.858,28648.7319,26706.6522,28663.0563,-185.452,-1.0181,-0.006532,-0.009472,-0.012836,-0.030279,-0.031634,-0.056026,0.029196,0.030239,0.019872,0.04354,0.043131,0.06663,,24.0,1,0,1,0.0,trending,confirmed,whipsaw_loser
297,Variant C Core,2023-04-26 23:00,2023-04-27 00:00,2023-04-27 18:00,Long,28381.7898,27496.9588,29744.3117,29729.4396,245.0578,1.4446,0.033515,0.025305,0.023153,0.024787,0.023191,0.041344,-0.005292,-0.012276,-0.015355,-0.008136,-0.00945,-0.033638,24.0,,1,1,0,1.0013,trending,confirmed,weak_winner
298,Variant C Core,2023-05-10 14:00,2023-05-10 15:00,2023-05-10 17:00,Short,28091.9639,28422.8347,27474.5393,27488.2766,276.8623,1.6037,-0.001393,0.050739,0.026946,0.03257,0.02633,0.037693,0.00705,0.004127,-0.020158,-0.008257,-0.021222,-0.031171,2.0,1.0,1,1,0,-0.5379,trending,confirmed,elite_winner
301,Variant C Core,2023-06-06 16:00,2023-06-06 17:00,2023-06-06 19:00,Long,26347.7259,25960.3983,26961.6526,26948.1718,241.7306,1.3876,0.016262,0.033824,0.033182,0.038348,0.023766,0.007601,-0.010372,-0.01252,-0.020354,-0.028761,-0.019466,0.003398,6.0,24.0,1,1,0,0.0,trending,confirmed,weak_winner
304,Variant C Core,2023-06-20 19:00,2023-06-20 20:00,2023-06-21 01:00,Long,27959.7123,27541.4897,28574.231,28559.9439,219.5206,1.2825,0.012171,0.010808,0.015669,0.033151,0.033995,0.078241,-0.003619,-0.004663,-0.006416,-0.028015,-0.029453,-0.067436,24.0,,1,1,0,0.7214,trending,confirmed,weak_winner
306,Variant C Core,2023-08-09 16:00,2023-08-09 17:00,2023-08-16 12:00,Short,29519.0896,29817.8924,29034.1613,29048.6784,267.901,1.3431,0.002754,0.005186,0.005322,-0.000996,0.000816,0.007297,0.002063,0.000746,-0.000342,0.003408,0.003188,-0.002137,24.0,6.0,1,0,0,-31.732,trending,confirmed,weak_winner
308,Variant C Core,2023-08-23 20:00,2023-08-23 21:00,2023-08-24 17:00,Short,26591.4649,26932.0787,25958.9123,25971.8917,289.9063,1.615,0.011596,0.007678,0.006764,0.008558,0.006629,0.021919,-0.004252,-0.002688,-0.00209,-0.005621,-0.000871,-0.019148,24.0,,1,1,0,-0.6076,trending,confirmed,elite_winner
311,Variant C Core,2023-09-12 03:00,2023-09-12 04:00,2023-09-12 14:00,Long,25775.2989,25419.0841,26341.8739,26328.703,254.5246,1.3811,-8.9e-05,0.002681,0.00348,0.021556,0.03122,0.006301,0.00677,0.002611,0.00253,-0.002083,-0.010762,-0.002941,12.0,1.0,1,1,0,0.713,trending,confirmed,weak_winner
313,Variant C Core,2023-10-23 22:00,2023-10-23 23:00,2023-10-24 02:00,Long,33342.1245,32237.5345,34916.1132,34898.6552,250.0134,1.3385,0.012233,0.025729,0.058721,0.037663,0.046364,0.026359,0.015255,-0.003442,-0.02303,-0.013979,-0.032133,-0.011138,3.0,1.0,1,1,0,0.5569,trending,confirmed,weak_winner
316,Variant C Core,2023-11-21 17:00,2023-11-21 18:00,2023-11-21 23:00,Short,36931.9951,37605.9302,35875.1048,35893.0423,260.2612,1.4097,0.004522,0.002247,0.005808,0.035776,0.015518,0.010072,0.005337,0.006986,0.002675,-0.021472,-0.010072,0.009775,6.0,24.0,1,1,0,0.0,trending,confirmed,weak_winner
321,Variant C Core,2023-12-25 22:00,2023-12-25 23:00,2023-12-26 05:00,Short,43738.4948,44166.0599,43267.1401,43288.7736,157.3207,0.8616,0.007149,0.00628,0.006578,0.024886,0.025872,0.029795,-0.002364,-0.003221,-0.003498,-0.005729,-0.021471,-0.026658,24.0,,1,1,0,-7.8012,trending,confirmed,weak_winner
323,Variant C Core,2023-12-29 14:00,2023-12-29 15:00,2023-12-29 15:00,Short,43087.6446,43603.542,42527.658,42548.9218,155.3699,0.8868,0.028724,0.032669,0.02987,0.027663,0.028622,0.020246,-0.016214,-0.023226,-0.021694,-0.018552,-0.023966,-0.014256,2.0,,1,1,0,0.0,trending,confirmed,weak_winner
324,Variant C Core,2023-12-31 09:00,2023-12-31 10:00,2023-12-31 22:00,Short,42803.9612,43280.305,42285.095,42306.2375,159.8782,0.8764,0.006218,0.009881,0.009117,0.00791,0.016168,0.003338,-0.001835,-0.002569,-0.005265,-0.001457,-0.004076,-0.000209,12.0,,1,1,0,-5.3459,trending,confirmed,weak_winner
326,Variant C Core,2024-01-02 00:00,2024-01-02 01:00,2024-01-03 11:00,Long,45157.0977,44555.6677,46046.6504,44533.3899,-114.8603,-1.0345,0.005999,0.009033,0.007248,0.014963,0.013351,0.004918,0.005107,-0.000226,-0.000797,-0.001005,-0.003528,0.000507,6.0,1.0,1,1,0,8.5703,trending,confirmed,failed_continuation_loser
327,Variant C Core,2024-01-03 11:00,2024-01-03 12:00,2024-01-03 12:00,Short,43750.707,44612.37,42403.695,42424.8968,259.3129,1.4161,0.032921,0.038582,0.035577,0.041844,0.022724,0.014704,-0.021111,-0.027527,-0.016018,-0.015675,-0.017225,-0.006873,6.0,,1,1,0,0.0,trending,confirmed,weak_winner
329,Variant C Core,2024-01-08 18:00,2024-01-08 19:00,2024-01-09 12:00,Long,46946.4066,46037.4739,48265.6529,46014.4552,-102.3801,-1.0241,0.005042,0.00626,0.00419,-0.003182,7.4e-05,-0.001076,0.004852,0.005971,0.002644,0.013682,0.00438,0.008003,2.0,6.0,0,0,0,0.9286,chop,unconfirmed,toxic_loser
332,Variant C Core,2024-02-14 10:00,2024-02-14 11:00,2024-02-15 00:00,Long,51304.9437,50522.1834,52453.4008,52427.1741,111.9908,1.2838,0.011365,0.010743,0.015497,0.00886,0.01208,0.024258,-0.002923,-0.004601,-0.005478,-0.003798,-0.008657,-0.017021,24.0,,1,1,0,1.2816,trending,confirmed,weak_winner
334,Variant C Core,2024-02-17 16:00,2024-02-17 17:00,2024-02-17 21:00,Long,50955.1938,50364.1359,52059.9622,52033.9322,283.7461,1.6007,0.007354,0.010346,0.012635,0.016077,0.015206,0.020769,-0.00422,-0.00595,-0.007375,-0.013045,-0.012124,-0.01687,24.0,,1,1,0,0.0,trending,confirmed,elite_winner
336,Variant C Core,2024-02-26 19:00,2024-02-26 20:00,2024-02-27 01:00,Long,54503.9415,53803.7558,55541.7781,55514.0072,217.8919,1.266,0.005237,0.006441,0.003691,0.060107,0.036953,0.053417,0.002804,0.000248,0.000531,-0.021335,-0.028836,-0.040598,6.0,1.0,1,1,0,4.3428,trending,confirmed,weak_winner
339,Variant C Core,2024-02-28 10:00,2024-02-28 11:00,2024-02-28 13:00,Long,59309.8308,58344.7096,60720.9145,60690.554,226.3994,1.2898,0.003171,0.030639,0.033437,0.084137,0.057329,0.069988,0.006222,-0.000846,-0.008514,0.005224,-0.033485,-0.057005,6.0,1.0,1,1,0,0.0,trending,confirmed,weak_winner
341,Variant C Core,2024-02-29 11:00,2024-02-29 12:00,2024-02-29 17:00,Short,63051.2883,64966.1408,61073.4592,61103.9959,85.3636,0.9527,0.015881,0.003985,0.006953,0.041225,0.029371,0.017968,0.001407,0.008701,0.00472,-0.022807,-0.019176,-0.006357,6.0,2.0,1,1,0,-1.6448,trending,confirmed,weak_winner
342,Variant C Core,2024-03-01 20:00,2024-03-01 21:00,2024-03-03 07:00,Short,62968.3054,64313.7116,61560.0884,61590.8685,177.3846,0.9334,0.009662,0.009216,0.012721,0.01398,0.019959,0.017244,-0.003777,-0.002736,-0.007501,-0.007229,-0.014215,-0.014012,12.0,,1,1,0,-13.7394,trending,confirmed,weak_winner
346,Variant C Core,2024-03-04 19:00,2024-03-04 20:00,2024-03-05 05:00,Short,67516.9495,69098.6328,65867.7672,65900.7011,82.0082,0.9392,0.010425,0.003197,0.000955,-0.004192,0.028392,0.093527,0.002883,0.007155,0.016041,0.016622,-0.007822,-0.063614,24.0,6.0,1,1,0,-1.8084,trending,confirmed,weak_winner
347,Variant C Core,2024-03-05 13:00,2024-03-05 14:00,2024-03-05 16:00,Short,67885.818,69692.2938,66011.5062,66044.5119,169.429,0.9462,0.02065,0.049336,0.064604,0.098452,0.074486,0.02922,0.021568,-0.011627,-0.03212,-0.068702,-0.063687,-0.008644,6.0,1.0,1,1,0,-5.6513,trending,confirmed,weak_winner
348,Variant C Core,2024-03-05 16:00,2024-03-05 17:00,2024-03-05 19:00,Short,65654.6891,68039.2405,61995.8893,62026.8872,128.5786,1.4539,0.028983,0.099653,0.067815,0.036291,0.020737,-0.015921,9.2e-05,-0.020178,-0.037054,-0.019203,0.012854,0.026953,2.0,24.0,1,1,0,0.0,trending,confirmed,weak_winner
350,B Rescue,2024-03-06 05:00,2024-03-06 06:00,2024-03-11 07:00,Long,66409.8356,63636.339,70735.2414,70699.8738,215.5285,1.4584,0.006577,0.019872,0.01566,0.019274,0.01747,-0.002342,0.013271,-0.003482,0.004403,0.027019,-0.003857,0.010333,2.0,6.0,0,0,0,23.4572,chop,unconfirmed,weak_winner
352,Variant C Core,2024-03-11 20:00,2024-03-11 21:00,2024-03-12 16:00,Short,72222.0499,73603.9958,70768.0042,70803.3882,172.5628,0.926,-0.003479,0.001287,0.002253,0.012767,0.006594,0.02213,0.008695,0.004179,0.002805,0.001718,-0.000722,-0.014257,24.0,1.0,1,1,0,-12.4493,trending,confirmed,weak_winner
353,Variant C Core,2024-03-13 06:00,2024-03-13 07:00,2024-03-14 14:00,Short,72831.759,74157.175,71440.625,71476.3453,176.43,0.9174,-0.001405,-0.005331,-0.005008,0.015936,-2e-06,-0.004405,0.012676,0.011921,0.008969,0.004021,0.008099,0.014412,6.0,24.0,1,0,0,-15.7639,trending,confirmed,weak_winner
359,Variant C Core,2024-04-02 04:00,2024-04-02 05:00,2024-04-02 13:00,Short,66666.6,67962.0592,64788.04,64820.434,114.2161,1.3065,-0.00101,0.002873,0.007629,0.023379,0.020324,0.010674,0.007356,0.003992,0.001221,-0.008558,-0.014159,-0.003975,6.0,1.0,1,1,0,-0.4819,trending,confirmed,weak_winner
361,Variant C Core,2024-04-08 17:00,2024-04-08 18:00,2024-04-09 06:00,Short,71775.9042,72879.2145,70600.7855,70636.0859,154.9652,0.909,0.002299,0.003113,0.001264,0.005803,0.016383,0.041224,0.003473,0.001121,0.002607,0.000623,-0.006231,-0.037681,24.0,1.0,1,1,0,-2.2946,trending,confirmed,weak_winner
364,Variant C Core,2024-05-03 15:00,2024-05-03 16:00,2024-05-03 23:00,Long,61631.307,60487.1739,63293.9418,63262.2949,113.3464,1.3014,0.004876,0.005364,0.007269,0.021932,0.025033,0.03376,0.002169,-0.000323,0.001211,-0.015731,-0.016569,-0.028132,24.0,1.0,1,1,0,0.3767,trending,confirmed,weak_winner
365,Variant C Core,2024-05-15 15:00,2024-05-15 16:00,2024-05-15 19:00,Long,64652.9823,63663.7948,66104.535,66071.4827,223.1195,1.2845,0.006826,0.017723,0.026748,0.025011,0.020637,0.01789,-0.001173,-0.004115,-0.009406,-0.017772,-0.01733,-0.006566,3.0,,1,1,0,0.2663,trending,confirmed,weak_winner
367,B Rescue,2024-06-12 19:00,2024-06-12 20:00,2024-06-14 16:00,Short,67590.534,68798.628,65610.058,65642.8631,239.7181,1.4102,-0.007546,-0.010136,-0.007878,-0.001442,0.001363,0.015645,0.016305,0.014249,0.011418,0.008839,0.002347,-0.011165,24.0,1.0,1,1,0,-5.2025,trending,confirmed,weak_winner
372,Variant C Core,2024-07-08 14:00,2024-07-08 15:00,2024-07-09 08:00,Short,56197.0409,57801.9667,53719.5499,57830.8677,-181.917,-1.0174,0.014174,0.011112,0.001038,0.000296,-0.011477,-0.011849,-0.001752,0.002991,0.006281,0.010729,0.018716,0.022823,1.0,24.0,0,0,0,-1.7817,chop,unconfirmed,toxic_loser
375,Variant C Core,2024-08-02 14:00,2024-08-02 15:00,2024-08-03 00:00,Short,63177.114,64588.4865,60981.2703,61011.7609,236.8027,1.4257,0.003696,0.002194,0.006792,0.030424,0.030029,0.037626,0.006694,0.004145,0.000413,-0.007315,-0.019322,-0.017602,24.0,1.0,1,1,0,-1.4399,trending,confirmed,weak_winner
376,Variant C Core,2024-08-05 00:00,2024-08-05 01:00,2024-08-05 01:00,Short,56169.9138,57650.9861,54050.7249,54077.7502,111.2315,1.3245,0.046319,0.04308,0.050114,0.08621,0.117494,0.013618,-0.026408,-0.026393,-0.029053,-0.055283,-0.064364,0.001511,12.0,24.0,1,1,0,0.0,trending,confirmed,weak_winner
377,Variant C Core,2024-08-08 15:00,2024-08-08 16:00,2024-08-08 22:00,Long,59362.1784,57870.8989,61502.9681,61472.2167,223.1943,1.3224,0.008044,0.005287,0.007328,0.052859,0.033687,0.01797,0.001977,0.001039,0.002503,-0.020606,-0.022334,-0.00579,6.0,3.0,1,1,0,0.0765,trending,confirmed,weak_winner
378,Variant C Core,2024-08-23 20:00,2024-08-23 21:00,2024-08-23 21:00,Long,63548.9874,62565.2542,64991.0414,64958.5459,216.9819,1.2851,0.022833,0.011813,0.009741,0.006507,0.014532,0.009418,-0.005523,-0.004107,-0.004107,-0.00297,-0.009744,0.000414,1.0,24.0,1,1,0,0.0,trending,confirmed,weak_winner
387,Variant C Core,2024-11-01 15:00,2024-11-01 16:00,2024-11-04 17:00,Short,69415.7464,70689.003,67418.9954,67452.7049,232.068,1.4105,-0.000797,0.004693,0.008546,0.00253,-0.000822,0.001438,0.01143,0.003429,0.00081,0.000659,0.003087,0.002811,3.0,1.0,0,0,0,-8.4477,chop,unconfirmed,weak_winner
389,Variant C Core,2024-11-11 01:00,2024-11-11 02:00,2024-11-11 15:00,Short,81286.6054,82959.8102,79532.1898,83001.2901,-179.4396,-1.0236,0.003795,0.001587,0.010083,0.002891,-0.002569,-0.070964,0.008095,0.006113,0.004306,0.001544,0.017256,0.094232,3.0,24.0,0,0,0,-0.7784,chop,unconfirmed,toxic_loser
390,Variant C Core,2024-11-11 18:00,2024-11-11 19:00,2024-11-11 21:00,Long,85889.6244,84266.4646,88246.677,88202.5536,209.507,1.303,0.01848,0.030391,0.026693,0.043074,0.048673,0.045877,-0.002718,-0.00967,-0.007082,-0.02983,-0.037029,-0.032233,12.0,,1,1,0,0.0,trending,confirmed,weak_winner
391,Variant C Core,2024-11-12 01:00,2024-11-12 02:00,2024-11-12 10:00,Short,88658.0695,91065.4469,86162.1531,86205.2341,156.0452,0.9472,0.012442,0.010028,0.005731,-0.001879,0.038198,0.018007,-0.003689,0.004965,0.002502,0.009464,-0.01707,-0.003085,12.0,6.0,1,1,0,-2.6244,trending,confirmed,weak_winner
392,Variant C Core,2024-11-12 18:00,2024-11-12 19:00,2024-11-13 14:00,Short,88880.5918,91722.6542,85949.7458,91768.5156,-174.3387,-1.0156,0.001854,0.007854,0.014067,0.013128,0.026503,-0.01266,0.011694,0.009532,-0.002032,-0.002943,-0.015037,0.04561,12.0,24.0,1,0,0,-1.0021,trending,confirmed,failed_continuation_loser
393,Variant C Core,2024-11-13 15:00,2024-11-13 16:00,2024-11-13 19:00,Long,92561.6457,90211.4543,95936.7746,90166.3486,-177.6425,-1.0185,0.00351,0.006871,0.004027,-0.02892,-0.024886,-0.035454,0.008229,0.006838,0.027612,0.045063,0.034872,0.05409,2.0,24.0,0,0,0,1.3838,chop,unconfirmed,toxic_loser
394,Variant C Core,2024-11-14 16:00,2024-11-14 17:00,2024-11-19 17:00,Long,89181.1296,86568.3567,93212.2149,93165.6088,219.5106,1.4416,0.006535,0.005873,0.003605,-0.015305,-0.01411,0.009137,0.002569,0.000437,0.017463,0.027664,0.020796,-0.00019,24.0,6.0,1,0,0,13.2683,trending,confirmed,weak_winner
395,Variant C Core,2024-12-05 02:00,2024-12-05 03:00,2024-12-05 03:00,Long,101489.9085,99564.3101,104285.4471,104233.3044,212.3248,1.3032,0.021744,0.02079,0.012932,0.017135,0.020791,-0.036093,-0.011052,-0.004383,-0.000432,-0.011499,0.005491,0.041908,1.0,24.0,1,1,0,0.0,trending,confirmed,weak_winner
397,Variant C Core,2024-12-05 19:00,2024-12-05 20:00,2024-12-05 22:00,Short,99160.9619,101623.839,95343.2415,95390.9131,240.8024,1.4329,0.00306,0.090368,0.038296,0.016401,0.010875,-0.019883,0.003852,-0.000564,-0.016206,-0.009506,-0.003989,0.028518,2.0,24.0,1,1,0,0.0,trending,confirmed,weak_winner
398,Variant C Core,2024-12-05 22:00,2024-12-05 23:00,2024-12-06 17:00,Short,96664.8683,99828.7224,92155.3189,99878.6368,-179.1452,-1.0153,0.002435,-0.00527,-0.008997,-0.010734,-0.012415,-0.025305,0.011846,0.022694,0.01607,0.017501,0.017926,0.04129,1.0,24.0,0,0,0,-1.8045,chop,unconfirmed,toxic_loser
399,Variant C Core,2024-12-18 06:00,2024-12-18 07:00,2024-12-18 20:00,Long,103699.3968,101928.4602,106941.2696,101877.496,-96.1113,-1.0272,0.006332,0.006769,0.009836,0.014712,0.010559,-0.01933,0.000149,-0.000622,-0.002417,-0.00757,0.008894,0.025176,6.0,24.0,1,0,0,0.938,trending,confirmed,failed_continuation_loser
401,Variant C Core,2025-01-07 17:00,2025-01-07 18:00,2025-01-08 06:00,Short,97299.4022,98628.9529,95336.9377,95384.6062,211.8683,1.2739,0.010314,0.011782,0.009668,0.006475,0.021317,0.036804,-0.00133,-0.004624,-0.002314,-0.000588,-0.007132,-0.02281,24.0,,1,1,0,-0.9825,trending,confirmed,weak_winner
403,Variant C Core,2025-01-13 20:00,2025-01-13 21:00,2025-01-14 09:00,Long,93495.1113,91465.4941,96656.5088,96608.1806,237.054,1.4221,0.012685,0.011725,0.014514,0.016894,0.041273,0.033744,-0.00647,-0.006937,-0.008667,-0.013771,-0.020524,-0.029675,12.0,,1,1,0,1.5454,trending,confirmed,weak_winner
405,Variant C Core,2025-01-19 21:00,2025-01-19 22:00,2025-01-19 23:00,Short,103739.2356,105593.3847,100828.423,100878.8372,235.7813,1.4081,0.0399,0.040855,0.0399,0.021397,-0.039147,0.018411,-0.00327,-0.020267,-0.026739,-0.009123,0.048494,0.000699,2.0,12.0,1,1,0,0.0,trending,confirmed,weak_winner
407,Variant C Core,2025-01-20 06:00,2025-01-20 07:00,2025-01-20 16:00,Long,107497.4949,104001.1937,112883.2094,103949.1931,-181.3384,-1.0144,0.008505,0.016775,0.011838,0.00627,-0.032917,-0.046834,0.003326,-0.000768,-0.002817,0.007473,0.044387,0.053177,2.0,24.0,1,0,0,1.0176,trending,confirmed,failed_continuation_loser
408,Variant C Core,2025-01-20 17:00,2025-01-20 18:00,2025-02-02 22:00,Short,102994.892,107484.0872,96127.3692,96175.4329,254.5498,1.4626,0.002611,-0.003255,0.00426,0.018398,0.018371,-0.027797,0.009361,0.0128,0.010341,-0.003148,-0.007869,0.041232,6.0,24.0,1,0,0,-11.3529,trending,confirmed,weak_winner
411,Variant C Core,2025-02-25 07:00,2025-02-25 08:00,2025-02-25 10:00,Short,89307.4182,90994.3402,86858.1219,86901.551,216.6058,1.3043,0.012134,0.028076,0.01948,0.025425,0.019364,0.013609,0.002716,-0.005099,-8.3e-05,0.00045,-0.003769,-0.006067,2.0,1.0,1,1,0,-0.4539,trending,confirmed,weak_winner
412,Variant C Core,2025-02-26 19:00,2025-02-26 20:00,2025-02-27 06:00,Short,83873.8901,86057.6868,80740.7684,86100.7156,-182.7764,-1.019,0.00534,-0.002958,-0.000168,-0.003435,-0.023656,0.014389,0.014658,0.017981,0.010343,0.015465,0.030118,0.003037,24.0,12.0,1,0,0,-0.6445,trending,confirmed,failed_continuation_loser
413,Variant C Core,2025-02-28 01:00,2025-02-28 02:00,2025-02-28 08:00,Short,81646.7652,83675.5571,78733.5263,78772.893,222.1284,1.3231,0.017335,0.028727,0.031192,0.042213,0.007466,-0.032651,-0.001687,-0.008658,-0.01389,-0.027355,0.01045,0.048884,6.0,24.0,1,1,0,-0.6153,trending,confirmed,weak_winner
414,Variant C Core,2025-02-28 15:00,2025-02-28 16:00,2025-03-02 15:00,Long,83906.1099,81230.0227,88025.2159,87981.2033,243.8201,1.446,0.005318,0.014044,0.010177,0.006377,0.031111,0.015838,0.004059,0.008972,-0.003062,0.0009,-0.016093,-0.00889,12.0,2.0,1,0,0,-0.8724,trending,confirmed,weak_winner
416,Variant C Core,2025-03-03 14:00,2025-03-03 15:00,2025-03-03 20:00,Short,89284.4953,91792.4159,85407.8762,85450.5802,246.7614,1.4419,-0.00415,-0.00647,0.028947,0.047662,0.064226,0.090548,0.016137,0.018756,0.012598,-0.030607,-0.054533,-0.066611,24.0,2.0,1,1,0,-0.3196,trending,confirmed,weak_winner
418,Variant C Core,2025-03-04 18:00,2025-03-04 19:00,2025-03-06 01:00,Long,86665.5477,83729.6339,91177.7991,91132.2102,253.017,1.449,0.024629,0.02614,0.014565,0.012577,0.011798,0.039853,-5.1e-05,0.001402,-0.008228,0.001207,-0.007425,-0.031898,24.0,2.0,1,1,0,0.8059,trending,confirmed,weak_winner
422,B Rescue,2025-04-02 22:00,2025-04-02 23:00,2025-04-06 18:00,Short,82866.9142,84838.7227,79702.6659,79742.5173,238.7849,1.4315,0.008805,-0.002209,-0.004472,-0.005226,-0.001707,0.004941,0.006012,0.012336,0.011802,0.009771,0.005489,0.005202,1.0,2.0,1,0,0,-4.0681,trending,confirmed,weak_winner
423,Variant C Core,2025-04-06 19:00,2025-04-06 20:00,2025-04-06 22:00,Short,79612.3328,80710.3436,77992.4006,78031.3968,223.6705,1.275,0.011757,0.023236,0.031419,0.015727,0.057286,0.019499,0.00061,-0.006424,-0.011678,-0.00531,-0.035384,-0.006435,12.0,1.0,1,1,0,0.0,trending,confirmed,weak_winner
427,Variant C Core,2025-04-22 21:00,2025-04-22 22:00,2025-04-25 14:00,Long,92927.6793,91480.7413,95048.6871,95001.1628,111.7138,1.286,0.009657,0.010085,0.00578,0.007646,0.009981,0.00881,0.001917,0.002127,0.004043,-0.000392,-0.003796,-0.002735,2.0,3.0,1,1,0,-0.126,trending,confirmed,weak_winner
432,Variant C Core,2025-06-23 17:00,2025-06-23 18:00,2025-06-23 22:00,Long,102384.2133,100574.6438,105227.0342,105174.4207,234.5389,1.4057,0.007909,0.014512,0.017456,0.029984,0.033127,0.035713,-0.002254,-0.004241,-0.011595,-0.024091,-0.027312,-0.030053,24.0,,1,1,0,0.0,trending,confirmed,weak_winner
434,Variant C Core,2025-07-15 00:00,2025-07-15 01:00,2025-07-15 03:00,Short,119518.0987,120929.5075,117251.7388,117310.3647,233.3084,1.3642,0.014099,0.022156,0.027536,0.026332,0.019959,0.016256,-0.005396,-0.010595,-0.016628,-0.01886,-0.00852,-0.010956,3.0,,1,1,0,0.0,trending,confirmed,weak_winner
436,Variant C Core,2025-07-16 00:00,2025-07-16 01:00,2025-07-17 21:00,Long,118055.4264,116286.333,120856.7505,120796.3221,234.2885,1.3897,-0.002427,-0.004412,-0.003012,0.002047,0.00722,0.008444,0.008795,0.007045,0.006804,0.000324,-0.000852,0.003319,24.0,1.0,1,1,0,5.6879,trending,confirmed,weak_winner
437,Variant C Core,2025-08-14 10:00,2025-08-14 11:00,2025-08-14 12:00,Short,121013.2924,122408.7066,118769.1901,118828.5747,238.1599,1.3611,0.029776,0.027599,0.025667,0.029546,0.023447,0.018084,0.001169,-0.014783,-0.014043,-0.024132,-0.021016,-0.016257,1.0,1.0,1,1,0,0.0,trending,confirmed,weak_winner
438,B Rescue,2025-08-27 17:00,2025-08-27 18:00,2025-08-29 07:00,Short,112398.5453,113520.2184,110126.6678,110181.7311,274.6917,1.5879,0.007976,0.013738,0.009572,0.014124,-0.002364,0.001978,-0.001998,-0.000266,2.6e-05,-0.008057,0.007489,0.002347,6.0,12.0,1,1,0,-3.7482,trending,confirmed,elite_winner
441,B Rescue,2025-09-17 18:00,2025-09-17 19:00,2025-09-18 03:00,Long,115068.8375,114075.7573,117123.6997,117065.1379,66.2886,1.5639,0.008823,0.008767,0.014801,0.015311,0.018221,0.023388,-0.003146,-0.001636,-0.007871,-0.01054,-0.016783,-0.017939,24.0,,1,1,0,0.2769,trending,confirmed,elite_winner
444,Variant C Core,2025-10-10 20:00,2025-10-10 21:00,2025-10-10 21:00,Short,114257.4433,116204.5458,111411.1308,111466.8364,225.0915,1.2985,0.028331,0.013736,0.023433,0.021946,0.026649,0.041629,-0.001632,0.005008,-0.009756,-0.008379,-0.021022,-0.028914,24.0,2.0,1,1,0,0.0,trending,confirmed,weak_winner
450,Variant C Core,2025-12-02 16:00,2025-12-02 17:00,2025-12-03 02:00,Long,90668.4408,89171.0492,92856.7484,92810.32,223.9825,1.2915,0.017484,0.017699,0.013404,0.014064,0.032691,0.025715,-0.006964,-0.012381,0.000275,-0.006205,-0.026288,-0.01645,12.0,3.0,1,1,0,-0.1806,trending,confirmed,weak_winner
454,Variant C Core,2025-12-16 15:00,2025-12-16 16:00,2025-12-17 05:00,Long,87892.3197,86370.4586,90285.0622,86327.2733,-96.107,-1.0268,-0.001015,0.000998,-0.001499,8.7e-05,-0.006047,-0.001764,0.009584,0.009973,0.007363,0.003324,0.013846,0.020068,2.0,24.0,1,1,0,0.2633,trending,confirmed,failed_continuation_loser
456,B Rescue,2025-12-19 03:00,2025-12-19 04:00,2025-12-22 08:00,Long,86776.2401,85022.6851,89623.7224,89578.9105,109.2406,1.4185,0.004883,0.007764,0.01832,0.017948,0.024336,0.017491,0.001433,-0.001099,-0.007606,-0.01277,-0.012279,-0.014862,12.0,1.0,1,1,0,2.2497,trending,confirmed,weak_winner
457,Variant C Core,2026-01-06 16:00,2026-01-06 17:00,2026-01-06 21:00,Short,92697.605,93745.9433,91009.3351,93792.8162,-100.6958,-1.0411,0.016059,0.009009,0.006855,-0.006278,0.002586,0.018373,-0.005246,-0.00354,-0.000312,0.011282,0.001299,-0.011193,24.0,6.0,1,1,0,0.0,trending,confirmed,failed_continuation_loser
459,Variant C Core,2026-01-09 15:00,2026-01-09 16:00,2026-01-13 15:00,Long,91092.2166,89884.4688,93017.5468,92971.038,221.0377,1.3762,0.006003,0.004117,-0.003512,-0.004529,-0.005294,-0.004436,0.00145,0.008998,0.010398,0.008474,0.00813,0.005815,1.0,3.0,1,0,0,7.2193,trending,confirmed,weak_winner
460,Variant C Core,2026-01-15 19:00,2026-01-15 20:00,2026-01-19 00:00,Short,95516.9215,96894.6191,93331.0713,93377.7369,120.487,1.3874,0.003893,0.000726,0.001616,0.001748,-9.7e-05,0.009285,0.00087,0.003359,0.001801,0.001379,0.003016,0.00011,24.0,2.0,1,0,0,-3.0638,trending,confirmed,weak_winner
462,Variant C Core,2026-01-29 18:00,2026-01-29 19:00,2026-01-30 01:00,Short,83482.4991,84866.1963,81461.3218,81502.0525,217.1626,1.2931,-0.003631,-0.008227,-0.009449,0.029737,0.012588,-0.00471,0.010705,0.013663,0.013146,0.008086,-0.004888,0.013374,6.0,2.0,1,1,0,-0.4064,trending,confirmed,weak_winner
463,Variant C Core,2026-01-31 17:00,2026-01-31 18:00,2026-01-31 18:00,Short,78896.4176,80477.1266,76607.0631,76645.3667,222.3919,1.3089,0.02221,0.023558,0.019942,0.003755,0.008561,0.015303,-0.004681,-0.010018,-0.007169,0.006342,-0.001329,-0.006018,2.0,6.0,1,1,0,0.0,trending,confirmed,weak_winner
466,Variant C Core,2026-02-04 17:00,2026-02-04 18:00,2026-02-05 05:00,Short,72580.508,74299.9243,70105.6941,70140.7469,223.0039,1.3211,-0.005835,-0.011154,0.005931,-0.001977,0.030496,0.099495,0.019384,0.021502,0.014487,0.009913,-0.022396,-0.083512,24.0,2.0,1,1,0,-0.3274,trending,confirmed,weak_winner
467,Variant C Core,2026-02-05 15:00,2026-02-05 16:00,2026-02-05 20:00,Short,67485.7183,69606.1942,64459.8247,64492.0546,230.7106,1.3375,0.020163,0.031512,0.034462,0.07174,0.052767,-0.012777,0.012786,-0.014322,-0.012898,-0.042892,-0.037207,0.040054,6.0,24.0,1,1,0,-0.0162,trending,confirmed,weak_winner
468,Variant C Core,2026-02-06 14:00,2026-02-06 15:00,2026-02-08 23:00,Long,68115.0168,65512.6822,71810.7913,71774.8859,235.9899,1.3449,0.030445,0.048985,0.039009,0.03435,0.040879,0.024398,-0.00342,-0.020862,-0.017423,-0.024219,-0.031159,-0.005944,2.0,,1,1,0,-2.5281,trending,confirmed,weak_winner
470,Variant C Core,2026-02-25 01:00,2026-02-25 02:00,2026-02-25 16:00,Long,65827.4067,64557.936,67814.0959,67780.1889,244.9067,1.413,0.001539,-0.003037,-0.005153,-0.004214,0.017593,0.038267,0.007852,0.011751,0.016817,0.013637,-0.005344,-0.02931,24.0,3.0,1,1,0,0.1201,trending,confirmed,weak_winner
471,Variant C Core,2026-02-25 16:00,2026-02-25 17:00,2026-02-25 21:00,Long,68215.716,67097.6318,69850.2724,69815.3473,225.199,1.2908,0.019286,0.016996,0.016628,0.006589,0.00467,-0.017429,-0.001822,-0.007404,-0.005163,0.009656,0.00199,0.024156,1.0,24.0,1,1,0,0.0,trending,confirmed,weak_winner
472,Variant C Core,2026-02-28 18:00,2026-02-28 19:00,2026-03-01 02:00,Long,65839.8942,64441.8969,68019.6547,67985.6449,252.875,1.4208,0.019716,0.01777,0.028784,0.02805,0.020676,0.00738,-0.00471,-0.007439,-0.011227,0.000424,-0.013943,0.001365,3.0,24.0,1,1,0,-0.3617,trending,confirmed,weak_winner
473,Variant C Core,2026-03-02 00:00,2026-03-02 01:00,2026-03-02 15:00,Long,66439.2942,64861.6131,68888.8304,68854.386,258.2409,1.4284,0.002193,0.008664,0.007687,-0.003859,-0.004928,0.041877,0.008983,0.005543,-0.00242,0.014002,0.016848,-0.034289,24.0,12.0,1,1,0,-0.0223,trending,confirmed,weak_winner
475,Variant C Core,2026-03-03 15:00,2026-03-03 16:00,2026-03-04 08:00,Long,67658.5737,66036.642,70176.287,70141.1988,258.6008,1.4292,0.010632,0.018127,0.017547,0.012222,0.003966,0.085938,0.001123,-0.004074,-0.008889,-0.004699,0.003498,-0.071072,24.0,12.0,1,1,0,-0.194,trending,confirmed,weak_winner
477,Variant C Core,2026-03-06 17:00,2026-03-06 18:00,2026-03-08 22:00,Short,67964.4966,69168.7022,66211.2525,66244.3582,240.6742,1.2988,-4e-05,0.003436,0.001086,-0.00163,0.0058,0.008306,0.007143,0.004333,0.005034,0.006,0.000493,-0.003159,24.0,1.0,0,0,0,0.4568,chop,unconfirmed,weak_winner
484,Variant C Core,2026-05-26 14:00,2026-05-26 15:00,2026-05-27 04:00,Short,76912.0352,77780.4026,75513.3961,75551.1528,245.3535,1.3585,0.009635,0.014335,0.015616,0.014165,0.017643,0.025509,-0.003034,-0.003733,-0.008001,-0.010658,-0.012638,-0.018542,24.0,,1,1,0,-2.4138,trending,confirmed,weak_winner
485,Variant C Core,2026-05-29 18:00,2026-05-29 19:00,2026-06-01 13:00,Short,73379.5062,74335.1533,71854.77,71890.6974,256.4705,1.3757,-0.00129,0.000131,0.000476,-0.0007,-0.000939,-0.007569,0.004847,0.006128,0.002154,0.003358,0.002392,0.009069,3.0,24.0,0,0,0,-5.5769,chop,unconfirmed,weak_winner
486,Variant C Core,2026-06-02 15:00,2026-06-02 16:00,2026-06-03 03:00,Short,67307.6404,68288.0587,65865.5852,65898.5179,237.7385,1.2808,-0.000555,0.003263,0.013663,0.016308,0.022527,0.026733,0.00764,0.004962,0.002475,0.003335,-0.010592,-0.014088,24.0,1.0,1,1,0,-2.0654,trending,confirmed,weak_winner
487,Variant C Core,2026-06-04 00:00,2026-06-04 01:00,2026-06-04 02:00,Short,63346.0828,64677.0303,61421.858,61452.5689,245.4571,1.3127,0.031593,0.002516,-0.014001,-0.00164,0.004863,0.00529,0.003988,0.018151,0.022002,0.010983,0.013845,0.00318,1.0,3.0,1,1,0,0.0,trending,confirmed,weak_winner
